SSID_MAC주소,지하철역명,지하철호선ID
00:25:a6:a4:f4:82,신반포,1009
00:40:5a:af:24:33,신반포,1009
12:16:1f:03:6d:ae,신반포,1009
00:25:a6:a4:f9:00,신반포,1009
00:40:5a:af:2c:c3,신반포,1009
00:25:a6:a4:f8:ff,신반포,1009
00:40:5a:af:2c:c2,신반포,1009
00:40:5a:af:2d:82,신반포,1009
02:30:0d:58:91:d8,신반포,1009
00:30:0d:84:54:f0,교대,1003
0a:30:0d:84:54:f2,교대,1003
00:30:0d:84:f7:20,교대,1003
06:17:b2:04:42:a6,교대,1003
04:17:b2:04:42:a4,교대,1003
00:07:89:0f:d9:bd,교대,1003
00:07:89:0f:d9:d9,교대,1003
06:30:0d:84:54:e2,교대,1003
06:30:0d:84:f9:02,교대,1003
02:07:89:0f:d9:d9,교대,1003
02:17:b2:02:42:a6,교대,1003
0a:30:0d:84:f9:12,교대,1003
02:17:b2:02:42:a4,교대,1003
00:30:0d:84:f9:10,교대,1003
0a:30:0d:75:cf:91,신당,1006
02:17:b2:02:71:0e,신당,1006
00:30:0d:84:43:00,노원,1007
00:07:89:0f:d8:b0,노원,1007
06:17:b2:04:72:12,노원,1007
04:17:b2:04:72:10,노원,1007
12:16:1f:03:80:6b,마들,1007
12:16:1f:03:80:6a,마들,1007
00:25:a6:a4:37:ad,마들,1007
00:40:5a:bf:c0:ca,마들,1007
12:16:1f:03:6a:17,마들,1007
12:16:1f:03:6a:16,마들,1007
00:16:1f:03:80:6b,마들,1007
00:16:1f:03:80:6a,마들,1007
00:25:a6:a4:37:ae,마들,1007
00:40:5a:bf:c0:cb,마들,1007
12:16:1f:03:5c:47,마들,1007
00:16:1f:03:6a:16,마들,1007
00:16:1f:03:5c:47,마들,1007
00:16:1f:03:6a:17,마들,1007
00:25:a6:a5:1b:32,마들,1007
00:25:a6:a4:56:b1,마들,1007
58:08:fa:00:2f:ba,압구정로데오,1075
5a:08:fa:00:40:86,압구정로데오,1075
10:e3:c7:04:2c:f4,압구정로데오,1075
12:e3:c7:04:2c:e3,압구정로데오,1075
58:08:fa:00:30:26,압구정로데오,1075
12:e3:c7:04:2c:8c,압구정로데오,1075
58:08:fa:00:40:87,압구정로데오,1075
10:e3:c7:04:2c:e4,압구정로데오,1075
10:e3:c7:04:2c:e3,압구정로데오,1075
10:e3:c7:04:2c:f3,압구정로데오,1075
10:e3:c7:04:2a:23,압구정로데오,1075
10:e3:c7:04:2c:df,압구정로데오,1075
5a:08:fa:00:40:87,압구정로데오,1075
0e:0e:47:01:24:32,압구정로데오,1075
58:08:fa:00:2f:d6,압구정로데오,1075
58:08:fa:00:40:86,압구정로데오,1075
12:e3:c7:04:2c:8b,압구정로데오,1075
12:e3:c7:04:2c:df,압구정로데오,1075
5a:08:fa:00:2f:ba,압구정로데오,1075
5a:08:fa:00:2f:bb,압구정로데오,1075
0a:30:0d:84:59:12,강남구청,1075
06:30:0d:84:59:02,강남구청,1075
5a:08:fa:00:17:ef,강남구청,1075
00:30:0d:84:59:00,강남구청,1075
06:30:0d:84:59:42,강남구청,1075
0e:0e:47:01:2b:72,강남구청,1075
0a:30:0d:84:59:52,강남구청,1075
00:30:0d:84:59:40,강남구청,1075
00:30:0d:84:59:50,강남구청,1075
0a:0e:47:01:2b:72,강남구청,1075
06:0e:47:01:2b:72,강남구청,1075
0a:30:0d:84:59:72,강남구청,1075
00:30:0d:84:59:70,강남구청,1075
58:08:fa:00:3f:d7,강남구청,1075
5a:08:fa:00:3f:d7,강남구청,1075
06:30:0d:84:59:62,강남구청,1075
00:30:0d:84:59:60,강남구청,1075
06:30:0d:84:fa:02,강남구청,1075
58:08:fa:00:3f:d6,강남구청,1075
06:30:0d:84:58:c2,강남구청,1075
02:07:89:14:47:a9,석계,1006
00:40:5a:bf:c7:ea,석계,1006
06:30:0d:7f:36:e1,석계,1006
02:07:89:14:47:ed,석계,1006
02:07:89:14:47:f0,석계,1006
00:40:5a:bf:c7:eb,석계,1006
00:30:0d:7f:36:e0,석계,1006
0a:30:0d:7f:36:f1,석계,1006
00:30:0d:7f:36:f0,석계,1006
00:07:89:14:47:ec,석계,1006
00:07:89:14:47:a8,석계,1006
02:07:89:14:47:a8,석계,1006
0a:30:0d:84:55:b2,태릉입구,1006
06:30:0d:84:55:a2,태릉입구,1006
0a:30:0d:84:4d:d2,태릉입구,1006
06:30:0d:84:4d:c2,태릉입구,1006
00:30:0d:84:55:b0,태릉입구,1006
02:09:b4:61:46:63,태릉입구,1006
00:30:0d:84:4d:d0,태릉입구,1006
00:30:0d:84:4d:c0,태릉입구,1006
00:09:b4:61:46:63,태릉입구,1006
00:40:5a:bf:b2:12,태릉입구,1006
00:30:0d:84:55:a0,태릉입구,1006
00:40:5a:bf:b2:13,태릉입구,1006
06:30:0d:84:4c:c2,태릉입구,1006
00:30:0d:84:4c:c0,태릉입구,1006
00:40:5a:bf:98:eb,태릉입구,1006
0a:30:0d:84:4c:d2,태릉입구,1006
06:30:0d:83:a4:22,태릉입구,1006
00:16:1f:03:85:2e,구산,1006
00:40:5a:bc:2f:32,구산,1006
00:40:5a:bc:2b:32,구산,1006
00:40:5a:bc:2b:33,구산,1006
00:25:a6:a5:19:66,구산,1006
00:25:a6:a5:19:67,구산,1006
00:40:5a:bc:2f:33,구산,1006
00:25:a6:a5:22:c7,구산,1006
00:16:1f:03:85:2f,구산,1006
00:25:a6:a5:0f:9e,구산,1006
00:25:a6:a5:0f:9d,구산,1006
00:25:a6:a5:22:c6,구산,1006
12:16:1f:03:6e:9f,응암,1006
12:16:1f:03:4a:ef,응암,1006
00:16:1f:03:4a:ef,응암,1006
00:40:5a:bc:35:ca,응암,1006
00:16:1f:03:61:d6,응암,1006
12:16:1f:03:61:d6,응암,1006
00:40:5a:bc:35:cb,응암,1006
00:25:a6:a4:2f:a7,응암,1006
00:40:5a:bc:2a:93,응암,1006
00:16:1f:03:4a:ee,응암,1006
12:16:1f:03:4a:ee,응암,1006
00:25:a6:a4:5d:9b,응암,1006
00:40:5a:bc:2f:52,응암,1006
00:40:5a:bc:2f:53,응암,1006
12:16:1f:03:47:82,응암,1006
00:16:1f:03:47:82,응암,1006
00:40:5a:bc:40:62,응암,1006
00:16:1f:03:6e:9e,응암,1006
12:16:1f:03:61:d7,응암,1006
12:16:1f:03:47:83,응암,1006
00:25:a6:a4:65:52,응암,1006
00:25:a6:a4:65:53,응암,1006
12:16:1f:03:6e:9e,응암,1006
00:25:a6:a4:5d:78,응암,1006
00:25:a6:a4:2f:a6,응암,1006
00:25:a6:a4:5d:9c,응암,1006
12:16:1f:03:28:46,응암,1006
00:16:1f:03:6e:9f,응암,1006
00:16:1f:03:61:d7,응암,1006
00:16:1f:03:47:83,응암,1006
00:16:1f:03:28:47,응암,1006
00:40:5a:bc:40:43,응암,1006
00:40:5a:bc:2a:92,응암,1006
06:17:b2:04:70:ce,응암,1006
00:25:a6:a4:5d:79,응암,1006
00:40:5a:bc:40:63,응암,1006
00:07:89:10:51:4b,응암,1006
00:07:89:10:5b:40,응암,1006
12:16:1f:03:28:47,응암,1006
00:40:5a:bc:40:42,응암,1006
00:16:1f:03:28:46,응암,1006
00:25:a6:a4:5e:d6,응암,1006
12:16:1f:03:52:fe,응암,1006
12:16:1f:03:74:4b,새절,1006
12:16:1f:03:2b:53,새절,1006
02:07:89:14:6f:88,미아삼거리,1004
12:16:1f:03:a0:2b,미아,1004
00:40:5a:c0:28:ca,모란,1075
00:40:5a:c0:51:82,모란,1075
06:30:0d:85:09:a2,모란,1075
02:09:b4:61:1d:57,모란,1075
02:09:b4:61:1b:f7,모란,1075
00:40:5a:c0:4d:6b,모란,1075
00:30:0d:84:fd:c0,모란,1075
00:30:0d:85:09:a0,모란,1075
00:40:5a:c0:30:e2,모란,1075
02:09:b4:61:01:56,모란,1075
00:09:b4:61:01:56,모란,1075
00:09:b4:61:1d:56,모란,1075
02:09:b4:61:12:66,모란,1075
02:09:b4:61:24:d3,모란,1075
00:40:5a:c0:4d:6a,모란,1075
00:09:b4:61:24:d2,모란,1075
02:09:b4:61:1b:f6,모란,1075
02:09:b4:61:1d:56,모란,1075
02:09:b4:61:24:d2,모란,1075
0a:30:0d:84:68:f2,모란,1075
00:30:0d:84:68:e0,모란,1075
00:30:0d:84:68:f0,모란,1075
00:09:b4:61:1d:bf,모란,1075
00:40:5a:c0:51:83,모란,1075
00:07:89:14:61:81,야탑,1075
12:16:1f:03:83:ae,야탑,1075
12:16:1f:03:83:af,야탑,1075
00:40:5a:c8:51:c2,야탑,1075
00:07:89:14:61:91,야탑,1075
00:07:89:14:61:6d,야탑,1075
02:07:89:14:61:81,야탑,1075
00:16:1f:03:83:ae,야탑,1075
00:40:5a:c8:51:c3,야탑,1075
02:07:89:14:61:91,야탑,1075
00:25:a6:a4:d5:0b,공릉,1007
12:16:1f:03:6a:ff,공릉,1007
00:25:a6:a4:d5:0a,공릉,1007
12:16:1f:03:6a:fe,공릉,1007
00:40:5a:bc:38:72,공릉,1007
12:16:1f:03:38:53,공릉,1007
12:16:1f:03:38:52,공릉,1007
12:16:1f:03:71:1a,공릉,1007
00:16:1f:03:6a:ff,공릉,1007
00:16:1f:03:6a:fe,공릉,1007
00:40:5a:bc:38:73,공릉,1007
00:16:1f:03:38:53,공릉,1007
00:16:1f:03:38:52,공릉,1007
00:16:1f:03:71:1a,공릉,1007
00:40:5a:bc:2a:e2,공릉,1007
00:40:5a:bc:2a:e3,공릉,1007
12:16:1f:03:71:1b,공릉,1007
00:25:a6:a4:e4:7d,공릉,1007
00:16:1f:03:71:1b,공릉,1007
00:40:5a:bf:b5:12,공릉,1007
12:16:1f:03:5f:6b,공릉,1007
00:30:0d:73:1d:10,신당,1006
00:30:0d:75:cd:10,신당,1006
00:09:b4:61:37:17,신당,1006
06:30:0d:75:cf:81,신당,1006
00:30:0d:75:cd:00,신당,1006
00:30:0d:75:cf:80,신당,1006
00:09:b4:61:43:a7,신당,1006
00:40:5a:c8:45:ca,신당,1006
02:09:b4:61:37:17,신당,1006
00:40:5a:c8:45:cb,신당,1006
06:30:0d:73:1d:01,신당,1006
00:09:b4:61:34:ea,신당,1006
00:07:89:10:4a:67,신당,1006
00:40:5a:c7:b6:0a,신당,1006
00:09:b4:61:43:e6,신당,1006
00:16:1f:03:4b:aa,마포구청,1006
00:25:a6:a4:fd:c4,마포구청,1006
12:16:1f:03:5e:83,망원,1006
00:40:5a:bb:35:52,망원,1006
10:e3:c7:05:0e:eb,망원,1006
00:40:5a:bb:c1:f3,망원,1006
10:e3:c7:05:0e:ee,망원,1006
10:e3:c7:05:0e:f3,망원,1006
00:25:a6:a5:0c:29,망원,1006
10:e3:c7:05:0e:f2,망원,1006
00:40:5a:bb:35:53,망원,1006
00:40:5a:bb:c1:f2,망원,1006
12:16:1f:03:68:2a,망원,1006
12:16:1f:03:68:2b,망원,1006
00:16:1f:03:5e:83,망원,1006
00:16:1f:03:68:2a,망원,1006
00:16:1f:03:68:2b,망원,1006
12:16:1f:03:5e:82,망원,1006
00:25:a6:a5:15:e7,망원,1006
00:40:5a:bb:8e:aa,망원,1006
12:16:1f:03:c2:af,쌍문,1004
12:16:1f:03:ca:a3,쌍문,1004
00:16:1f:03:ca:a3,쌍문,1004
00:17:b2:01:ab:98,창동,1004
00:17:b2:01:ac:58,창동,1004
02:07:89:0f:d8:00,창동,1004
00:07:89:0f:d8:19,창동,1004
00:17:b2:01:ac:5a,창동,1004
00:07:89:0f:d8:09,창동,1004
00:40:5a:c3:f9:c2,창동,1004
02:07:89:0f:d8:18,창동,1004
00:40:5a:c3:e4:6b,창동,1004
02:07:89:0f:d8:09,창동,1004
00:40:5a:c3:f9:c3,창동,1004
00:40:5a:c3:e4:6a,창동,1004
00:07:89:0f:d8:08,창동,1004
00:17:b2:01:ab:d2,창동,1004
00:17:b2:01:ab:aa,창동,1004
02:07:89:0f:d8:04,창동,1004
00:17:b2:01:ab:d0,창동,1004
00:40:5a:c3:dc:ca,창동,1004
00:40:5a:c3:dc:cb,창동,1004
02:07:89:0f:d8:19,창동,1004
00:17:b2:01:ab:a8,창동,1004
00:40:5a:c4:0e:23,창동,1004
00:07:89:0f:d8:05,창동,1004
00:40:5a:c4:0e:22,창동,1004
02:09:b4:61:19:56,종각,1001
00:40:5a:bf:c1:eb,종각,1001
02:09:b4:61:23:26,종각,1001
00:09:b4:61:1b:5b,종각,1001
02:09:b4:61:19:72,종각,1001
00:07:89:0f:23:9f,시청,1001
0a:30:0d:84:fd:32,시청,1001
00:30:0d:84:fd:30,시청,1001
00:30:0d:84:fd:20,시청,1001
06:30:0d:84:fd:22,시청,1001
00:40:5a:91:eb:3a,시청,1001
00:09:b4:61:1a:22,시청,1001
06:30:0d:84:5e:82,시청,1001
00:40:5a:91:eb:3b,시청,1001
02:09:b4:61:1a:22,시청,1001
00:30:0d:74:55:a0,시청,1001
00:09:b4:61:1a:23,시청,1001
02:09:b4:61:1a:23,시청,1001
00:16:1f:03:74:4b,새절,1006
00:16:1f:03:2b:52,새절,1006
12:16:1f:03:4e:67,안암,1006
12:16:1f:03:4e:66,안암,1006
00:16:1f:03:4e:67,안암,1006
00:16:1f:03:4e:66,안암,1006
00:40:5a:bb:84:d2,안암,1006
00:40:5a:bb:84:d3,안암,1006
00:25:a6:a4:5e:7c,안암,1006
00:25:a6:a4:4d:ca,안암,1006
00:25:a6:a4:2d:54,안암,1006
00:25:a6:a4:f6:1b,안암,1006
12:16:1f:03:7f:56,고려대,1006
12:16:1f:03:7f:57,고려대,1006
00:40:5a:bf:c4:5a,고려대,1006
12:16:1f:03:7b:3b,고려대,1006
12:16:1f:03:7b:3a,고려대,1006
12:16:1f:03:5e:52,고려대,1006
12:16:1f:03:6b:f7,고려대,1006
00:25:a6:a5:2e:1b,고려대,1006
00:16:1f:03:7f:57,고려대,1006
00:16:1f:03:7b:3b,고려대,1006
00:25:a6:a5:03:c3,고려대,1006
00:25:a6:a4:a7:48,사가정,1007
02:07:89:10:4a:d8,면목,1007
12:16:1f:03:42:6b,면목,1007
00:25:a6:a5:25:55,면목,1007
00:40:5a:c0:1f:0a,면목,1007
12:16:1f:03:42:6a,면목,1007
12:16:1f:03:51:f7,면목,1007
00:16:1f:03:42:6b,면목,1007
00:25:a6:a5:25:56,면목,1007
00:16:1f:03:42:6a,면목,1007
00:16:1f:03:51:f7,면목,1007
00:25:a6:a5:29:c5,면목,1007
00:40:5a:c0:1f:0b,면목,1007
00:16:1f:03:51:f6,면목,1007
00:25:a6:a5:22:67,면목,1007
00:25:a6:a5:29:c4,면목,1007
00:40:5a:c0:0d:62,면목,1007
00:40:5a:c0:0d:63,면목,1007
00:25:a6:a5:22:68,면목,1007
00:40:5a:e4:9c:4a,면목,1007
12:16:1f:03:51:f6,면목,1007
00:40:5a:b7:a2:12,강남구청,1007
00:09:b4:61:40:3b,강남구청,1007
06:30:0d:85:1c:62,강남구청,1007
58:08:fa:00:1b:83,강남구청,1007
0a:30:0d:84:e0:52,강남구청,1007
02:09:b4:61:40:3b,강남구청,1007
02:09:b4:61:3d:0a,강남구청,1007
00:30:0d:84:e0:50,강남구청,1007
5a:08:fa:00:1b:83,강남구청,1007
02:09:b4:61:32:73,강남구청,1007
0a:30:0d:84:fc:32,강남구청,1007
58:08:fa:00:18:06,강남구청,1007
00:09:b4:61:32:73,강남구청,1007
06:30:0d:84:fc:22,강남구청,1007
06:30:0d:84:e0:42,강남구청,1007
00:40:5a:b7:8c:83,강남구청,1007
5a:08:fa:00:18:06,강남구청,1007
00:16:1f:03:7f:db,대모산입구,1075
12:16:1f:03:7f:db,대모산입구,1075
00:40:5a:bf:a3:da,대모산입구,1075
00:40:5a:bf:a3:db,대모산입구,1075
00:16:1f:03:70:c3,대모산입구,1075
00:40:5a:bf:92:22,대모산입구,1075
00:40:5a:bf:92:d2,대모산입구,1075
00:40:5a:bf:92:23,대모산입구,1075
00:40:5a:bf:9f:5a,대모산입구,1075
00:40:5a:bf:92:d3,대모산입구,1075
00:07:89:14:61:48,대모산입구,1075
00:40:5a:bf:9f:5b,대모산입구,1075
02:07:89:14:61:48,대모산입구,1075
58:08:fa:00:03:8f,선정릉,1075
00:40:5a:b7:8a:9a,청담,1007
12:16:1f:03:5c:5a,청담,1007
00:40:5a:b7:86:0b,청담,1007
00:16:1f:03:5c:5a,청담,1007
00:16:1f:03:5c:5b,청담,1007
00:40:5a:b7:80:d2,청담,1007
12:16:1f:03:5c:5b,청담,1007
00:25:a6:a1:22:3a,청담,1007
00:40:5a:b7:80:d3,청담,1007
00:40:5a:b7:8a:9b,청담,1007
00:25:a6:a1:22:3b,청담,1007
00:40:5a:b7:88:12,청담,1007
00:40:5a:bf:87:a3,뚝섬유원지,1007
00:17:b2:01:aa:98,뚝섬유원지,1007
00:17:b2:01:aa:68,뚝섬유원지,1007
00:25:a6:a4:3f:a0,뚝섬유원지,1007
00:40:5a:bf:c8:6a,뚝섬유원지,1007
12:0e:47:00:18:ec,뚝섬유원지,1007
02:07:89:14:62:1d,개포동,1075
00:16:1f:03:75:4b,개포동,1075
12:16:1f:03:7e:a7,개포동,1075
00:40:5a:bf:94:8a,개포동,1075
00:40:5a:bc:25:92,개포동,1075
00:16:1f:03:75:4a,개포동,1075
00:40:5a:bf:94:8b,개포동,1075
00:40:5a:bf:9d:13,개포동,1075
12:16:1f:03:80:0f,개포동,1075
00:07:89:14:62:09,개포동,1075
00:40:5a:bf:9d:12,개포동,1075
00:40:5a:bc:25:93,개포동,1075
00:07:89:14:62:1c,개포동,1075
02:07:89:14:61:f4,개포동,1075
00:16:1f:03:6c:1a,개포동,1075
12:16:1f:03:80:0e,개포동,1075
00:16:1f:03:7e:a6,개포동,1075
00:16:1f:03:80:0e,개포동,1075
02:07:89:14:62:09,개포동,1075
00:07:89:14:61:f4,개포동,1075
12:16:1f:03:75:4a,개포동,1075
00:16:1f:03:6c:1b,개포동,1075
00:40:5a:bf:8b:43,개포동,1075
12:16:1f:03:77:06,개포동,1075
02:07:89:14:62:1c,개포동,1075
00:07:89:14:62:31,개포동,1075
02:07:89:14:62:31,개포동,1075
12:16:1f:03:77:07,개포동,1075
02:07:89:14:62:30,개포동,1075
00:07:89:14:61:5d,대모산입구,1075
02:07:89:14:61:5d,대모산입구,1075
12:16:1f:03:70:c3,대모산입구,1075
12:16:1f:03:84:32,대모산입구,1075
02:07:89:14:62:0d,대모산입구,1075
00:25:a6:a4:df:b9,용마산,1007
00:40:5a:bf:d2:02,용마산,1007
00:25:a6:a4:d6:95,용마산,1007
00:07:89:0f:da:19,공덕,1006
00:40:5a:bf:ae:f3,도봉산,1007
00:40:5a:bc:3c:93,도봉산,1007
00:17:b2:01:aa:08,도봉산,1007
00:17:b2:01:aa:3a,도봉산,1007
00:17:b2:01:aa:38,도봉산,1007
00:17:b2:01:aa:0a,도봉산,1007
00:40:5a:bf:ab:d2,도봉산,1007
00:17:b2:01:a9:4a,도봉산,1007
00:17:b2:01:a9:48,도봉산,1007
00:25:a6:a4:fb:2b,도봉산,1007
00:40:5a:bf:b4:23,도봉산,1007
00:17:b2:01:aa:88,도봉산,1007
00:25:a6:a4:fb:2a,도봉산,1007
00:25:a6:a5:21:ef,도봉산,1007
00:40:5a:bf:b4:22,도봉산,1007
00:17:b2:01:aa:8a,도봉산,1007
02:17:b2:02:92:76,도봉산,1007
00:25:a6:a5:21:f0,도봉산,1007
00:40:5a:bf:ab:d3,도봉산,1007
00:1d:93:21:b9:e4,도봉산,1007
06:17:b2:04:45:f6,인천국제공항,1065
06:17:b2:04:45:ee,인천국제공항,1065
04:17:b2:04:45:f4,인천국제공항,1065
04:17:b2:04:45:f0,인천국제공항,1065
04:17:b2:04:45:ec,인천국제공항,1065
02:17:b2:02:45:ee,인천국제공항,1065
02:17:b2:02:45:ec,인천국제공항,1065
06:17:b2:04:45:f2,인천국제공항,1065
02:07:89:10:5b:06,인천국제공항,1065
02:07:89:10:4e:b0,인천국제공항,1065
00:07:89:10:4e:b0,인천국제공항,1065
02:17:b2:02:45:f2,인천국제공항,1065
00:07:89:10:5b:06,인천국제공항,1065
02:07:89:10:4d:bd,인천국제공항,1065
00:07:89:10:4d:bd,인천국제공항,1065
02:17:b2:02:45:f6,인천국제공항,1065
00:07:89:14:6d:99,인천국제공항,1065
00:07:89:14:60:c9,인천국제공항,1065
00:07:89:14:6d:98,인천국제공항,1065
00:07:89:14:60:c5,인천국제공항,1065
02:07:89:14:6d:99,인천국제공항,1065
00:40:5a:e4:aa:6b,인천국제공항,1065
02:07:89:14:60:c9,인천국제공항,1065
02:07:89:14:6d:98,인천국제공항,1065
02:07:89:14:60:c8,인천국제공항,1065
00:27:1c:09:9f:39,인천국제공항,1065
02:07:89:14:60:bc,인천국제공항,1065
00:40:5a:e4:aa:6a,인천국제공항,1065
06:17:b2:04:4b:3a,인천국제공항,1065
06:17:b2:04:4b:2e,인천국제공항,1065
00:27:1c:09:9f:3b,인천국제공항,1065
06:17:b2:04:4b:52,인천국제공항,1065
00:40:5a:b8:05:f3,당산,1009
0a:30:0d:83:89:d2,당산,1009
0a:30:0d:83:68:f2,당산,1009
00:30:0d:83:68:f0,당산,1009
00:40:5a:b8:0e:6a,당산,1009
00:30:0d:83:68:e0,당산,1009
00:40:5a:b8:0e:6b,당산,1009
00:09:b4:61:1b:c7,당산,1009
02:09:b4:61:1b:c7,당산,1009
00:40:5a:b8:7a:a3,당산,1009
00:40:5a:b8:7a:a2,당산,1009
02:09:b4:61:1b:c6,당산,1009
00:30:0d:83:89:c0,당산,1009
00:40:5a:b8:05:f2,당산,1009
00:40:5a:b8:0b:d2,당산,1009
00:09:b4:61:1b:c3,당산,1009
00:09:b4:61:21:1b,당산,1009
00:30:0d:83:74:e0,당산,1009
00:40:5a:bb:26:23,당산,1009
00:40:5a:bb:26:22,당산,1009
00:40:5a:bb:26:02,당산,1009
02:09:b4:61:20:f3,당산,1009
00:25:a6:a4:f5:ef,내방,1007
00:25:a6:a4:f5:ee,내방,1007
00:40:5a:b7:96:52,내방,1007
00:40:5a:b7:8d:9a,내방,1007
12:16:1f:03:73:96,내방,1007
12:16:1f:03:56:ca,내방,1007
00:40:5a:b8:35:e2,내방,1007
00:40:5a:c7:b4:ea,내방,1007
12:16:1f:03:5a:6a,내방,1007
12:16:1f:03:68:3e,내방,1007
00:40:5a:b7:96:53,내방,1007
00:25:a6:a5:15:e8,망원,1006
00:09:b4:61:07:7a,여의도,1009
00:40:5a:bb:1e:ab,여의도,1009
00:40:5a:af:58:cb,여의도,1009
00:09:b4:61:09:8e,여의도,1009
0a:30:0d:84:fd:f2,여의도,1009
06:40:5a:e2:f6:81,여의도,1009
02:09:b4:61:09:8e,여의도,1009
0a:40:5a:e2:f6:81,여의도,1009
02:09:b4:61:07:7a,여의도,1009
00:30:0d:84:ef:40,여의도,1009
0a:40:5a:e2:f6:82,여의도,1009
06:40:5a:e2:f6:82,여의도,1009
00:09:b4:61:09:f3,여의도,1009
02:09:b4:61:09:f2,여의도,1009
12:16:1f:03:7d:26,샛강,1009
12:16:1f:03:7d:27,샛강,1009
12:16:1f:03:47:eb,샛강,1009
12:16:1f:03:74:3b,샛강,1009
12:16:1f:03:40:13,샛강,1009
12:16:1f:03:6b:3b,샛강,1009
12:16:1f:03:74:3a,샛강,1009
12:16:1f:03:47:ea,샛강,1009
00:25:a6:a4:d8:9d,샛강,1009
00:16:1f:03:7d:26,샛강,1009
00:09:b4:61:09:7f,노량진,1009
02:09:b4:61:09:7f,노량진,1009
00:40:5a:af:22:ca,노량진,1009
0a:30:0d:83:84:32,노량진,1009
00:40:5a:af:24:ba,노량진,1009
00:09:b4:61:16:f7,노량진,1009
00:09:b4:61:09:9f,노량진,1009
00:40:5a:af:22:cb,노량진,1009
00:30:0d:83:84:30,노량진,1009
00:30:0d:83:84:20,노량진,1009
00:40:5a:af:24:bb,노량진,1009
02:09:b4:61:09:9f,노량진,1009
00:40:5a:af:45:e3,노량진,1009
00:09:b4:61:09:9e,노량진,1009
00:30:0d:83:8a:70,노량진,1009
00:30:0d:83:6b:60,노량진,1009
00:30:0d:83:8a:60,노량진,1009
00:40:5a:af:22:da,노량진,1009
0a:30:0d:83:7a:52,노량진,1009
00:30:0d:83:7a:50,노량진,1009
00:09:b4:61:07:5f,노량진,1009
00:30:0d:83:7a:40,노량진,1009
02:09:b4:61:07:5f,노량진,1009
00:40:5a:af:22:db,노량진,1009
00:40:5a:af:45:e2,노량진,1009
00:40:5a:af:21:b2,노량진,1009
02:09:b4:61:09:9e,노량진,1009
00:30:0d:83:69:50,노량진,1009
00:30:0d:83:69:40,노량진,1009
02:09:b4:61:07:5e,노량진,1009
00:40:5a:af:2a:13,노량진,1009
12:16:1f:03:3b:7f,암사,1008
00:07:89:14:6c:e5,암사,1008
12:16:1f:03:3b:7e,암사,1008
02:07:89:14:6c:c0,암사,1008
00:40:5a:b8:13:6b,암사,1008
02:07:89:14:6c:d4,암사,1008
02:07:89:14:6c:d5,암사,1008
00:16:1f:03:3b:7f,암사,1008
02:07:89:14:6c:e5,암사,1008
00:16:1f:03:3b:7e,암사,1008
00:07:89:14:6c:99,암사,1008
00:07:89:14:6c:ac,암사,1008
12:16:1f:03:70:f7,암사,1008
00:07:89:14:6c:e4,암사,1008
02:07:89:14:6c:98,암사,1008
00:40:5a:b8:0c:13,암사,1008
00:40:5a:b8:04:cb,암사,1008
00:16:1f:03:70:f7,암사,1008
02:07:89:14:6c:e4,암사,1008
00:07:89:14:6c:ad,암사,1008
00:40:5a:b8:14:ba,암사,1008
00:16:1f:03:65:ee,암사,1008
5a:08:fa:00:2f:e2,압구정로데오,1075
5a:08:fa:00:30:27,압구정로데오,1075
0e:0e:47:01:2b:9a,압구정로데오,1075
06:0e:47:01:2b:9a,압구정로데오,1075
5a:08:fa:00:2f:d7,압구정로데오,1075
10:e3:c7:04:2a:24,압구정로데오,1075
00:30:0d:77:bb:50,압구정로데오,1075
5a:08:fa:00:2f:d6,압구정로데오,1075
58:08:fa:00:2f:b3,압구정로데오,1075
06:30:0d:77:bb:41,압구정로데오,1075
12:16:1f:03:6b:36,면목,1007
12:16:1f:03:6b:37,면목,1007
00:40:5a:e4:9c:4b,면목,1007
00:16:1f:03:6b:37,면목,1007
00:16:1f:03:6b:36,면목,1007
00:25:a6:a5:01:ec,면목,1007
12:16:1f:03:6c:93,면목,1007
00:40:5a:e4:cc:da,면목,1007
00:40:5a:c0:4a:32,면목,1007
00:25:a6:a5:01:ed,면목,1007
00:16:1f:03:6c:93,면목,1007
00:40:5a:e4:cc:db,면목,1007
00:40:5a:c0:4a:33,면목,1007
00:25:a6:a4:fb:cf,면목,1007
00:16:1f:03:68:c7,면목,1007
02:07:89:0f:21:a7,김포공항,1009
00:07:89:0f:21:97,김포공항,1009
02:07:89:0f:21:97,김포공항,1009
00:40:5a:bb:2b:0b,김포공항,1009
00:07:89:0f:21:9b,김포공항,1009
00:40:5a:bf:89:83,김포공항,1009
02:17:b2:02:55:da,공항시장,1009
00:07:89:10:4d:cf,공항시장,1009
06:17:b2:04:55:ca,공항시장,1009
02:17:b2:02:65:d4,공항시장,1009
04:17:b2:04:55:c8,공항시장,1009
00:07:89:10:58:a4,공항시장,1009
02:17:b2:02:65:d6,공항시장,1009
02:07:89:10:4d:cf,공항시장,1009
02:07:89:10:55:29,공항시장,1009
00:40:5a:b8:0e:0a,공항시장,1009
00:25:a6:a5:1d:99,공항시장,1009
12:16:1f:03:81:f2,공항시장,1009
12:16:1f:03:66:83,공항시장,1009
12:16:1f:03:81:f3,공항시장,1009
00:40:5a:b8:36:12,공항시장,1009
00:07:89:14:61:68,태평,1075
00:07:89:14:61:54,태평,1075
12:16:1f:03:72:be,태평,1075
02:07:89:14:61:8c,태평,1075
02:07:89:14:61:54,태평,1075
00:16:1f:03:72:be,태평,1075
12:16:1f:03:82:23,태평,1075
02:07:89:14:61:65,태평,1075
00:16:1f:03:82:23,태평,1075
00:16:1f:03:5e:2e,태평,1075
00:09:b4:61:01:57,모란,1075
00:30:0d:84:65:70,모란,1075
00:30:0d:84:65:60,모란,1075
02:09:b4:61:01:57,모란,1075
00:40:5a:c0:50:f3,모란,1075
00:40:5a:b0:38:7b,수유,1004
00:40:5a:b0:41:63,수유,1004
00:07:89:14:6f:a5,수유,1004
00:40:5a:c8:31:da,약수,1006
00:07:89:0f:d6:ed,약수,1006
00:40:5a:c8:48:c2,약수,1006
06:30:0d:71:c2:81,약수,1006
02:07:89:0f:d6:f9,약수,1006
02:07:89:0f:d6:f8,약수,1006
00:40:5a:c8:31:db,약수,1006
00:30:0d:78:06:90,약수,1006
02:07:89:0f:d6:ed,약수,1006
00:30:0d:71:c2:80,약수,1006
06:30:0d:78:06:81,약수,1006
00:40:5a:c8:48:c3,약수,1006
00:30:0d:78:06:80,약수,1006
00:30:0d:71:c2:90,약수,1006
00:40:5a:c8:4f:db,약수,1006
00:40:5a:c8:4f:da,약수,1006
0a:30:0d:78:a6:31,약수,1006
00:30:0d:78:a6:30,약수,1006
12:16:1f:03:4d:16,월드컵경기장,1006
00:25:a6:a5:08:13,월드컵경기장,1006
12:16:1f:03:55:96,월드컵경기장,1006
00:40:5a:b7:07:92,월드컵경기장,1006
00:40:5a:b6:ed:1a,월드컵경기장,1006
12:16:1f:03:7f:bf,월드컵경기장,1006
00:40:5a:b6:eb:da,월드컵경기장,1006
00:25:a6:a5:0c:e7,월드컵경기장,1006
00:16:1f:03:76:bb,월드컵경기장,1006
00:16:1f:03:76:ba,월드컵경기장,1006
00:40:5a:b7:2d:bb,월드컵경기장,1006
00:16:1f:03:4d:16,월드컵경기장,1006
00:16:1f:03:55:97,월드컵경기장,1006
00:25:a6:a5:08:14,월드컵경기장,1006
00:40:5a:b7:07:93,월드컵경기장,1006
00:25:a6:a4:da:60,용마산,1007
00:25:a6:a4:df:ba,용마산,1007
00:16:1f:03:6f:1a,용마산,1007
00:40:5a:bf:d2:03,용마산,1007
00:25:a6:a4:d6:96,용마산,1007
00:40:5a:c0:47:8a,용마산,1007
12:16:1f:03:6e:37,용마산,1007
00:40:5a:bf:d3:c2,용마산,1007
00:40:5a:c0:47:8b,용마산,1007
00:40:5a:bf:d3:c3,용마산,1007
00:25:a6:a4:d5:eb,용마산,1007
12:16:1f:03:6e:36,용마산,1007
00:25:a6:a4:d5:ec,용마산,1007
00:16:1f:03:6e:37,용마산,1007
00:16:1f:03:6e:36,용마산,1007
00:25:a6:a4:ce:16,용마산,1007
00:40:5a:bf:d2:bb,용마산,1007
00:40:5a:bf:fe:e2,용마산,1007
00:40:5a:bf:fe:e3,용마산,1007
00:25:a6:a4:a9:f5,사가정,1007
00:40:5a:af:10:13,학여울,1003
10:e3:c7:05:20:db,학여울,1003
02:07:89:14:6e:3d,학여울,1003
00:40:5a:af:0f:e3,학여울,1003
10:e3:c7:05:20:da,학여울,1003
10:e3:c7:05:67:76,학여울,1003
22:e3:c7:05:67:77,학여울,1003
22:e3:c7:05:67:7b,학여울,1003
10:e3:c7:05:67:77,학여울,1003
10:e3:c7:05:67:7b,학여울,1003
00:40:5a:af:0f:e2,학여울,1003
22:e3:c7:05:67:76,학여울,1003
00:40:5a:af:16:42,학여울,1003
00:40:5a:af:16:43,학여울,1003
00:09:b4:61:19:af,시청,1001
00:40:5a:91:ee:22,시청,1001
06:30:0d:84:5e:62,시청,1001
12:16:1f:03:27:7f,새절,1006
00:16:1f:03:27:7f,새절,1006
00:40:5a:bf:78:ba,새절,1006
00:40:5a:bf:78:bb,새절,1006
12:16:1f:03:74:4a,새절,1006
00:40:5a:c7:b1:b2,새절,1006
00:40:5a:c7:b1:b3,새절,1006
12:16:1f:03:2b:52,새절,1006
00:25:a6:a3:d1:e6,새절,1006
00:25:a6:a4:2d:21,새절,1006
00:25:a6:a3:d1:e7,새절,1006
00:40:5a:bc:2a:ba,새절,1006
00:40:5a:bc:2a:bb,새절,1006
00:25:a6:a4:4f:59,새절,1006
12:16:1f:03:27:7e,새절,1006
00:25:a6:a4:2d:22,새절,1006
00:25:a6:a3:bd:1e,새절,1006
00:25:a6:a4:4f:5a,새절,1006
00:16:1f:03:27:7e,새절,1006
02:09:b4:61:4f:4e,고속터미널,1003
00:30:0d:83:9f:30,고속터미널,1003
00:40:5a:af:15:2b,고속터미널,1003
00:30:0d:83:81:e0,고속터미널,1003
0a:30:0d:83:81:f2,고속터미널,1003
00:40:5a:af:38:62,고속터미널,1003
0a:30:0d:83:a0:f2,고속터미널,1003
02:09:b4:61:4e:ba,고속터미널,1003
02:09:b4:61:4e:bb,고속터미널,1003
02:09:b4:61:4f:4f,고속터미널,1003
00:30:0d:83:a0:e0,고속터미널,1003
00:09:b4:61:4e:3b,고속터미널,1003
00:40:5a:af:15:2a,고속터미널,1003
00:09:b4:61:54:bb,고속터미널,1003
00:09:b4:61:4d:e2,고속터미널,1003
00:09:b4:61:4d:e6,고속터미널,1003
02:09:b4:61:4e:3b,고속터미널,1003
00:30:0d:83:81:f0,고속터미널,1003
00:40:5a:af:14:93,고속터미널,1003
02:09:b4:61:4d:e6,고속터미널,1003
00:40:5a:af:36:6a,고속터미널,1003
02:09:b4:61:4d:e7,고속터미널,1003
02:09:b4:61:4d:e2,고속터미널,1003
0a:30:0d:83:91:b2,고속터미널,1003
06:30:0d:83:91:a2,고속터미널,1003
02:09:b4:61:4d:e3,고속터미널,1003
00:30:0d:83:91:b0,고속터미널,1003
02:09:b4:61:4e:0a,고속터미널,1003
00:30:0d:83:91:a0,고속터미널,1003
00:09:b4:61:4f:4f,고속터미널,1003
00:40:5a:af:18:3a,고속터미널,1003
00:16:1f:03:56:cb,내방,1007
00:40:5a:b7:8d:9b,내방,1007
00:16:1f:03:73:96,내방,1007
00:16:1f:03:56:ca,내방,1007
00:25:a6:a4:51:99,먹골,1007
00:25:a6:a4:3c:c2,먹골,1007
00:16:1f:03:66:3a,상수,1006
00:25:a6:a4:67:15,상수,1006
00:16:1f:03:82:ff,상수,1006
00:40:5a:b0:1f:ab,상수,1006
00:40:5a:b0:26:e3,상수,1006
00:40:5a:af:df:1b,상수,1006
00:25:a6:a4:cf:79,상수,1006
12:16:1f:03:7a:83,상수,1006
00:16:1f:03:82:fe,상수,1006
00:25:a6:a4:cf:7a,상수,1006
00:25:a6:a4:f7:1f,상수,1006
00:40:5a:b0:1f:aa,상수,1006
12:16:1f:03:7a:82,상수,1006
00:40:5a:b0:3c:b3,상수,1006
00:16:1f:03:7a:82,상수,1006
00:25:a6:a4:f7:20,상수,1006
00:40:5a:b0:26:e2,상수,1006
00:16:1f:03:66:3b,상수,1006
00:16:1f:03:7a:83,상수,1006
12:16:1f:03:44:27,광흥창,1006
12:16:1f:03:44:26,광흥창,1006
12:16:1f:03:54:ff,광흥창,1006
00:25:a6:a5:29:ec,광흥창,1006
00:40:5a:b0:3c:7a,광흥창,1006
00:40:5a:af:e6:22,광흥창,1006
12:16:1f:03:78:fb,광흥창,1006
12:16:1f:03:78:fa,광흥창,1006
00:40:5a:af:fd:fa,광흥창,1006
00:16:1f:03:44:27,광흥창,1006
00:40:5a:af:fd:fb,광흥창,1006
00:16:1f:03:54:ff,광흥창,1006
00:25:a6:a5:29:ed,광흥창,1006
00:16:1f:03:54:fe,광흥창,1006
00:40:5a:b0:3c:7b,광흥창,1006
00:40:5a:af:e6:23,광흥창,1006
00:40:5a:b0:3a:1b,광흥창,1006
00:16:1f:03:78:fb,광흥창,1006
00:40:5a:af:fd:a3,광흥창,1006
12:16:1f:03:54:fe,광흥창,1006
00:40:5a:b0:3a:1a,광흥창,1006
00:25:a6:a5:19:5c,광흥창,1006
00:16:1f:03:78:fa,광흥창,1006
00:25:a6:a4:56:3e,광흥창,1006
12:16:1f:03:73:1f,광흥창,1006
00:40:5a:b0:24:f2,광흥창,1006
12:16:1f:03:73:1e,광흥창,1006
00:40:5a:af:fd:a2,광흥창,1006
00:25:a6:a4:56:3f,광흥창,1006
00:25:a6:a4:58:f1,광흥창,1006
00:16:1f:03:73:1f,광흥창,1006
00:40:5a:b0:24:f3,광흥창,1006
00:25:a6:a5:28:b1,광흥창,1006
00:25:a6:a4:58:f0,광흥창,1006
00:25:a6:a5:28:b2,광흥창,1006
00:16:1f:03:73:1e,광흥창,1006
00:16:1f:03:44:26,광흥창,1006
00:25:a6:a5:04:b3,광흥창,1006
00:25:a6:a5:1d:ea,광흥창,1006
00:25:a6:a5:1d:e9,광흥창,1006
00:25:a6:a5:19:5d,광흥창,1006
00:25:a6:a5:04:b2,광흥창,1006
00:40:5a:b7:b5:c2,대흥,1006
12:16:1f:03:7a:d2,대흥,1006
00:25:a6:a4:54:68,대흥,1006
00:40:5a:b7:84:2a,대흥,1006
00:40:5a:b7:b5:c3,대흥,1006
00:30:0d:7f:36:80,대흥,1006
12:16:1f:03:7a:d3,대흥,1006
12:16:1f:03:66:b6,대흥,1006
00:16:1f:03:7a:d3,대흥,1006
00:40:5a:b7:84:2b,대흥,1006
00:25:a6:a4:54:69,대흥,1006
00:25:a6:a4:5f:26,대흥,1006
00:25:a6:a4:5f:27,대흥,1006
06:30:0d:7f:36:81,대흥,1006
00:40:5a:b7:09:12,대흥,1006
00:16:1f:03:7a:d2,대흥,1006
00:25:a6:a4:5c:6a,대흥,1006
00:40:5a:b7:09:13,대흥,1006
00:40:5a:b7:b4:2a,대흥,1006
00:40:5a:b7:90:8a,동대문,1004
00:07:89:0f:20:23,동대문,1004
06:17:b2:04:9e:62,동대문,1004
10:e3:c7:04:2c:8b,압구정로데오,1075
5a:08:fa:00:2f:b3,압구정로데오,1075
00:30:0d:77:bb:40,압구정로데오,1075
0a:30:0d:84:fb:32,총신대입구(이수),1007
00:30:0d:7c:65:90,도곡,1003
02:09:b4:61:3a:f3,고속터미널,1007
00:09:b4:61:3a:f2,고속터미널,1007
00:40:5a:b7:8f:52,고속터미널,1007
00:09:b4:61:41:e3,고속터미널,1007
06:30:0d:84:45:e2,고속터미널,1007
00:40:5a:b7:96:2a,고속터미널,1007
0a:30:0d:84:ea:32,고속터미널,1007
00:40:5a:b7:a3:0a,고속터미널,1007
06:30:0d:84:f9:62,고속터미널,1007
00:40:5a:b7:54:72,고속터미널,1007
02:09:b4:61:3a:f2,고속터미널,1007
00:40:5a:b7:8f:53,고속터미널,1007
02:09:b4:61:41:e3,고속터미널,1007
00:30:0d:84:45:e0,고속터미널,1007
00:30:0d:84:45:f0,고속터미널,1007
00:40:5a:b7:96:2b,고속터미널,1007
02:09:b4:61:3c:bb,고속터미널,1007
00:40:5a:b7:a3:0b,고속터미널,1007
00:30:0d:84:f9:70,고속터미널,1007
00:30:0d:84:ea:30,고속터미널,1007
00:30:0d:84:f9:60,고속터미널,1007
00:40:5a:b7:97:23,고속터미널,1007
00:40:5a:b7:54:73,고속터미널,1007
00:09:b4:61:41:e2,고속터미널,1007
00:09:b4:61:40:2f,고속터미널,1007
06:30:0d:85:19:82,고속터미널,1007
0a:30:0d:85:19:92,고속터미널,1007
02:09:b4:61:41:e2,고속터미널,1007
02:09:b4:61:3c:ba,고속터미널,1007
02:09:b4:61:40:2f,고속터미널,1007
00:30:0d:85:19:80,고속터미널,1007
00:30:0d:85:19:90,고속터미널,1007
0a:30:0d:84:45:f2,고속터미널,1007
0a:30:0d:84:f9:72,고속터미널,1007
0a:30:0d:84:4a:32,동작,1009
00:07:89:10:55:07,동작,1009
00:30:0d:84:df:80,동작,1009
00:40:5a:af:1f:42,구반포,1009
12:16:1f:03:63:57,구반포,1009
12:16:1f:03:63:56,구반포,1009
00:25:a6:a4:f1:e3,구반포,1009
00:40:5a:af:2c:6a,구반포,1009
12:16:1f:03:5e:07,구반포,1009
12:16:1f:03:36:96,구반포,1009
00:40:5a:af:2c:a2,구반포,1009
00:16:1f:03:63:57,구반포,1009
00:16:1f:03:63:56,구반포,1009
00:40:5a:af:2c:6b,구반포,1009
00:25:a6:a4:f1:e4,구반포,1009
00:16:1f:03:36:97,구반포,1009
00:16:1f:03:5e:07,구반포,1009
00:16:1f:03:36:96,구반포,1009
00:16:1f:03:6e:56,구반포,1009
00:40:5a:af:2d:93,구반포,1009
00:07:89:14:6e:b5,경찰병원,1003
12:16:1f:03:2b:b7,경찰병원,1003
12:16:1f:03:2b:b6,경찰병원,1003
00:07:89:14:6f:e9,경찰병원,1003
12:16:1f:03:72:e3,경찰병원,1003
00:07:89:14:6e:b1,경찰병원,1003
12:16:1f:03:80:ce,경찰병원,1003
02:07:89:14:6f:41,경찰병원,1003
02:07:89:14:6e:b5,경찰병원,1003
00:16:1f:03:2b:b7,경찰병원,1003
02:07:89:14:6f:e9,경찰병원,1003
02:07:89:14:6e:b1,경찰병원,1003
00:07:89:14:6e:71,경찰병원,1003
12:16:1f:03:6b:e2,경찰병원,1003
00:07:89:0f:d9:08,천호,1008
02:07:89:0f:d9:08,천호,1008
00:25:a6:a4:d1:c7,사평,1009
12:16:1f:03:3d:a3,사평,1009
00:40:5a:af:2d:52,사평,1009
00:25:a6:a4:d6:e1,사평,1009
00:40:5a:af:2d:53,사평,1009
00:16:1f:03:6e:1a,사평,1009
00:25:a6:a5:19:d9,사평,1009
12:16:1f:03:6e:1b,사평,1009
12:16:1f:03:3b:c3,사평,1009
00:16:1f:03:6e:1b,사평,1009
00:40:5a:b6:ed:1b,월드컵경기장,1006
00:16:1f:03:55:96,월드컵경기장,1006
00:25:a6:a5:0b:66,월드컵경기장,1006
00:25:a6:a5:0b:65,월드컵경기장,1006
00:40:5a:b7:06:aa,월드컵경기장,1006
00:40:5a:b7:03:ba,월드컵경기장,1006
00:40:5a:b7:06:ab,월드컵경기장,1006
00:40:5a:b6:ec:03,월드컵경기장,1006
00:40:5a:b6:ec:2b,월드컵경기장,1006
00:16:1f:03:7f:be,월드컵경기장,1006
00:40:5a:b6:ec:ca,월드컵경기장,1006
00:25:a6:a5:10:a6,월드컵경기장,1006
00:40:5a:b6:ec:cb,월드컵경기장,1006
00:40:5a:b7:03:bb,월드컵경기장,1006
00:40:5a:b7:03:ca,월드컵경기장,1006
00:25:a6:a5:12:ae,월드컵경기장,1006
12:16:1f:03:7f:be,월드컵경기장,1006
00:40:5a:b6:ec:02,월드컵경기장,1006
12:16:1f:03:4d:da,월드컵경기장,1006
00:40:5a:b6:ec:2a,월드컵경기장,1006
00:40:5a:b7:03:cb,월드컵경기장,1006
00:16:1f:03:4d:17,월드컵경기장,1006
00:16:1f:03:7f:bf,월드컵경기장,1006
00:25:a6:a5:08:22,월드컵경기장,1006
00:25:a6:a5:20:e6,마포구청,1006
12:16:1f:03:4b:aa,마포구청,1006
00:40:5a:b0:25:a2,마포구청,1006
00:40:5a:b0:17:3b,마포구청,1006
00:25:a6:a4:fe:4f,마포구청,1006
00:40:5a:b0:25:a3,마포구청,1006
00:40:5a:af:ae:12,마포구청,1006
12:16:1f:03:70:d7,마포구청,1006
00:40:5a:b0:1c:2a,마포구청,1006
12:16:1f:03:70:d6,마포구청,1006
00:40:5a:af:ae:13,마포구청,1006
12:16:1f:03:5e:27,마포구청,1006
00:16:1f:03:5e:27,마포구청,1006
00:40:5a:b0:1c:2b,마포구청,1006
00:40:5a:af:ae:23,마포구청,1006
00:25:a6:a4:fe:50,마포구청,1006
00:25:a6:a5:20:e7,마포구청,1006
00:16:1f:03:70:d7,마포구청,1006
00:16:1f:03:70:d6,마포구청,1006
00:16:1f:03:5e:26,마포구청,1006
00:40:5a:b0:17:3a,마포구청,1006
00:40:5a:b0:15:22,마포구청,1006
12:16:1f:03:4b:ab,마포구청,1006
00:25:a6:a4:fd:c3,마포구청,1006
00:40:5a:b0:41:62,수유,1004
00:40:5a:b0:38:7a,수유,1004
02:07:89:14:6f:a5,수유,1004
00:40:5a:af:75:9b,흑석,1009
12:16:1f:03:4d:6f,흑석,1009
00:16:1f:03:4d:6f,흑석,1009
00:40:5a:b7:82:ca,반포,1007
00:07:89:14:49:7c,반포,1007
00:16:1f:03:69:36,반포,1007
00:40:5a:b7:97:fb,반포,1007
00:16:1f:03:69:37,반포,1007
02:07:89:14:49:7d,반포,1007
02:07:89:14:48:88,반포,1007
02:07:89:14:49:61,반포,1007
00:16:1f:03:28:0f,반포,1007
00:40:5a:b7:82:cb,반포,1007
00:40:5a:b7:97:db,반포,1007
00:40:5a:b7:97:da,반포,1007
02:07:89:14:49:7c,반포,1007
00:40:5a:b7:a1:1b,반포,1007
02:07:89:14:49:60,반포,1007
00:40:5a:b7:a1:1a,반포,1007
00:40:5a:b8:34:e2,반포,1007
02:07:89:14:49:69,반포,1007
00:07:89:14:48:89,반포,1007
12:16:1f:03:84:42,반포,1007
00:07:89:14:49:69,반포,1007
00:30:0d:83:67:f0,홍대입구,1065
00:30:0d:62:97:04,공덕,1065
00:30:0d:62:a3:50,공덕,1065
02:30:0d:62:a3:50,공덕,1065
02:30:0d:62:a3:64,공덕,1065
0a:30:0d:84:39:d2,서울,1065
00:30:0d:84:39:d0,서울,1065
00:30:0d:84:39:c0,서울,1065
00:40:5a:c0:5a:1a,서울,1065
00:40:5a:bf:f3:a2,서울,1065
0a:30:0d:84:a8:52,서울,1065
00:40:5a:c0:5a:1b,서울,1065
00:40:5a:af:14:8a,고속터미널,1003
00:40:5a:bb:52:7b,오금,1003
02:07:89:0f:d6:84,오금,1003
00:30:0d:7e:3d:60,오금,1003
00:07:89:0f:d4:38,오금,1003
00:07:89:0f:d4:35,오금,1003
06:30:0d:81:02:a1,오금,1003
00:30:0d:7e:4c:00,오금,1003
00:40:5a:bb:52:3a,오금,1003
00:40:5a:bb:9f:ea,오금,1003
00:40:5a:bb:84:db,오금,1003
00:40:5a:bb:b4:83,오금,1003
02:07:89:0f:d6:88,오금,1003
00:30:0d:81:02:70,오금,1003
00:30:0d:7e:3d:70,오금,1003
00:30:0d:7e:4c:10,오금,1003
02:07:89:0f:d4:35,오금,1003
0a:30:0d:7e:3d:71,오금,1003
06:30:0d:7e:3d:61,오금,1003
00:07:89:0f:d4:30,오금,1003
00:40:5a:bb:9f:eb,오금,1003
00:07:89:0f:d6:70,오금,1003
06:30:0d:7e:4c:01,오금,1003
00:40:5a:bb:91:72,오금,1003
00:07:89:14:6f:41,경찰병원,1003
00:40:5a:bf:ef:42,상봉,1007
00:30:0d:7d:09:f0,상봉,1007
00:40:5a:bf:ef:43,상봉,1007
00:25:a6:a4:5c:f6,상봉,1007
00:25:a6:a5:2c:03,상봉,1007
00:25:a6:a4:5c:f7,상봉,1007
0a:30:0d:7a:c6:d1,상봉,1007
00:30:0d:7a:c6:d0,상봉,1007
00:40:5a:c0:5e:cb,상봉,1007
00:40:5a:bb:fd:32,상봉,1007
06:30:0d:7d:09:e1,상봉,1007
06:30:0d:7c:ad:41,상봉,1007
00:40:5a:c0:5e:ca,상봉,1007
00:40:5a:bb:fd:33,상봉,1007
00:25:a6:a4:33:bc,상봉,1007
00:40:5a:af:34:32,교대,1003
00:40:5a:af:15:93,교대,1003
00:30:0d:84:54:e0,교대,1003
0a:40:5a:cd:73:0a,인천국제공항,1065
00:40:5a:e4:cc:5b,인천국제공항,1065
00:27:1c:09:a0:24,인천국제공항,1065
00:40:5a:e4:c9:9b,인천국제공항,1065
00:27:1c:09:a0:26,인천국제공항,1065
00:07:89:14:4b:41,공항화물청사,1065
00:07:89:14:60:c1,공항화물청사,1065
00:07:89:14:6d:95,공항화물청사,1065
00:27:1c:09:a5:53,공항화물청사,1065
02:07:89:14:4b:41,공항화물청사,1065
02:07:89:14:60:c1,공항화물청사,1065
02:07:89:14:6d:95,공항화물청사,1065
00:27:1c:09:a5:58,공항화물청사,1065
00:07:89:14:6d:94,공항화물청사,1065
00:27:1c:09:a5:67,공항화물청사,1065
02:07:89:14:60:c0,공항화물청사,1065
02:17:b2:02:45:f0,공항화물청사,1065
00:30:0d:84:f0:d0,잠실,1008
00:40:5a:bb:1a:23,잠실,1008
00:30:0d:84:ef:00,잠실,1008
00:40:5a:bb:34:53,잠실,1008
00:30:0d:84:f0:f0,잠실,1008
00:40:5a:bb:37:ea,잠실,1008
02:07:89:0f:d9:10,잠실,1008
00:30:0d:84:ef:10,잠실,1008
00:40:5a:ba:d3:bb,잠실,1008
00:40:5a:bb:1b:82,잠실,1008
00:40:5a:bb:1b:83,잠실,1008
00:40:5a:ba:cd:0b,잠실,1008
00:40:5a:bb:37:eb,잠실,1008
02:07:89:0f:d8:f8,잠실,1008
12:16:1f:03:63:73,석촌,1008
00:07:89:14:6d:25,석촌,1008
00:07:89:14:6d:0d,석촌,1008
12:16:1f:03:87:1f,석촌,1008
12:16:1f:03:87:1e,석촌,1008
00:16:1f:03:63:73,석촌,1008
02:07:89:14:6d:0d,석촌,1008
00:16:1f:03:87:1f,석촌,1008
00:16:1f:03:87:1e,석촌,1008
00:40:5a:bb:3f:22,석촌,1008
00:40:5a:bb:3f:23,석촌,1008
12:16:1f:03:63:72,석촌,1008
02:07:89:14:6d:25,석촌,1008
00:40:5a:ba:ea:82,석촌,1008
00:07:89:10:49:1d,동대문,1004
00:40:5a:b7:90:8b,동대문,1004
02:07:89:0f:20:23,동대문,1004
02:07:89:0f:20:12,동대문,1004
02:07:89:10:4e:66,동대문,1004
00:40:5a:c8:3d:5b,동대문,1004
00:07:89:0f:20:22,동대문,1004
00:07:89:0f:20:2a,동대문,1004
00:40:5a:b7:8f:62,동대문,1004
02:07:89:14:6e:71,경찰병원,1003
00:07:89:14:6f:c1,경찰병원,1003
02:07:89:0f:d9:b5,가락시장,1003
02:07:89:0f:d9:71,가락시장,1003
02:07:89:0f:d9:81,가락시장,1003
06:30:0d:7a:7c:61,가락시장,1003
06:30:0d:73:87:a1,가락시장,1003
00:30:0d:73:87:a0,가락시장,1003
00:40:5a:a4:b2:e3,가락시장,1003
00:40:5a:a4:b2:e2,가락시장,1003
00:40:5a:bb:52:02,가락시장,1003
00:07:89:0f:d9:70,가락시장,1003
00:07:89:0f:d9:81,가락시장,1003
00:07:89:0f:d9:15,가락시장,1003
0a:30:0d:72:52:f1,가락시장,1003
06:30:0d:72:3f:81,가락시장,1003
00:40:5a:bb:95:fb,가락시장,1003
02:07:89:0f:d9:b4,가락시장,1003
00:30:0d:7a:7c:60,가락시장,1003
00:30:0d:72:52:f0,가락시장,1003
06:17:b2:04:64:8a,가락시장,1003
00:40:5a:bb:88:22,가락시장,1003
00:40:5a:bb:88:23,가락시장,1003
02:07:89:0f:d9:75,가락시장,1003
00:40:5a:a4:b7:9a,가락시장,1003
0a:30:0d:72:40:d1,가락시장,1003
02:07:89:0f:d9:6d,가락시장,1003
00:40:5a:a4:b7:9b,가락시장,1003
00:30:0d:72:40:d0,가락시장,1003
0a:30:0d:78:00:d1,가락시장,1003
00:40:5a:bb:86:02,가락시장,1003
00:30:0d:78:00:d0,가락시장,1003
00:07:89:0f:d9:89,가락시장,1003
02:07:89:0f:d9:89,가락시장,1003
06:30:0d:72:40:c1,가락시장,1003
00:30:0d:72:40:c0,가락시장,1003
00:40:5a:bb:52:83,가락시장,1003
06:30:0d:78:00:c1,가락시장,1003
00:30:0d:78:00:c0,가락시장,1003
00:07:89:0f:d9:6d,가락시장,1003
00:07:89:0f:d9:75,가락시장,1003
00:07:89:0f:d9:b8,가락시장,1003
00:40:5a:bb:b4:7a,가락시장,1003
00:40:5a:bb:52:82,가락시장,1003
02:07:89:0f:d9:b8,가락시장,1003
02:07:89:0f:d9:c4,가락시장,1003
00:40:5a:bb:b4:7b,가락시장,1003
02:07:89:0f:d9:70,가락시장,1003
00:07:89:0f:d9:6c,가락시장,1003
06:30:0d:72:52:e1,가락시장,1003
02:07:89:0f:d9:74,가락시장,1003
00:30:0d:72:52:e0,가락시장,1003
00:40:5a:bb:52:03,가락시장,1003
02:07:89:0f:d9:6c,가락시장,1003
0a:30:0d:72:3f:91,가락시장,1003
00:40:5a:c0:0c:9a,구룡,1075
00:40:5a:bf:a2:a2,구룡,1075
00:40:5a:c0:14:42,구룡,1075
12:16:1f:03:7f:0a,구룡,1075
00:16:1f:03:7f:0b,구룡,1075
00:40:5a:c0:14:43,구룡,1075
00:16:1f:03:7f:0a,구룡,1075
00:40:5a:bf:a2:a3,구룡,1075
00:07:89:14:62:19,구룡,1075
00:07:89:14:62:2d,구룡,1075
02:07:89:14:62:19,구룡,1075
02:07:89:14:62:2d,구룡,1075
02:07:89:14:61:ed,구룡,1075
00:16:1f:03:5a:43,구룡,1075
12:16:1f:03:85:d6,구룡,1075
00:16:1f:03:61:03,구룡,1075
00:40:5a:bc:16:02,구룡,1075
00:07:89:14:62:2c,구룡,1075
00:40:5a:bc:16:03,구룡,1075
00:40:5a:bf:77:5b,구룡,1075
02:07:89:14:62:2c,구룡,1075
12:16:1f:03:7f:0b,구룡,1075
00:07:89:14:62:04,구룡,1075
00:40:5a:af:10:23,사평,1009
00:40:5a:af:10:22,사평,1009
00:40:5a:af:3b:a3,사평,1009
00:25:a6:a4:fb:89,사평,1009
00:25:a6:a4:d6:e0,사평,1009
12:16:1f:03:6d:ca,사평,1009
00:25:a6:a5:19:da,사평,1009
00:25:a6:a5:26:a0,사평,1009
00:40:5a:c3:e7:5b,사평,1009
00:16:1f:03:6d:ca,사평,1009
02:07:89:14:61:51,가천대,1075
02:07:89:14:61:61,가천대,1075
00:07:89:14:61:74,가천대,1075
00:40:5a:c8:52:ba,가천대,1075
02:07:89:14:61:60,가천대,1075
00:40:5a:c8:52:bb,가천대,1075
00:07:89:14:61:61,가천대,1075
00:30:0d:57:d7:e1,가천대,1075
06:30:0d:57:ce:81,가천대,1075
02:07:89:14:61:88,가천대,1075
02:07:89:14:61:85,가천대,1075
00:30:0d:57:ce:81,가천대,1075
02:07:89:14:61:74,가천대,1075
00:07:89:14:61:88,가천대,1075
00:40:5a:c0:51:5a,가천대,1075
02:07:89:14:61:50,가천대,1075
00:07:89:14:61:60,가천대,1075
00:16:1f:03:36:a3,가천대,1075
12:16:1f:03:6d:6f,태평,1075
00:07:89:14:61:7d,태평,1075
12:16:1f:03:5e:2e,태평,1075
00:40:5a:c0:60:3a,태평,1075
00:16:1f:03:53:43,태평,1075
00:16:1f:03:6d:6f,태평,1075
00:16:1f:03:6d:6e,태평,1075
00:40:5a:c0:60:3b,태평,1075
00:40:5a:c0:4e:92,태평,1075
00:07:89:14:61:8d,태평,1075
00:40:5a:c0:51:62,태평,1075
00:40:5a:c0:4e:93,태평,1075
02:07:89:14:61:7d,태평,1075
00:16:1f:03:5e:2f,태평,1075
00:40:5a:c0:51:63,태평,1075
02:07:89:14:61:8d,태평,1075
12:16:1f:03:6d:6e,태평,1075
12:16:1f:03:6e:aa,먹골,1007
12:16:1f:03:6a:92,먹골,1007
12:16:1f:03:6a:93,먹골,1007
00:40:5a:c0:3b:a2,먹골,1007
12:16:1f:03:4a:8b,먹골,1007
00:40:5a:c0:1c:d3,먹골,1007
00:16:1f:03:6e:aa,먹골,1007
00:16:1f:03:6a:92,먹골,1007
00:40:5a:c0:4a:9b,먹골,1007
00:16:1f:03:4a:8a,먹골,1007
12:16:1f:03:6e:ab,먹골,1007
00:25:a6:a4:56:c5,먹골,1007
00:16:1f:03:4a:8b,먹골,1007
00:40:5a:c0:4a:9a,먹골,1007
12:16:1f:03:87:a3,먹골,1007
12:16:1f:03:87:a2,먹골,1007
00:16:1f:03:6e:ab,먹골,1007
00:25:a6:a4:37:8b,먹골,1007
00:25:a6:a4:56:c6,먹골,1007
00:16:1f:03:6a:93,먹골,1007
00:40:5a:c0:3b:a3,먹골,1007
00:40:5a:c0:39:f2,먹골,1007
00:30:0d:54:c8:7d,정자,1075
00:40:5a:c8:1f:23,정자,1075
00:30:0d:61:0a:54,정자,1075
00:09:b4:61:3c:6a,정자,1075
12:16:1f:03:30:de,정자,1075
00:09:b4:61:40:1e,정자,1075
12:16:1f:03:53:47,정자,1075
12:16:1f:03:56:c3,정자,1075
12:16:1f:03:56:c2,정자,1075
02:09:b4:61:3f:bb,정자,1075
02:09:b4:61:3c:6b,정자,1075
02:09:b4:61:3e:33,정자,1075
00:16:1f:03:53:47,정자,1075
00:16:1f:03:56:c2,정자,1075
12:16:1f:03:6b:f2,사가정,1007
00:25:a6:a4:a5:99,사가정,1007
00:25:a6:a4:a9:ef,사가정,1007
02:09:b4:61:34:ea,신당,1006
00:30:0d:73:1d:00,신당,1006
02:07:89:10:4a:67,신당,1006
00:40:5a:c7:b6:0b,신당,1006
02:09:b4:61:3f:af,서울,1065
02:09:b4:61:3f:ae,서울,1065
00:30:0d:84:a8:50,서울,1065
00:30:0d:84:de:50,서울,1065
00:30:0d:84:de:40,서울,1065
00:09:b4:61:3f:af,서울,1065
00:09:b4:61:3f:ae,서울,1065
0a:30:0d:84:de:52,서울,1065
00:09:b4:61:41:67,서울,1065
00:40:5a:bf:f0:5a,서울,1065
00:40:5a:bf:f3:a3,서울,1065
00:30:0d:84:a8:40,서울,1065
02:09:b4:61:40:4b,서울,1065
02:09:b4:61:40:4a,서울,1065
00:30:0d:84:de:b0,서울,1065
00:40:5a:bf:f2:1b,서울,1065
00:40:5a:c0:21:a3,서울,1065
00:30:0d:84:de:a0,서울,1065
02:09:b4:61:41:1f,서울,1065
00:07:89:10:42:78,서울,1065
00:09:b4:61:40:4b,서울,1065
00:40:5a:c0:21:a2,서울,1065
02:09:b4:61:16:f7,노량진,1009
00:40:5a:af:20:52,노량진,1009
00:09:b4:61:16:f6,노량진,1009
0a:30:0d:83:6b:72,노량진,1009
02:09:b4:61:0a:13,노량진,1009
00:16:1f:03:29:be,흑석,1009
00:16:1f:03:4d:6e,흑석,1009
02:09:b4:61:07:4a,흑석,1009
00:40:5a:c3:73:8b,흑석,1009
00:40:5a:af:75:9a,흑석,1009
00:09:b4:61:07:4a,흑석,1009
02:09:b4:61:07:1f,흑석,1009
00:09:b4:61:07:3e,흑석,1009
00:09:b4:61:07:1e,흑석,1009
12:16:1f:03:58:1e,흑석,1009
00:16:1f:03:58:1e,흑석,1009
00:40:5a:af:29:42,흑석,1009
00:40:5a:af:46:7a,흑석,1009
00:40:5a:af:0f:12,흑석,1009
02:09:b4:61:07:1e,흑석,1009
00:40:5a:c3:79:0b,흑석,1009
00:40:5a:af:56:9b,흑석,1009
5a:08:fa:00:16:1b,강남구청,1075
5a:08:fa:00:17:ee,강남구청,1075
58:08:fa:00:1c:0f,강남구청,1075
5a:08:fa:00:13:c7,강남구청,1075
00:30:0d:84:fa:10,강남구청,1075
5a:08:fa:00:13:c6,강남구청,1075
58:08:fa:00:13:c7,강남구청,1075
5a:08:fa:00:16:4b,강남구청,1075
00:30:0d:84:fa:00,강남구청,1075
12:e3:c7:04:2b:e0,선정릉,1075
10:e3:c7:04:2b:e0,선정릉,1075
0a:0e:47:01:30:62,선정릉,1075
12:e3:c7:04:2b:df,선정릉,1075
06:0e:47:01:30:62,선정릉,1075
0e:0e:47:01:30:62,선정릉,1075
10:e3:c7:04:2b:df,선정릉,1075
12:e3:c7:04:2b:e4,선정릉,1075
58:08:fa:00:08:7a,선정릉,1075
58:08:fa:00:30:77,압구정로데오,1075
12:16:1f:03:74:82,양재,1077
00:16:1f:03:5f:da,양재,1077
00:09:b4:61:03:23,양재시민의숲,1077
00:09:b4:61:03:22,양재시민의숲,1077
0e:0e:47:01:3c:ca,양재시민의숲,1077
0a:0e:47:01:3c:ca,양재시민의숲,1077
12:16:1f:03:69:af,양재시민의숲,1077
12:16:1f:03:69:ae,양재시민의숲,1077
12:16:1f:03:58:c3,양재시민의숲,1077
12:16:1f:03:71:8f,양재시민의숲,1077
02:09:b4:61:03:23,양재시민의숲,1077
02:09:b4:61:03:22,양재시민의숲,1077
00:16:1f:03:69:af,양재시민의숲,1077
00:16:1f:03:69:ae,양재시민의숲,1077
00:16:1f:03:57:5b,양재시민의숲,1077
00:16:1f:03:58:c3,양재시민의숲,1077
02:09:b4:61:02:52,양재시민의숲,1077
00:40:5a:e4:c9:13,고려대,1006
00:16:1f:03:6b:f7,고려대,1006
06:30:0d:5d:dc:d4,단대오거리,1008
00:40:5a:c9:35:03,단대오거리,1008
00:40:5a:c9:3f:8b,단대오거리,1008
00:30:0d:5d:dc:d4,단대오거리,1008
00:40:5a:c9:3f:8a,단대오거리,1008
00:40:5a:ba:ea:83,석촌,1008
00:07:89:14:6d:21,석촌,1008
12:16:1f:03:38:e7,석촌,1008
00:16:1f:03:38:e7,석촌,1008
00:07:89:14:6d:11,석촌,1008
02:07:89:14:6d:24,석촌,1008
02:07:89:14:6d:21,석촌,1008
02:07:89:14:6d:11,석촌,1008
00:40:5a:ba:d2:5a,석촌,1008
00:40:5a:ba:d2:5b,석촌,1008
00:40:5a:ba:d2:12,석촌,1008
12:16:1f:03:38:e6,석촌,1008
00:16:1f:03:38:e6,석촌,1008
00:07:89:14:6c:f9,석촌,1008
00:40:5a:ba:d2:13,석촌,1008
02:07:89:14:6c:f9,석촌,1008
00:40:5a:ba:e9:db,석촌,1008
00:07:89:14:6d:0c,석촌,1008
00:40:5a:bb:3e:2a,석촌,1008
00:07:89:14:6c:f8,석촌,1008
12:16:1f:03:57:1a,석촌,1008
12:16:1f:03:7f:a6,석촌,1008
02:07:89:14:6d:0c,석촌,1008
02:07:89:14:6c:f8,석촌,1008
02:07:89:14:6d:20,석촌,1008
00:16:1f:03:57:1a,석촌,1008
12:16:1f:03:57:1b,석촌,1008
12:16:1f:03:7f:a7,석촌,1008
12:16:1f:03:87:3f,서현,1075
12:16:1f:03:80:17,서현,1075
12:16:1f:03:80:16,서현,1075
02:07:89:14:61:00,서현,1075
00:16:1f:03:82:92,서현,1075
00:16:1f:03:6a:be,서현,1075
00:40:5a:c0:25:f3,서현,1075
02:07:89:14:61:24,서현,1075
00:17:b2:6e:01:9d,서현,1075
00:16:1f:03:87:3f,서현,1075
00:40:5a:c0:24:cb,서현,1075
02:07:89:14:61:14,서현,1075
00:07:89:14:61:24,서현,1075
00:07:89:14:61:15,서현,1075
00:40:5a:c0:51:1a,가천대,1075
00:40:5a:c8:5c:92,가천대,1075
12:16:1f:03:7b:5a,가천대,1075
00:40:5a:b8:2b:53,공항시장,1009
02:17:b2:02:55:c8,공항시장,1009
00:16:1f:03:7e:37,공항시장,1009
00:16:1f:03:7e:36,공항시장,1009
02:07:89:10:4c:55,공항시장,1009
00:25:a6:a5:17:22,공항시장,1009
00:07:89:10:4c:55,공항시장,1009
00:25:a6:a5:26:22,공항시장,1009
12:16:1f:03:7d:c7,공항시장,1009
00:40:5a:b8:33:5b,공항시장,1009
00:16:1f:03:7d:c7,공항시장,1009
00:16:1f:03:7d:c6,공항시장,1009
00:25:a6:a5:26:23,공항시장,1009
00:25:a6:a5:08:be,공항시장,1009
00:40:5a:b7:d8:eb,공항시장,1009
00:40:5a:bc:46:a2,공항시장,1009
00:40:5a:b7:d8:ea,공항시장,1009
00:25:a6:a5:08:bd,공항시장,1009
00:40:5a:bc:46:a3,공항시장,1009
02:17:b2:02:50:ee,신방화,1009
00:25:a6:a4:3f:a1,뚝섬유원지,1007
00:40:5a:bf:7d:32,뚝섬유원지,1007
00:25:a6:a4:69:2b,뚝섬유원지,1007
00:17:b2:01:a9:f2,뚝섬유원지,1007
12:0e:47:00:19:60,뚝섬유원지,1007
00:09:b4:64:0a:cb,뚝섬유원지,1007
00:17:b2:01:a9:6a,뚝섬유원지,1007
00:40:5a:bf:c8:6b,뚝섬유원지,1007
00:17:b2:01:a9:f0,뚝섬유원지,1007
00:17:b2:01:a9:68,뚝섬유원지,1007
02:09:b4:64:0a:cb,뚝섬유원지,1007
00:25:a6:a5:2d:e4,뚝섬유원지,1007
00:40:5a:bf:7d:33,뚝섬유원지,1007
00:09:b4:64:07:fb,뚝섬유원지,1007
12:0e:47:00:18:87,뚝섬유원지,1007
00:25:a6:a4:69:2c,뚝섬유원지,1007
12:0e:47:00:17:15,뚝섬유원지,1007
12:0e:47:00:19:3e,뚝섬유원지,1007
00:09:b4:61:55:fa,신사,1003
00:40:5a:af:2f:4b,신사,1003
02:09:b4:61:48:4a,신사,1003
12:16:1f:03:74:fa,신사,1003
00:25:a6:a5:5e:d6,양천향교,1009
02:07:89:10:51:d0,양천향교,1009
02:17:b2:02:50:f0,양천향교,1009
00:25:a6:a4:dc:72,양천향교,1009
00:25:a6:a5:5e:d5,양천향교,1009
00:40:5a:b7:dc:f2,양천향교,1009
12:16:1f:03:81:66,양천향교,1009
12:16:1f:03:81:67,양천향교,1009
00:16:1f:03:3d:af,양천향교,1009
00:40:5a:b7:dc:f3,양천향교,1009
00:16:1f:03:3d:ae,양천향교,1009
00:16:1f:03:81:67,양천향교,1009
12:16:1f:03:7f:ff,양천향교,1009
00:25:a6:a4:dc:71,양천향교,1009
00:07:89:0f:d6:a5,수서,1003
0a:30:0d:84:34:52,공덕,1006
00:07:89:0f:da:05,공덕,1006
00:07:89:0f:da:29,공덕,1006
0a:30:0d:84:db:72,공덕,1006
0a:30:0d:84:34:32,공덕,1006
00:07:89:0f:da:21,공덕,1006
0a:30:0d:84:31:d2,공덕,1006
02:07:89:0f:da:19,공덕,1006
00:30:0d:84:34:50,공덕,1006
02:07:89:0f:da:05,공덕,1006
02:07:89:0f:da:29,공덕,1006
00:30:0d:84:db:70,공덕,1006
00:30:0d:84:34:30,공덕,1006
02:07:89:0f:da:21,공덕,1006
00:40:5a:c8:8c:eb,공덕,1006
00:40:5a:c8:8c:ea,공덕,1006
00:07:89:0f:da:28,공덕,1006
06:17:b2:04:75:3e,공덕,1006
04:17:b2:04:75:3c,공덕,1006
02:07:89:10:5a:8c,공덕,1006
04:17:b2:04:75:38,공덕,1006
06:17:b2:04:75:3a,공덕,1006
00:40:5a:b7:a5:d2,공덕,1006
00:07:89:0f:da:20,공덕,1006
00:07:89:0f:da:24,공덕,1006
02:07:89:0f:da:28,공덕,1006
00:40:5a:b7:a5:d3,공덕,1006
00:40:5a:b7:90:cb,공덕,1006
00:30:0d:84:31:c0,공덕,1006
02:07:89:0f:da:20,공덕,1006
02:07:89:0f:da:24,공덕,1006
02:07:89:0f:da:04,공덕,1006
00:30:0d:84:db:60,공덕,1006
00:07:89:0f:da:04,공덕,1006
00:30:0d:84:31:d0,공덕,1006
00:40:5a:b7:90:ca,공덕,1006
12:16:1f:03:7f:67,효창공원앞,1006
00:07:89:14:4b:b9,효창공원앞,1006
12:16:1f:03:79:22,효창공원앞,1006
02:07:89:14:4b:b9,효창공원앞,1006
12:16:1f:03:6e:77,효창공원앞,1006
12:16:1f:03:6e:76,효창공원앞,1006
00:40:5a:e2:f5:d9,효창공원앞,1006
00:07:89:14:47:e9,효창공원앞,1006
12:16:1f:03:5d:bb,효창공원앞,1006
00:40:5a:c8:38:1a,효창공원앞,1006
00:16:1f:03:6e:77,효창공원앞,1006
02:07:89:14:49:39,효창공원앞,1006
06:40:5a:e2:f5:d9,효창공원앞,1006
06:40:5a:e2:f7:5d,효창공원앞,1006
06:40:5a:e2:f5:da,효창공원앞,1006
02:07:89:14:47:e9,효창공원앞,1006
00:40:5a:c8:38:1b,효창공원앞,1006
12:16:1f:03:5d:ba,효창공원앞,1006
00:07:89:14:47:e8,효창공원앞,1006
00:16:1f:03:7f:67,효창공원앞,1006
00:16:1f:03:5d:bb,효창공원앞,1006
00:07:89:14:49:38,효창공원앞,1006
02:07:89:14:47:e8,효창공원앞,1006
02:07:89:14:49:38,효창공원앞,1006
00:40:5a:e2:f5:da,효창공원앞,1006
00:40:5a:e2:f7:5e,효창공원앞,1006
00:40:5a:e2:f7:5d,효창공원앞,1006
00:07:89:14:4b:b8,효창공원앞,1006
00:16:1f:03:6e:76,효창공원앞,1006
06:40:5a:e2:f7:5e,효창공원앞,1006
00:16:1f:03:79:22,효창공원앞,1006
12:16:1f:03:7f:66,효창공원앞,1006
00:16:1f:03:7f:66,효창공원앞,1006
00:07:89:14:6d:a5,한성대입구,1004
00:40:5a:b0:29:7a,한성대입구,1004
00:07:89:14:6d:a4,한성대입구,1004
02:17:b2:02:71:0c,신당,1006
02:07:89:10:5a:0b,신당,1006
00:30:0d:75:cf:90,신당,1006
02:09:b4:61:43:4e,신당,1006
06:30:0d:84:f2:82,동묘앞,1006
00:40:5a:b7:06:82,동묘앞,1006
00:40:5a:b7:3d:a2,동묘앞,1006
00:30:0d:84:f2:80,동묘앞,1006
00:40:5a:b7:06:83,동묘앞,1006
00:40:5a:b7:3d:a3,동묘앞,1006
0a:30:0d:84:48:52,동묘앞,1006
00:30:0d:84:48:50,동묘앞,1006
0a:30:0d:84:f2:92,동묘앞,1006
00:09:b4:61:3d:5b,동묘앞,1006
00:30:0d:84:f2:90,동묘앞,1006
00:25:a6:a5:22:fe,망원,1006
00:16:1f:03:5e:82,망원,1006
22:e3:c7:05:0e:ea,망원,1006
00:25:a6:a5:22:fd,망원,1006
00:40:5a:bb:59:fa,망원,1006
12:16:1f:03:5e:8b,망원,1006
10:e3:c7:05:0e:ef,망원,1006
00:40:5a:ba:cc:cb,망원,1006
00:40:5a:bb:59:fb,망원,1006
10:e3:c7:05:0e:ea,망원,1006
00:25:a6:a5:16:10,망원,1006
00:16:1f:03:5e:8a,망원,1006
00:40:5a:bb:a9:6a,망원,1006
12:16:1f:03:5e:8a,망원,1006
00:25:a6:a5:16:0f,망원,1006
00:40:5a:bb:a9:6b,망원,1006
00:40:5a:bb:8e:ab,망원,1006
06:30:0d:84:f1:02,합정,1006
0a:30:0d:84:f1:12,합정,1006
00:07:89:0f:d5:cd,합정,1006
00:40:5a:b7:05:aa,합정,1006
06:30:0d:84:fb:e2,합정,1006
00:07:89:0f:d5:d1,합정,1006
0a:30:0d:84:fb:f2,합정,1006
00:30:0d:84:f1:00,합정,1006
00:30:0d:84:f1:10,합정,1006
02:07:89:0f:d5:cc,합정,1006
02:07:89:0f:d5:cd,합정,1006
00:40:5a:b7:05:ab,합정,1006
02:07:89:0f:d5:d1,합정,1006
00:30:0d:84:fb:e0,합정,1006
00:30:0d:84:fb:f0,합정,1006
00:07:89:0f:d5:e5,합정,1006
00:40:5a:b7:06:72,합정,1006
06:30:0d:84:e5:02,합정,1006
06:30:0d:84:58:a2,합정,1006
00:40:5a:b7:06:73,합정,1006
02:07:89:0f:d5:e5,합정,1006
02:07:89:0f:d5:e4,합정,1006
00:30:0d:84:58:a0,합정,1006
00:07:89:0f:d5:d0,합정,1006
0a:30:0d:84:58:b2,합정,1006
00:30:0d:84:58:b0,합정,1006
0a:30:0d:84:e5:12,합정,1006
00:40:5a:b6:ff:2a,합정,1006
00:40:5a:b6:ff:2b,합정,1006
00:40:5a:b0:12:3b,합정,1006
00:07:89:0f:d5:e4,합정,1006
02:07:89:0f:d5:e1,합정,1006
00:07:89:0f:d5:cc,합정,1006
00:40:5a:b0:35:82,합정,1006
00:07:89:0f:d5:e1,합정,1006
00:40:5a:b0:12:3a,합정,1006
00:40:5a:b0:35:83,합정,1006
00:07:89:0f:d5:dd,합정,1006
00:40:5a:b6:f0:aa,합정,1006
00:07:89:0f:d5:dc,합정,1006
02:07:89:0f:d5:dd,합정,1006
00:40:5a:b6:f0:ab,합정,1006
00:30:0d:84:e5:00,합정,1006
00:40:5a:b0:40:d2,합정,1006
02:07:89:0f:d5:d0,합정,1006
00:40:5a:b0:40:d3,합정,1006
06:17:b2:04:8e:92,명동,1004
0a:30:0d:74:4f:91,명동,1004
00:07:89:0f:22:17,명동,1004
00:07:89:0f:22:1b,명동,1004
00:40:5a:92:46:63,명동,1004
00:30:0d:74:4f:90,명동,1004
00:40:5a:92:46:62,명동,1004
06:30:0d:74:4f:81,명동,1004
02:07:89:0f:22:17,명동,1004
02:07:89:0f:22:1b,명동,1004
00:30:0d:7d:09:e0,상봉,1007
00:30:0d:7c:ad:40,상봉,1007
02:07:89:14:4b:d0,단대오거리,1008
02:07:89:14:4b:f9,단대오거리,1008
02:07:89:14:4b:c0,단대오거리,1008
12:16:1f:03:61:bf,신흥,1008
12:16:1f:03:61:be,신흥,1008
00:07:89:14:6c:61,신흥,1008
00:07:89:14:6c:60,신흥,1008
12:16:1f:03:66:8f,신흥,1008
12:16:1f:03:66:8e,신흥,1008
00:40:5a:c8:95:62,신흥,1008
12:16:1f:03:70:df,신흥,1008
00:16:1f:03:61:be,신흥,1008
02:07:89:14:6c:61,신흥,1008
02:07:89:14:6c:39,신흥,1008
02:07:89:14:6c:38,신흥,1008
00:16:1f:03:66:8e,신흥,1008
00:16:1f:03:66:8f,신흥,1008
00:16:1f:03:70:df,신흥,1008
00:16:1f:03:70:de,신흥,1008
00:40:5a:c8:95:63,신흥,1008
12:16:1f:03:70:de,신흥,1008
00:40:5a:c9:04:62,신흥,1008
12:16:1f:03:85:92,신흥,1008
00:16:1f:03:85:92,신흥,1008
00:07:89:14:6c:38,신흥,1008
00:40:5a:c9:34:f2,신흥,1008
02:07:89:14:6c:3d,신흥,1008
00:16:1f:03:85:93,신흥,1008
00:07:89:14:6c:4d,신흥,1008
12:16:1f:03:85:93,신흥,1008
00:07:89:14:6c:39,신흥,1008
00:07:89:14:6c:3c,신흥,1008
02:07:89:14:6c:60,신흥,1008
00:07:89:14:6c:3d,신흥,1008
00:40:5a:c9:0d:b3,신흥,1008
00:40:5a:c9:0d:b2,신흥,1008
02:07:89:14:6c:3c,신흥,1008
00:16:1f:03:61:bf,신흥,1008
00:40:5a:c9:34:f3,신흥,1008
00:07:89:14:6c:4c,신흥,1008
02:07:89:14:6c:4c,신흥,1008
00:40:5a:c9:04:63,신흥,1008
12:16:1f:03:6d:f2,신흥,1008
00:40:5a:c9:48:cb,신흥,1008
00:40:5a:c9:48:ca,신흥,1008
02:07:89:14:6c:4d,신흥,1008
00:16:1f:03:6d:f3,신흥,1008
00:16:1f:03:6d:f2,신흥,1008
12:16:1f:03:6d:f3,신흥,1008
00:40:5a:c9:28:03,신흥,1008
00:40:5a:c9:28:02,신흥,1008
02:07:89:14:6c:75,신흥,1008
00:09:b4:61:3a:86,디지털미디어시티,1065
02:09:b4:61:46:57,디지털미디어시티,1065
06:30:0d:83:67:e2,홍대입구,1065
06:30:0d:84:9f:22,홍대입구,1065
00:30:0d:83:67:e0,홍대입구,1065
00:40:5a:c0:48:9b,홍대입구,1065
00:09:b4:61:36:ce,홍대입구,1065
00:30:0d:84:9f:30,홍대입구,1065
02:07:89:10:42:78,홍대입구,1065
00:30:0d:84:9f:20,홍대입구,1065
00:09:b4:61:35:e2,홍대입구,1065
00:40:5a:c8:17:da,홍대입구,1065
02:07:89:0f:d4:9c,선릉,1075
0a:30:0d:74:d9:71,선릉,1075
00:07:89:0f:d4:91,선릉,1075
00:30:0d:74:d9:70,선릉,1075
02:07:89:0f:d4:a9,선릉,1075
02:07:89:0f:d4:98,선릉,1075
02:07:89:0f:d6:2c,선릉,1075
00:40:5a:bf:95:73,선릉,1075
00:07:89:0f:d4:98,선릉,1075
10:e3:c7:04:0e:af,선릉,1075
00:40:5a:bf:98:f3,선릉,1075
00:40:5a:bf:95:72,선릉,1075
12:16:1f:03:4d:bf,한티,1075
00:07:89:14:62:25,한티,1075
12:16:1f:03:4d:be,한티,1075
00:40:5a:c3:8e:9a,한티,1075
00:40:5a:c3:86:4a,한티,1075
00:07:89:14:61:fd,한티,1075
12:16:1f:03:5b:d7,한티,1075
02:07:89:14:62:25,한티,1075
00:40:5a:c3:8e:9b,한티,1075
00:16:1f:03:4d:be,한티,1075
02:07:89:0f:d7:09,약수,1006
00:07:89:0f:d7:09,약수,1006
00:16:1f:03:74:fa,신사,1003
06:30:0d:81:3e:21,신사,1003
00:09:b4:61:46:f6,신사,1003
02:09:b4:61:3c:2f,신사,1003
00:09:b4:61:48:4a,신사,1003
00:16:1f:03:43:4e,신사,1003
12:16:1f:03:43:4e,신사,1003
00:40:5a:af:2f:0a,신사,1003
00:09:b4:61:3c:2e,신사,1003
00:40:5a:af:36:9b,신사,1003
00:40:5a:af:2f:0b,신사,1003
00:40:5a:af:30:cb,신사,1003
00:16:1f:03:c9:d6,신사,1003
02:17:b2:02:5e:82,신사,1003
00:40:5a:af:39:da,신사,1003
00:09:b4:61:3c:2f,신사,1003
00:40:5a:af:39:db,신사,1003
02:09:b4:61:3c:2e,신사,1003
00:25:a6:a5:2a:74,계양,1065
04:17:b2:04:46:8c,계양,1065
04:17:b2:04:45:f8,계양,1065
04:17:b2:04:46:84,계양,1065
00:40:5a:c3:a6:7b,계양,1065
06:40:5a:cd:73:92,계양,1065
00:40:5a:c3:d9:73,계양,1065
00:40:5a:c3:d9:72,계양,1065
00:25:a6:a5:1b:c8,계양,1065
00:40:5a:cd:75:09,계양,1065
02:17:b2:02:45:fe,계양,1065
00:40:5a:c4:40:12,계양,1065
06:17:b2:04:48:4e,계양,1065
06:17:b2:04:44:f6,계양,1065
06:17:b2:04:3d:02,계양,1065
06:17:b2:04:45:06,계양,1065
00:25:a6:a5:2c:22,계양,1065
00:25:a6:a5:1b:c9,계양,1065
06:40:5a:cd:75:0a,계양,1065
02:17:b2:02:45:fc,계양,1065
00:27:1c:09:a2:27,계양,1065
00:25:a6:a5:22:3b,계양,1065
00:17:b2:01:a9:18,계양,1065
04:17:b2:04:48:4c,계양,1065
04:17:b2:04:44:f4,계양,1065
04:17:b2:04:3d:00,계양,1065
04:17:b2:04:45:04,계양,1065
00:25:a6:a5:14:98,계양,1065
00:40:5a:cd:74:0d,계양,1065
00:40:5a:cd:73:91,계양,1065
00:40:5a:c3:a6:7a,계양,1065
00:25:a6:a5:14:99,계양,1065
06:40:5a:cd:71:a5,계양,1065
06:40:5a:cd:73:91,계양,1065
00:40:5a:c3:d9:5b,계양,1065
00:40:5a:b7:d5:ca,염창,1009
12:16:1f:03:72:3f,염창,1009
12:16:1f:03:72:3e,염창,1009
12:16:1f:03:35:f3,염창,1009
12:16:1f:03:4e:0b,염창,1009
12:16:1f:03:35:f2,염창,1009
00:40:5a:b7:db:e3,염창,1009
00:16:1f:03:2a:4b,염창,1009
00:16:1f:03:2a:4a,염창,1009
00:40:5a:b7:d5:cb,염창,1009
00:16:1f:03:72:3f,염창,1009
00:16:1f:03:72:3e,염창,1009
00:16:1f:03:35:f3,염창,1009
00:16:1f:03:4e:0b,염창,1009
00:16:1f:03:87:a7,염창,1009
12:16:1f:03:87:a6,염창,1009
02:07:89:10:3e:96,염창,1009
00:40:5a:b7:6b:db,염창,1009
00:40:5a:c7:b2:12,새절,1006
12:16:1f:03:80:03,새절,1006
00:40:5a:c8:2b:c2,새절,1006
00:40:5a:c7:b2:13,새절,1006
00:16:1f:03:80:03,새절,1006
00:25:a6:a4:4f:7d,새절,1006
12:16:1f:03:80:02,새절,1006
00:40:5a:bc:2a:ca,새절,1006
00:40:5a:bc:2a:cb,새절,1006
00:25:a6:a4:4f:7c,새절,1006
12:16:1f:03:83:1f,새절,1006
12:16:1f:03:83:1e,새절,1006
00:16:1f:03:74:4a,새절,1006
02:09:b4:61:43:42,태릉입구,1006
0a:30:0d:83:a4:32,태릉입구,1006
00:09:b4:61:43:42,태릉입구,1006
00:09:b4:61:41:72,태릉입구,1006
00:30:0d:84:4c:d0,태릉입구,1006
12:16:1f:03:bf:f3,한성대입구,1004
00:07:89:14:6d:d5,한성대입구,1004
02:07:89:14:6d:a5,한성대입구,1004
00:40:5a:b0:29:7b,한성대입구,1004
00:16:1f:03:bf:f3,한성대입구,1004
00:16:1f:03:7c:b2,안암,1006
00:40:5a:c3:e4:32,안암,1006
00:40:5a:bb:4d:bb,안암,1006
12:16:1f:03:4b:ca,안암,1006
00:16:1f:03:4b:ca,안암,1006
02:17:b2:02:6c:52,안암,1006
06:17:b2:04:71:2a,안암,1006
06:17:b2:04:71:32,안암,1006
00:07:89:10:47:f3,안암,1006
02:17:b2:02:6c:56,안암,1006
02:17:b2:02:6c:50,안암,1006
04:17:b2:04:71:28,안암,1006
04:17:b2:04:71:30,안암,1006
12:16:1f:03:6e:57,구반포,1009
00:40:5a:c0:41:ab,먹골,1007
00:40:5a:c0:41:aa,먹골,1007
02:09:b4:61:0a:03,태릉입구,1007
00:40:5a:bf:c4:aa,태릉입구,1007
00:09:b4:61:0a:3b,태릉입구,1007
0a:30:0d:84:44:92,태릉입구,1007
00:09:b4:61:09:17,태릉입구,1007
00:09:b4:61:0a:02,태릉입구,1007
00:40:5a:bf:b9:2a,태릉입구,1007
06:30:0d:83:a3:42,태릉입구,1007
06:30:0d:84:44:82,태릉입구,1007
00:40:5a:bf:c4:ab,태릉입구,1007
00:30:0d:84:44:90,태릉입구,1007
02:09:b4:61:0a:3b,태릉입구,1007
02:09:b4:61:08:bf,태릉입구,1007
00:30:0d:83:a3:50,태릉입구,1007
02:09:b4:61:0a:02,태릉입구,1007
00:30:0d:84:6f:d0,태릉입구,1007
00:40:5a:bf:b9:2b,태릉입구,1007
00:30:0d:83:a3:40,태릉입구,1007
00:30:0d:84:44:80,태릉입구,1007
0a:30:0d:84:6f:d2,태릉입구,1007
0a:30:0d:83:a3:52,태릉입구,1007
00:09:b4:61:09:16,태릉입구,1007
00:09:b4:61:08:bf,태릉입구,1007
00:09:b4:61:08:e3,태릉입구,1007
00:40:5a:bc:34:02,태릉입구,1007
02:09:b4:61:09:17,태릉입구,1007
02:09:b4:61:09:16,태릉입구,1007
02:09:b4:61:0a:3a,태릉입구,1007
00:40:5a:bc:34:03,태릉입구,1007
00:30:0d:84:6f:c0,태릉입구,1007
00:09:b4:61:0a:3a,태릉입구,1007
06:30:0d:84:6f:c2,태릉입구,1007
00:40:5a:bf:c4:7a,태릉입구,1007
00:40:5a:bf:c4:7b,태릉입구,1007
00:09:b4:61:0a:03,태릉입구,1007
00:40:5a:bf:af:12,태릉입구,1007
02:09:b4:61:08:e3,태릉입구,1007
00:09:b4:61:08:be,태릉입구,1007
00:40:5a:bf:af:13,태릉입구,1007
02:09:b4:61:08:be,태릉입구,1007
00:09:b4:61:08:e2,태릉입구,1007
02:09:b4:61:1a:7f,태릉입구,1007
00:09:b4:61:1a:7f,태릉입구,1007
0a:30:0d:84:69:32,태릉입구,1007
00:40:5a:bf:b9:5a,태릉입구,1007
00:40:5a:bf:b9:5b,태릉입구,1007
02:09:b4:61:1a:7e,태릉입구,1007
00:30:0d:84:69:30,태릉입구,1007
06:30:0d:84:69:22,태릉입구,1007
00:09:b4:61:1a:7e,태릉입구,1007
00:30:0d:84:69:20,태릉입구,1007
00:40:5a:b7:d6:42,양천향교,1009
00:40:5a:b7:ff:23,양천향교,1009
00:16:1f:03:7f:ff,양천향교,1009
00:16:1f:03:7f:fe,양천향교,1009
00:40:5a:b7:d2:1b,양천향교,1009
00:40:5a:b7:48:bb,양천향교,1009
00:25:a6:a4:e7:c6,양천향교,1009
00:16:1f:03:81:ea,양천향교,1009
00:16:1f:03:7d:cf,양천향교,1009
00:16:1f:03:83:13,양천향교,1009
00:16:1f:03:81:eb,양천향교,1009
00:40:5a:b7:d6:43,양천향교,1009
00:16:1f:03:7d:ce,양천향교,1009
00:40:5a:b7:da:8a,양천향교,1009
12:16:1f:03:71:6a,중곡,1007
00:40:5a:bf:e5:02,중곡,1007
00:25:a6:a4:2f:2e,중곡,1007
00:25:a6:a4:2f:65,중곡,1007
12:16:1f:03:83:53,중곡,1007
12:16:1f:03:6c:c3,중곡,1007
00:40:5a:bf:e3:ea,중곡,1007
00:25:a6:a4:69:1c,중곡,1007
12:16:1f:03:83:52,중곡,1007
00:40:5a:bf:96:a2,중곡,1007
00:40:5a:bf:a5:42,중곡,1007
12:16:1f:03:2e:9a,중곡,1007
00:16:1f:03:71:6a,중곡,1007
00:40:5a:bf:e5:03,중곡,1007
00:25:a6:a4:2f:2f,중곡,1007
00:16:1f:03:83:53,중곡,1007
00:16:1f:03:6c:c3,중곡,1007
00:25:a6:a4:2f:66,중곡,1007
00:40:5a:bf:e3:eb,중곡,1007
00:25:a6:a4:69:1d,중곡,1007
00:40:5a:bb:52:53,도곡,1003
02:07:89:0f:d6:15,도곡,1003
02:07:89:0f:d5:f5,도곡,1003
00:30:0d:7c:65:80,도곡,1003
00:07:89:0f:d6:08,도곡,1003
00:07:89:0f:d6:00,도곡,1003
00:40:5a:bb:87:f2,도곡,1003
00:40:5a:bb:87:f3,도곡,1003
00:07:89:0f:d5:f4,도곡,1003
00:07:89:0f:d5:f5,도곡,1003
02:07:89:0f:d5:f4,도곡,1003
00:40:5a:bb:4b:c3,도곡,1003
22:e3:c7:05:0a:d3,매봉,1003
00:07:89:14:6f:cd,매봉,1003
22:e3:c7:05:0a:d2,매봉,1003
02:07:89:14:6f:cd,매봉,1003
10:e3:c7:05:0a:d2,매봉,1003
00:40:5a:a4:df:42,매봉,1003
02:07:89:14:6f:cc,매봉,1003
00:40:5a:a4:df:43,매봉,1003
12:16:1f:03:a3:f3,매봉,1003
00:16:1f:03:a3:f3,매봉,1003
00:07:89:14:6f:b5,매봉,1003
00:40:5a:a4:d7:22,매봉,1003
02:07:89:14:6f:b5,매봉,1003
00:40:5a:a4:d7:23,매봉,1003
00:07:89:14:6f:cc,매봉,1003
00:07:89:14:6f:e1,매봉,1003
00:16:1f:03:a3:f2,매봉,1003
00:07:89:14:6f:b4,매봉,1003
22:e3:c7:05:1c:1b,매봉,1003
02:07:89:14:6f:e1,매봉,1003
00:07:89:14:6e:ad,매봉,1003
22:e3:c7:05:19:b2,매봉,1003
02:07:89:14:6e:ad,매봉,1003
00:40:5a:a4:d7:13,매봉,1003
00:07:89:10:45:e3,매봉,1003
00:07:89:14:6f:b9,매봉,1003
22:e3:c7:05:19:b3,매봉,1003
00:40:5a:c8:44:e3,야탑,1075
02:07:89:14:61:90,야탑,1075
02:07:89:14:61:6d,야탑,1075
00:40:5a:c8:49:a2,야탑,1075
00:40:5a:c8:49:a3,야탑,1075
00:07:89:14:61:80,야탑,1075
00:40:5a:c8:44:e2,야탑,1075
00:07:89:14:61:90,야탑,1075
12:16:1f:03:7f:77,야탑,1075
02:07:89:14:61:80,야탑,1075
00:16:1f:03:7f:77,야탑,1075
00:07:89:14:61:6c,야탑,1075
00:07:89:14:61:59,야탑,1075
12:16:1f:03:7f:76,야탑,1075
02:07:89:14:61:6c,야탑,1075
00:16:1f:03:7d:33,야탑,1075
00:40:5a:c8:35:0b,야탑,1075
02:07:89:14:61:59,야탑,1075
00:16:1f:03:7f:76,야탑,1075
00:40:5a:c8:35:0a,야탑,1075
00:40:5a:c8:36:0b,야탑,1075
12:16:1f:03:84:76,야탑,1075
12:16:1f:03:74:f2,양재,1077
02:09:b4:61:00:8a,양재,1077
00:16:1f:03:74:f2,양재,1077
12:16:1f:03:5d:8a,양재,1077
02:09:b4:61:00:a2,양재,1077
00:09:b4:61:00:a2,양재,1077
00:09:b4:61:00:8a,양재,1077
02:09:b4:61:00:4f,양재,1077
00:09:b4:61:00:4f,양재,1077
00:40:5a:c8:44:cb,약수,1006
02:07:89:0f:d7:01,약수,1006
02:07:89:0f:d7:00,약수,1006
00:07:89:0f:d7:01,약수,1006
06:30:0d:7d:7f:c1,약수,1006
00:30:0d:7d:7f:c0,약수,1006
00:07:89:0f:d7:08,약수,1006
00:40:5a:c8:4a:82,약수,1006
00:40:5a:c8:4a:83,약수,1006
0a:30:0d:71:c2:91,약수,1006
02:07:89:0f:d7:08,약수,1006
00:30:0d:7d:7f:d0,약수,1006
0a:30:0d:85:21:52,청구,1006
00:07:89:0f:d8:e9,청구,1006
00:07:89:0f:d8:dd,청구,1006
0a:30:0d:85:1a:32,청구,1006
06:30:0d:85:21:42,청구,1006
0a:30:0d:85:16:92,청구,1006
00:30:0d:85:21:50,청구,1006
02:07:89:0f:d8:e9,청구,1006
00:30:0d:85:21:40,청구,1006
02:07:89:0f:d8:dd,청구,1006
02:07:89:0f:d8:c5,청구,1006
00:40:5a:c8:42:93,청구,1006
00:30:0d:85:1a:20,청구,1006
00:07:89:0f:d8:e8,청구,1006
00:40:5a:c8:42:92,청구,1006
00:07:89:0f:d8:e5,청구,1006
06:30:0d:85:1a:22,청구,1006
02:07:89:0f:d8:e5,청구,1006
00:40:5a:c8:58:8b,청구,1006
00:30:0d:85:16:80,청구,1006
00:40:5a:c8:58:8a,청구,1006
00:07:89:0f:d8:e4,청구,1006
00:40:5a:c8:56:12,청구,1006
00:07:89:0f:d8:c5,청구,1006
06:30:0d:83:6c:c2,청구,1006
06:30:0d:85:16:82,청구,1006
0a:30:0d:83:6c:d2,청구,1006
00:40:5a:c8:56:13,청구,1006
02:07:89:0f:d8:e4,청구,1006
00:40:5a:c8:43:7b,청구,1006
00:30:0d:85:16:90,청구,1006
00:30:0d:83:6c:d0,청구,1006
00:30:0d:83:6c:c0,청구,1006
00:40:5a:c8:55:23,청구,1006
00:40:5a:c8:55:22,청구,1006
00:30:0d:85:1a:30,청구,1006
00:07:89:0f:d8:c4,청구,1006
02:07:89:0f:d8:c4,청구,1006
00:40:5a:c8:57:3a,청구,1006
00:40:5a:c8:43:7a,청구,1006
02:07:89:0f:d8:e8,청구,1006
00:40:5a:c8:57:3b,청구,1006
00:30:0d:84:4a:a0,청구,1006
02:17:b2:02:73:62,청구,1006
02:07:89:10:47:5b,청구,1006
02:17:b2:02:73:60,청구,1006
02:07:89:10:4f:f7,명동,1004
04:17:b2:04:94:20,명동,1004
0a:30:0d:74:cc:31,명동,1004
00:07:89:0f:22:27,명동,1004
02:17:b2:02:94:16,명동,1004
00:40:5a:92:b5:7a,명동,1004
06:17:b2:04:9e:16,명동,1004
06:17:b2:04:97:0e,명동,1004
02:07:89:0f:22:27,명동,1004
00:30:0d:74:cc:30,명동,1004
00:40:5a:92:b5:7b,명동,1004
02:07:89:10:45:73,명동,1004
04:17:b2:04:9e:14,명동,1004
00:09:b4:61:4d:ee,고속터미널,1003
00:09:b4:61:54:ba,고속터미널,1003
00:09:b4:61:4e:3a,고속터미널,1003
00:40:5a:b8:09:fb,장지,1008
00:40:5a:b8:08:0b,장지,1008
00:07:89:14:6d:04,장지,1008
12:16:1f:03:83:ee,장지,1008
12:16:1f:03:83:ef,장지,1008
00:16:1f:03:83:ee,장지,1008
12:16:1f:03:83:43,장지,1008
00:07:89:14:6d:15,장지,1008
00:40:5a:bb:3f:fa,장지,1008
00:07:89:14:6d:01,장지,1008
00:40:5a:bb:36:d3,장지,1008
02:07:89:14:6d:15,장지,1008
00:40:5a:bb:3f:fb,장지,1008
02:07:89:14:6d:01,장지,1008
00:16:1f:03:83:ef,장지,1008
02:07:89:0f:d6:b5,수서,1003
0a:30:0d:80:23:71,수서,1003
0a:30:0d:80:50:d1,수서,1003
00:30:0d:80:50:d0,수서,1003
00:40:5a:bb:97:12,수서,1003
00:07:89:0f:d6:b5,수서,1003
00:40:5a:bb:97:13,수서,1003
02:07:89:0f:d6:99,수서,1003
00:07:89:0f:d6:99,수서,1003
0a:30:0d:7f:a9:11,수서,1003
00:30:0d:7f:a9:10,수서,1003
00:30:0d:7f:a9:00,수서,1003
06:17:b2:04:44:1a,일원,1003
00:07:89:14:6f:d1,일원,1003
12:16:1f:03:86:cb,일원,1003
12:16:1f:03:86:ca,일원,1003
00:07:89:14:6f:a9,일원,1003
12:16:1f:03:51:03,일원,1003
02:07:89:14:6f:d1,일원,1003
00:16:1f:03:86:ca,일원,1003
02:07:89:14:6f:a9,일원,1003
00:16:1f:03:51:03,일원,1003
12:16:1f:03:51:02,일원,1003
02:07:89:14:6f:d5,일원,1003
00:40:5a:bb:95:32,일원,1003
00:16:1f:03:51:02,일원,1003
00:40:5a:bb:9e:42,일원,1003
12:16:1f:03:7e:ca,일원,1003
00:40:5a:bb:95:33,일원,1003
02:07:89:14:6f:d4,일원,1003
00:16:1f:03:86:cb,일원,1003
00:07:89:14:6f:d4,일원,1003
00:07:89:14:6f:ed,일원,1003
00:07:89:14:62:21,개포동,1075
00:40:5a:bf:8b:42,개포동,1075
12:16:1f:03:7e:a6,개포동,1075
12:16:1f:03:6c:1a,개포동,1075
00:07:89:14:61:f5,개포동,1075
12:16:1f:03:6c:1b,개포동,1075
00:40:5a:bc:4f:fa,개포동,1075
02:07:89:14:62:21,개포동,1075
00:16:1f:03:80:0f,개포동,1075
00:16:1f:03:7e:a7,개포동,1075
02:07:89:14:61:f5,개포동,1075
00:40:5a:bc:4f:fb,개포동,1075
00:07:89:14:62:1d,개포동,1075
00:40:5a:bf:9c:02,대모산입구,1075
00:40:5a:bf:9c:03,대모산입구,1075
00:07:89:14:62:0d,대모산입구,1075
00:07:89:14:61:71,대모산입구,1075
02:07:89:14:61:71,대모산입구,1075
00:07:89:14:61:49,대모산입구,1075
02:07:89:14:61:49,대모산입구,1075
12:16:1f:03:84:33,대모산입구,1075
00:40:5a:b7:74:33,등촌,1009
00:40:5a:b7:d6:33,등촌,1009
00:16:1f:03:81:cb,등촌,1009
00:16:1f:03:82:c3,등촌,1009
00:40:5a:b7:dc:d2,등촌,1009
00:25:a6:a4:c7:4a,등촌,1009
02:17:b2:02:50:e6,등촌,1009
00:16:1f:03:81:ca,등촌,1009
00:40:5a:b7:dc:d3,등촌,1009
00:40:5a:b7:db:c3,등촌,1009
00:40:5a:b7:db:c2,등촌,1009
00:25:a6:a4:ca:a2,등촌,1009
00:25:a6:a4:c7:4b,등촌,1009
00:40:5a:b7:db:e2,염창,1009
12:16:1f:03:2a:4b,염창,1009
00:30:0d:84:79:b0,동묘앞,1001
00:40:5a:af:22:23,구반포,1009
00:40:5a:af:3b:7a,구반포,1009
12:16:1f:03:6e:56,구반포,1009
00:25:a6:a4:ca:bf,구반포,1009
00:25:a6:a4:e9:be,구반포,1009
00:40:5a:af:23:c2,구반포,1009
00:40:5a:af:3b:7b,구반포,1009
00:25:a6:a4:f4:69,구반포,1009
00:40:5a:af:1f:43,구반포,1009
00:25:a6:a4:e9:bf,구반포,1009
00:25:a6:a4:ca:c0,구반포,1009
00:25:a6:a4:f4:68,구반포,1009
12:16:1f:03:7a:c7,구반포,1009
00:40:5a:af:33:8a,구반포,1009
00:16:1f:03:7a:c7,구반포,1009
00:16:1f:03:7a:c6,구반포,1009
00:40:5a:af:33:8b,구반포,1009
12:16:1f:03:7a:c6,구반포,1009
06:17:b2:04:55:ea,구반포,1009
00:40:5a:b7:da:8b,양천향교,1009
02:17:b2:02:55:8c,양천향교,1009
00:25:a6:a4:e7:c5,양천향교,1009
12:16:1f:03:83:12,양천향교,1009
12:16:1f:03:3d:ae,양천향교,1009
02:17:b2:02:50:f2,양천향교,1009
00:25:a6:a4:dd:89,양천향교,1009
00:16:1f:03:65:ef,암사,1008
00:40:5a:b8:04:ca,암사,1008
00:40:5a:b8:14:bb,암사,1008
12:16:1f:03:70:f6,암사,1008
00:40:5a:cd:6f:91,암사,1008
00:16:1f:03:70:f6,암사,1008
06:40:5a:cd:6f:92,암사,1008
00:40:5a:cd:6f:92,암사,1008
00:07:89:0f:d8:f1,천호,1008
00:40:5a:bb:28:c2,천호,1008
00:40:5a:bb:28:c3,천호,1008
02:07:89:0f:d8:f1,천호,1008
02:07:89:0f:d9:09,천호,1008
00:07:89:0f:d9:09,천호,1008
00:07:89:0f:d9:0d,천호,1008
00:16:1f:03:5f:6b,공릉,1007
00:40:5a:bc:2b:3b,공릉,1007
12:16:1f:03:50:53,경찰병원,1003
00:16:1f:03:2b:b6,경찰병원,1003
02:07:89:14:6f:c1,경찰병원,1003
00:16:1f:03:50:53,경찰병원,1003
12:16:1f:03:6b:e3,경찰병원,1003
12:16:1f:03:50:52,경찰병원,1003
12:16:1f:03:80:cf,경찰병원,1003
12:16:1f:03:5a:47,경찰병원,1003
00:16:1f:03:5a:47,경찰병원,1003
00:16:1f:03:50:52,경찰병원,1003
00:40:5a:bb:c3:c2,경찰병원,1003
00:40:5a:bb:8e:42,경찰병원,1003
00:40:5a:bb:8d:82,경찰병원,1003
12:16:1f:03:5a:46,경찰병원,1003
00:40:5a:bb:8e:43,경찰병원,1003
00:40:5a:bb:8d:83,경찰병원,1003
00:16:1f:03:80:ce,경찰병원,1003
00:40:5a:bb:c3:c3,경찰병원,1003
00:16:1f:03:72:e2,경찰병원,1003
00:07:89:14:6f:40,경찰병원,1003
00:16:1f:03:80:cf,경찰병원,1003
12:16:1f:03:72:e2,경찰병원,1003
00:16:1f:03:6b:e3,경찰병원,1003
12:16:1f:03:4b:a2,경찰병원,1003
02:07:89:14:6f:c0,경찰병원,1003
02:07:89:14:6e:b0,경찰병원,1003
00:07:89:14:6f:c0,경찰병원,1003
00:07:89:14:6e:b4,경찰병원,1003
02:07:89:14:6f:e4,경찰병원,1003
00:07:89:14:6e:70,경찰병원,1003
12:16:1f:03:6d:3e,경찰병원,1003
00:07:89:14:6e:81,경찰병원,1003
00:40:5a:bb:af:32,경찰병원,1003
02:07:89:14:6f:40,경찰병원,1003
00:40:5a:b8:30:43,경찰병원,1003
00:40:5a:bb:ac:a3,경찰병원,1003
00:16:1f:03:6d:3f,경찰병원,1003
00:16:1f:03:4b:a3,경찰병원,1003
00:40:5a:bb:af:33,경찰병원,1003
02:07:89:14:6e:81,경찰병원,1003
00:40:5a:bb:4b:a3,경찰병원,1003
00:40:5a:bb:9c:fa,경찰병원,1003
00:07:89:14:6f:e5,경찰병원,1003
12:16:1f:03:4b:a3,경찰병원,1003
00:40:5a:bb:ac:a2,경찰병원,1003
02:07:89:14:6e:70,경찰병원,1003
00:40:5a:bb:9c:fb,경찰병원,1003
02:07:89:14:6f:e5,경찰병원,1003
00:16:1f:03:4b:a2,경찰병원,1003
00:40:5a:bb:8e:4a,경찰병원,1003
00:40:5a:bb:4b:a2,경찰병원,1003
00:07:89:0f:d4:8d,선릉,1075
0a:30:0d:71:d5:b1,선릉,1075
00:30:0d:71:d5:b0,선릉,1075
00:40:5a:bc:48:63,선릉,1075
0a:30:0d:74:c7:d1,선릉,1075
00:40:5a:bc:48:62,선릉,1075
00:30:0d:74:c7:d0,선릉,1075
0a:30:0d:81:03:b1,선릉,1075
00:30:0d:81:03:b0,선릉,1075
00:40:5a:bf:9b:2a,선릉,1075
00:07:89:0f:d4:99,선릉,1075
00:40:5a:bf:9b:2b,선릉,1075
00:16:1f:03:5d:8a,양재,1077
00:09:b4:61:00:6f,양재,1077
00:16:1f:03:74:83,양재,1077
12:16:1f:03:74:9f,양재,1077
00:16:1f:03:74:82,양재,1077
00:09:b4:61:00:a3,양재,1077
00:09:b4:61:00:06,양재,1077
12:16:1f:03:5f:da,양재,1077
00:09:b4:61:00:6e,양재,1077
00:16:1f:03:74:f3,양재,1077
00:16:1f:03:5d:8b,양재,1077
02:09:b4:61:00:8b,양재,1077
02:09:b4:61:00:06,양재,1077
06:17:b2:04:6a:4a,양재,1077
00:09:b4:61:00:8b,양재,1077
12:16:1f:03:5d:8b,양재,1077
00:16:1f:03:5f:db,양재,1077
02:09:b4:61:00:6e,양재,1077
00:16:1f:03:74:6e,양재,1077
12:16:1f:03:71:db,양재,1077
00:09:b4:61:00:4e,양재,1077
00:09:b4:61:00:72,양재,1077
12:16:1f:03:5f:db,양재,1077
02:09:b4:61:00:6f,양재,1077
00:16:1f:03:7b:42,잠원,1003
00:40:5a:af:37:9a,사평,1009
00:40:5a:af:3b:a2,사평,1009
00:25:a6:a5:15:b5,사평,1009
00:25:a6:a5:15:b6,사평,1009
12:16:1f:03:6e:1a,사평,1009
00:25:a6:a4:fb:8a,사평,1009
00:30:0d:58:fe:80,사평,1009
00:25:a6:a5:26:9f,사평,1009
02:30:0d:58:fe:80,사평,1009
12:16:1f:03:7d:3b,신논현,1009
12:16:1f:03:7d:3a,신논현,1009
00:16:1f:03:86:ae,신논현,1009
00:16:1f:03:7d:3b,신논현,1009
00:16:1f:03:7d:3a,신논현,1009
00:16:1f:03:52:2a,신논현,1009
12:16:1f:03:7d:b2,신논현,1009
12:16:1f:03:7d:b3,신논현,1009
00:09:b4:61:0a:6f,신논현,1009
00:09:b4:61:09:cf,신논현,1009
12:16:1f:03:52:2b,신논현,1009
12:16:1f:03:40:0f,신논현,1009
12:16:1f:03:40:0e,신논현,1009
12:16:1f:03:52:2a,신논현,1009
12:16:1f:03:86:af,신논현,1009
00:16:1f:03:7d:b3,신논현,1009
02:09:b4:61:0a:6f,신논현,1009
02:09:b4:61:09:cf,신논현,1009
00:16:1f:03:52:2b,신논현,1009
02:09:b4:61:0a:8b,신논현,1009
00:16:1f:03:86:af,신논현,1009
00:40:5a:af:3e:7b,신논현,1009
00:16:1f:03:40:0f,신논현,1009
00:16:1f:03:40:0e,신논현,1009
00:40:5a:af:3e:7a,신논현,1009
00:16:1f:03:35:57,신논현,1009
12:16:1f:03:35:56,신논현,1009
00:40:5a:af:18:b3,신논현,1009
00:16:1f:03:35:56,신논현,1009
12:16:1f:03:35:57,신논현,1009
10:e3:c7:04:2b:34,서울숲,1075
5a:08:fa:00:23:a2,서울숲,1075
10:e3:c7:04:2b:2f,서울숲,1075
5a:08:fa:00:1f:07,서울숲,1075
58:08:fa:00:2f:e3,압구정로데오,1075
12:e3:c7:04:2d:00,압구정로데오,1075
12:e3:c7:04:2c:ff,압구정로데오,1075
58:08:fa:00:30:27,압구정로데오,1075
58:08:fa:00:2f:e7,압구정로데오,1075
0a:0e:47:01:2b:9a,압구정로데오,1075
12:e3:c7:04:2c:e4,압구정로데오,1075
12:e3:c7:04:2a:23,압구정로데오,1075
58:08:fa:00:2f:d7,압구정로데오,1075
12:e3:c7:04:2a:24,압구정로데오,1075
0a:30:0d:77:bb:51,압구정로데오,1075
5a:08:fa:00:2f:e3,압구정로데오,1075
00:40:5a:bb:52:43,수서,1003
00:30:0d:7f:06:a0,수서,1003
00:40:5a:bb:49:d3,수서,1003
00:30:0d:7f:06:b0,수서,1003
02:07:89:0f:d6:9d,수서,1003
00:40:5a:bb:49:ab,수서,1003
02:07:89:0f:d6:a1,수서,1003
12:16:1f:03:83:42,장지,1008
00:40:5a:ba:df:b2,장지,1008
00:16:1f:03:7d:12,장지,1008
00:40:5a:bf:97:8a,마들,1007
12:16:1f:03:87:9f,마들,1007
00:40:5a:bc:49:c2,마들,1007
00:25:a6:a5:1b:33,마들,1007
00:40:5a:bf:97:8b,마들,1007
00:25:a6:a4:56:b2,마들,1007
00:40:5a:bc:49:c3,마들,1007
00:16:1f:03:5c:46,마들,1007
12:16:1f:03:5c:46,마들,1007
00:16:1f:03:87:9e,마들,1007
12:16:1f:03:87:9e,마들,1007
00:40:5a:bf:c7:da,마들,1007
12:16:1f:03:6c:47,수락산,1007
00:40:5a:e4:6a:8a,수락산,1007
12:16:1f:03:6c:46,수락산,1007
00:25:a6:a4:3b:db,수락산,1007
12:16:1f:03:80:a3,수락산,1007
00:25:a6:a4:59:e5,수락산,1007
00:25:a6:a4:63:31,수락산,1007
00:40:5a:e4:8b:ba,수락산,1007
12:16:1f:03:80:a2,수락산,1007
00:16:1f:03:6c:47,수락산,1007
00:40:5a:e4:6a:8b,수락산,1007
00:16:1f:03:6c:46,수락산,1007
00:25:a6:a4:3b:dc,수락산,1007
00:40:5a:e4:8b:bb,수락산,1007
00:16:1f:03:80:a2,수락산,1007
06:17:b2:04:68:22,수락산,1007
00:16:1f:03:80:a3,수락산,1007
04:17:b2:04:58:64,수락산,1007
04:17:b2:04:68:20,수락산,1007
12:16:1f:03:72:93,수락산,1007
12:16:1f:03:6f:be,신목동,1009
00:40:5a:bb:31:ea,신목동,1009
12:16:1f:03:34:0a,신목동,1009
00:40:5a:c0:59:7a,신목동,1009
00:25:a6:a5:0f:93,신목동,1009
12:16:1f:03:6e:6f,신목동,1009
12:16:1f:03:74:5f,신목동,1009
12:16:1f:03:6e:6e,신목동,1009
00:40:5a:c7:95:3a,신목동,1009
00:16:1f:03:6d:6b,신목동,1009
00:40:5a:bb:25:3b,신목동,1009
00:16:1f:03:6d:6a,신목동,1009
00:40:5a:bb:10:db,신목동,1009
00:16:1f:03:6f:bf,신목동,1009
00:16:1f:03:34:0b,신목동,1009
00:16:1f:03:34:0a,신목동,1009
00:40:5a:bb:31:eb,신목동,1009
00:16:1f:03:6f:be,신목동,1009
02:07:89:10:47:22,신목동,1009
00:25:a6:a5:0f:94,신목동,1009
00:16:1f:03:6e:6e,신목동,1009
00:07:89:14:6d:24,석촌,1008
00:16:1f:03:63:72,석촌,1008
00:16:1f:03:7f:a6,석촌,1008
00:16:1f:03:7f:a7,석촌,1008
00:40:5a:bb:1a:bb,석촌,1008
00:40:5a:bb:1a:ba,석촌,1008
00:16:1f:03:57:1b,석촌,1008
00:07:89:14:6d:10,석촌,1008
00:07:89:14:6d:09,송파,1008
02:07:89:14:6d:09,송파,1008
00:40:5a:bb:29:92,송파,1008
12:16:1f:03:6f:72,송파,1008
00:16:1f:03:6f:72,송파,1008
00:40:5a:bb:29:93,송파,1008
12:16:1f:03:6d:3a,송파,1008
00:07:89:14:6d:1d,송파,1008
02:07:89:14:6d:1d,송파,1008
00:16:1f:03:6d:3a,송파,1008
12:16:1f:03:6d:3b,송파,1008
00:09:b4:61:07:b2,흑석,1009
00:09:b4:61:07:4b,흑석,1009
00:09:b4:61:07:36,흑석,1009
00:40:5a:c3:73:8a,흑석,1009
02:09:b4:61:07:b2,흑석,1009
02:09:b4:61:07:4b,흑석,1009
12:16:1f:03:4d:6e,흑석,1009
00:40:5a:bb:34:52,잠실,1008
06:30:0d:84:f0:c2,잠실,1008
00:07:89:0f:d9:11,잠실,1008
00:40:5a:bb:1a:22,잠실,1008
0a:30:0d:84:f0:d2,잠실,1008
06:30:0d:84:ef:02,잠실,1008
00:40:5a:af:23:c3,구반포,1009
00:07:89:10:43:aa,구반포,1009
06:17:b2:04:50:3a,구반포,1009
00:07:89:10:47:ef,구반포,1009
02:17:b2:02:55:ea,구반포,1009
04:17:b2:04:55:e8,구반포,1009
02:17:b2:02:55:e8,구반포,1009
04:17:b2:04:65:e4,구반포,1009
04:17:b2:04:50:38,구반포,1009
02:07:89:10:47:ef,구반포,1009
02:17:b2:02:50:38,구반포,1009
02:07:89:10:43:aa,구반포,1009
00:30:0d:58:89:80,구반포,1009
02:17:b2:02:55:c6,구반포,1009
02:07:89:10:5c:4c,구반포,1009
00:07:89:10:5c:4c,구반포,1009
02:30:0d:58:89:80,구반포,1009
04:17:b2:04:55:c4,구반포,1009
12:16:1f:03:63:fe,신반포,1009
00:40:5a:af:35:ca,신반포,1009
00:25:a6:a4:ea:13,신반포,1009
12:16:1f:03:75:42,신반포,1009
00:40:5a:af:13:fa,신반포,1009
12:16:1f:03:51:1e,신반포,1009
00:40:5a:af:35:cb,신반포,1009
00:16:1f:03:63:fe,신반포,1009
00:25:a6:a4:ea:14,신반포,1009
00:16:1f:03:75:42,신반포,1009
00:16:1f:03:6d:af,신반포,1009
12:16:1f:03:63:ff,신반포,1009
12:16:1f:03:75:43,신반포,1009
00:40:5a:af:25:8a,신반포,1009
12:16:1f:03:6d:af,신반포,1009
12:16:1f:03:51:1f,신반포,1009
00:16:1f:03:75:43,신반포,1009
00:40:5a:af:25:8b,신반포,1009
00:16:1f:03:6d:ae,신반포,1009
00:40:5a:af:13:fb,신반포,1009
00:16:1f:03:80:d3,문정,1008
00:40:5a:bb:36:13,문정,1008
12:16:1f:03:80:d2,문정,1008
00:40:5a:bb:36:12,문정,1008
02:07:89:14:6c:70,문정,1008
00:40:5a:bb:36:e2,문정,1008
00:07:89:14:6c:5d,문정,1008
00:07:89:14:6c:48,문정,1008
00:40:5a:bb:36:4a,문정,1008
00:07:89:14:6d:64,문정,1008
12:16:1f:03:7c:1e,문정,1008
02:07:89:14:6c:84,문정,1008
00:40:5a:bb:36:e3,문정,1008
02:07:89:14:6c:5d,문정,1008
00:40:5a:bb:36:4b,문정,1008
00:16:1f:03:7c:1e,문정,1008
00:40:5a:ba:ea:a2,문정,1008
00:07:89:14:6c:5c,문정,1008
02:07:89:14:6c:48,문정,1008
02:07:89:14:6c:5c,문정,1008
00:07:89:14:6c:70,문정,1008
00:07:89:0f:d4:9c,선릉,1075
00:40:5a:bf:8a:9b,선릉,1075
10:e3:c7:04:0e:b0,선릉,1075
02:07:89:0f:d4:8c,선릉,1075
02:07:89:0f:d4:b1,선릉,1075
02:07:89:0f:d4:b0,선릉,1075
00:40:5a:bf:7a:73,선릉,1075
00:07:89:0f:d4:8c,선릉,1075
00:07:89:0f:d4:b0,선릉,1075
00:07:89:0f:d6:2d,선릉,1075
02:07:89:0f:d4:8d,선릉,1075
00:40:5a:c0:3e:2b,선릉,1075
02:07:89:0f:d4:9d,선릉,1075
02:07:89:0f:d6:2d,선릉,1075
00:16:1f:03:81:27,청계산입구,1077
12:16:1f:03:5f:6a,공릉,1007
00:40:5a:bf:a7:eb,공릉,1007
00:40:5a:bf:b4:a3,공릉,1007
00:25:a6:a3:80:8e,하계,1007
12:16:1f:03:75:2b,하계,1007
12:16:1f:03:75:2a,하계,1007
00:40:5a:bf:a9:52,하계,1007
12:16:1f:03:6f:8f,하계,1007
12:16:1f:03:6f:8e,하계,1007
00:16:1f:03:75:2b,하계,1007
00:16:1f:03:75:2a,하계,1007
00:40:5a:bf:a9:53,하계,1007
00:16:1f:03:6f:8f,하계,1007
00:25:a6:a3:80:8d,하계,1007
00:30:0d:81:03:a0,선릉,1075
02:07:89:0f:d4:99,선릉,1075
06:30:0d:74:c7:c1,선릉,1075
12:e3:c7:04:0e:b0,선릉,1075
00:07:89:0f:d4:b1,선릉,1075
00:30:0d:74:c7:c0,선릉,1075
00:40:5a:bf:8a:9a,선릉,1075
12:e3:c7:04:0e:af,선릉,1075
00:07:89:0f:d4:9d,선릉,1075
00:40:5a:bf:7a:72,선릉,1075
00:40:5a:c0:3e:2a,선릉,1075
00:40:5a:bf:98:f2,선릉,1075
12:16:1f:03:80:86,가양,1009
12:16:1f:03:6c:e3,가양,1009
12:16:1f:03:81:e2,가양,1009
00:40:5a:b8:19:fa,가양,1009
12:16:1f:03:81:e3,가양,1009
12:16:1f:03:81:63,가양,1009
12:16:1f:03:7f:2b,가양,1009
00:25:a6:a4:f8:af,가양,1009
12:16:1f:03:81:62,가양,1009
00:40:5a:b8:3b:83,가양,1009
00:16:1f:03:60:2b,가양,1009
00:16:1f:03:80:86,가양,1009
00:16:1f:03:6c:e2,가양,1009
00:16:1f:03:60:2a,가양,1009
00:40:5a:af:2b:92,고속터미널,1009
00:30:0d:84:39:00,고속터미널,1009
06:30:0d:80:23:61,수서,1003
00:40:5a:bb:4d:33,수서,1003
00:30:0d:7f:a9:30,수서,1003
00:30:0d:7f:a9:20,수서,1003
02:07:89:0f:d6:a5,수서,1003
00:07:89:0f:d6:a1,수서,1003
02:07:89:0f:d6:94,수서,1003
00:07:89:0f:d6:b9,수서,1003
00:07:89:0f:d6:b8,수서,1003
00:40:5a:bf:7c:1a,수서,1003
06:30:0d:80:50:c1,수서,1003
00:40:5a:bf:7c:1b,수서,1003
00:30:0d:80:23:70,수서,1003
00:30:0d:80:50:c0,수서,1003
00:30:0d:80:23:60,수서,1003
02:07:89:0f:d6:9c,수서,1003
00:40:5a:bb:95:4b,수서,1003
00:07:89:0f:d6:9c,수서,1003
06:30:0d:80:10:41,수서,1003
00:30:0d:80:10:40,수서,1003
00:40:5a:bb:95:4a,수서,1003
02:07:89:0f:d6:a4,수서,1003
02:07:89:0f:d6:b9,수서,1003
02:07:89:0f:d6:b8,수서,1003
00:17:b2:01:ad:30,옥수,1003
02:07:89:0f:d6:8c,옥수,1003
00:40:5a:c9:41:22,산성,1008
00:07:89:14:6d:75,산성,1008
00:07:89:14:6d:74,산성,1008
00:07:89:14:6c:6d,산성,1008
00:40:5a:c9:35:9a,산성,1008
00:40:5a:c9:29:8a,산성,1008
00:40:5a:c9:41:23,산성,1008
02:07:89:14:6d:75,산성,1008
02:07:89:14:6d:74,산성,1008
02:07:89:14:6c:6d,산성,1008
00:40:5a:c9:35:9b,산성,1008
00:40:5a:c9:29:8b,산성,1008
00:07:89:14:6c:6c,산성,1008
02:07:89:14:6c:6c,산성,1008
06:17:b2:04:7d:f2,산성,1008
04:17:b2:04:7d:f0,산성,1008
04:17:b2:04:68:b8,산성,1008
04:17:b2:04:68:a8,산성,1008
02:17:b2:02:7d:ee,산성,1008
02:17:b2:02:68:aa,산성,1008
02:17:b2:02:7d:ec,산성,1008
02:17:b2:02:68:a8,산성,1008
00:07:89:14:6d:30,남한산성입구,1008
00:07:89:14:6d:31,남한산성입구,1008
00:40:5a:c9:13:fa,남한산성입구,1008
00:07:89:14:6d:45,남한산성입구,1008
06:30:0d:5d:ca:e4,남한산성입구,1008
00:40:5a:c9:05:e2,남한산성입구,1008
00:07:89:14:6d:59,남한산성입구,1008
02:07:89:14:6d:30,남한산성입구,1008
02:07:89:14:6d:31,남한산성입구,1008
00:40:5a:c9:13:fb,남한산성입구,1008
02:07:89:14:6d:45,남한산성입구,1008
02:07:89:14:6d:59,남한산성입구,1008
00:30:0d:80:23:80,수서,1003
00:30:0d:80:23:90,수서,1003
00:30:0d:80:10:50,수서,1003
00:40:5a:bb:9e:93,수서,1003
06:30:0d:7f:a9:21,수서,1003
00:40:5a:bb:4d:32,수서,1003
0a:30:0d:7f:a9:31,수서,1003
00:40:5a:b0:20:d2,동대문,1004
00:07:89:10:44:9d,동대문,1004
02:09:b4:61:21:1b,당산,1009
02:09:b4:61:1b:c2,당산,1009
00:30:0d:83:81:60,당산,1009
00:40:5a:b8:0b:d3,당산,1009
00:09:b4:61:1d:53,당산,1009
00:09:b4:61:21:1a,당산,1009
00:09:b4:61:26:4b,당산,1009
02:09:b4:61:20:f2,당산,1009
02:09:b4:61:26:4a,당산,1009
0a:30:0d:83:74:72,당산,1009
00:30:0d:83:88:90,당산,1009
00:30:0d:83:74:70,당산,1009
00:30:0d:83:73:30,당산,1009
02:09:b4:61:26:4b,당산,1009
00:40:5a:b8:10:03,당산,1009
00:40:5a:b8:10:02,당산,1009
0a:30:0d:83:88:92,당산,1009
0a:30:0d:83:73:32,당산,1009
00:40:5a:bb:26:03,당산,1009
00:40:5a:b8:2c:6a,당산,1009
02:09:b4:61:3d:5b,동묘앞,1006
00:09:b4:61:3b:aa,동묘앞,1006
02:09:b4:61:3d:5a,동묘앞,1006
0a:30:0d:84:4e:32,동묘앞,1006
00:09:b4:61:3d:5a,동묘앞,1006
02:09:b4:61:3b:ab,동묘앞,1006
02:09:b4:61:3b:aa,동묘앞,1006
00:09:b4:61:39:3b,동묘앞,1006
02:09:b4:61:39:3b,동묘앞,1006
00:40:5a:b7:11:1a,동묘앞,1006
06:30:0d:84:49:02,동묘앞,1006
00:40:5a:b7:11:1b,동묘앞,1006
02:09:b4:61:39:3a,동묘앞,1006
00:30:0d:84:49:00,동묘앞,1006
02:09:b4:61:55:2a,동묘앞,1006
00:30:0d:84:49:10,동묘앞,1006
00:09:b4:61:3b:ab,동묘앞,1006
00:09:b4:61:55:2a,동묘앞,1006
00:40:5a:b7:81:22,동묘앞,1006
02:09:b4:61:55:2b,동묘앞,1006
00:40:5a:b7:81:23,동묘앞,1006
12:16:1f:03:77:f2,창신,1006
12:16:1f:03:77:f3,창신,1006
12:16:1f:03:7f:7e,창신,1006
00:40:5a:b7:50:ca,창신,1006
0a:30:0d:76:e5:11,창신,1006
12:16:1f:03:7f:7f,창신,1006
06:30:0d:76:e5:01,창신,1006
00:40:5a:b7:03:5a,창신,1006
00:16:1f:03:77:f3,창신,1006
00:30:0d:76:e5:10,창신,1006
00:16:1f:03:7f:7e,창신,1006
00:16:1f:03:7f:7f,창신,1006
00:40:5a:b7:50:cb,창신,1006
00:30:0d:76:e5:00,창신,1006
00:40:5a:b7:07:63,창신,1006
00:40:5a:b7:03:5b,창신,1006
00:25:a6:a4:61:16,창신,1006
00:25:a6:a4:37:71,창신,1006
00:40:5a:b7:07:f3,창신,1006
12:16:1f:03:85:a3,창신,1006
00:40:5a:b7:07:f2,창신,1006
00:25:a6:a4:39:3e,창신,1006
00:16:1f:03:77:f2,창신,1006
0e:0e:47:01:3d:4a,양재,1077
0a:0e:47:01:3d:4a,양재,1077
00:09:b4:61:00:37,양재,1077
00:09:b4:61:00:36,양재,1077
02:09:b4:61:00:37,양재,1077
02:09:b4:61:00:36,양재,1077
12:16:1f:03:74:f3,양재,1077
00:09:b4:61:00:07,양재,1077
12:16:1f:03:74:83,양재,1077
12:16:1f:03:74:6f,양재,1077
02:09:b4:61:00:07,양재,1077
00:16:1f:03:74:6f,양재,1077
0e:0e:47:01:3e:72,양재,1077
0a:0e:47:01:3e:72,양재,1077
00:07:89:0f:23:67,압구정,1003
00:40:5a:af:3f:d2,압구정,1003
0a:30:0d:84:f0:f2,잠실,1008
0a:30:0d:84:ef:12,잠실,1008
02:07:89:0f:d9:01,잠실,1008
02:07:89:0f:d9:05,잠실,1008
00:30:0d:84:f0:c0,잠실,1008
02:07:89:0f:d8:f9,잠실,1008
02:07:89:0f:d9:11,잠실,1008
00:30:0d:84:f0:e0,잠실,1008
02:09:b4:61:01:c2,양재시민의숲,1077
00:09:b4:61:01:c2,양재시민의숲,1077
00:09:b4:61:02:52,양재시민의숲,1077
00:09:b4:61:01:c3,양재시민의숲,1077
02:09:b4:61:01:c3,양재시민의숲,1077
00:16:1f:03:71:8f,양재시민의숲,1077
12:16:1f:03:57:5a,양재시민의숲,1077
12:16:1f:03:66:16,양재시민의숲,1077
12:16:1f:03:71:8e,양재시민의숲,1077
00:16:1f:03:57:5a,양재시민의숲,1077
00:16:1f:03:71:8e,양재시민의숲,1077
00:16:1f:03:66:16,양재시민의숲,1077
12:16:1f:03:66:17,양재시민의숲,1077
00:16:1f:03:66:17,양재시민의숲,1077
12:16:1f:03:58:c2,양재시민의숲,1077
00:16:1f:03:58:c2,양재시민의숲,1077
00:09:b4:61:00:ef,양재시민의숲,1077
12:16:1f:03:57:5b,양재시민의숲,1077
00:09:b4:61:02:53,양재시민의숲,1077
0e:0e:47:01:3d:42,양재시민의숲,1077
02:09:b4:61:00:ef,양재시민의숲,1077
02:09:b4:61:00:ee,양재시민의숲,1077
00:07:89:10:52:de,양재시민의숲,1077
00:09:b4:61:00:92,양재시민의숲,1077
02:07:89:10:52:de,양재시민의숲,1077
02:09:b4:61:00:93,양재시민의숲,1077
00:09:b4:61:00:ee,양재시민의숲,1077
02:07:89:10:41:fe,양재시민의숲,1077
02:09:b4:61:00:92,양재시민의숲,1077
0e:0e:47:01:2f:8a,청계산입구,1077
12:16:1f:03:80:23,청계산입구,1077
00:16:1f:03:80:23,청계산입구,1077
12:16:1f:03:5d:17,청계산입구,1077
00:09:b4:61:01:b7,청계산입구,1077
02:09:b4:61:01:b7,청계산입구,1077
0a:0e:47:01:2f:8a,청계산입구,1077
00:09:b4:61:00:c7,청계산입구,1077
02:09:b4:61:00:c7,청계산입구,1077
00:30:0d:84:fc:30,강남구청,1007
00:30:0d:84:fc:20,강남구청,1007
00:30:0d:84:e0:40,강남구청,1007
58:08:fa:00:1b:82,강남구청,1007
5a:08:fa:00:1b:82,강남구청,1007
02:09:b4:61:32:72,강남구청,1007
00:40:5a:b7:96:4b,강남구청,1007
00:09:b4:61:32:72,강남구청,1007
00:40:5a:b7:96:4a,강남구청,1007
00:25:a6:a1:26:d2,청담,1007
00:25:a6:a1:51:74,청담,1007
00:40:5a:b7:94:22,청담,1007
12:16:1f:03:83:07,청담,1007
12:16:1f:03:37:bb,청담,1007
12:16:1f:03:37:ba,청담,1007
00:25:a6:a1:1b:2c,청담,1007
12:16:1f:03:83:06,청담,1007
00:40:5a:b7:96:5a,청담,1007
00:40:5a:b7:89:d2,청담,1007
00:40:5a:b7:94:23,청담,1007
00:25:a6:a1:51:75,청담,1007
00:16:1f:03:83:07,청담,1007
00:25:a6:a1:26:d3,청담,1007
00:16:1f:03:37:ba,청담,1007
00:16:1f:03:37:bb,청담,1007
00:25:a6:a1:1b:2d,청담,1007
00:25:a6:a1:1a:7f,청담,1007
00:16:1f:03:83:06,청담,1007
00:40:5a:b7:96:5b,청담,1007
00:40:5a:b7:89:d3,청담,1007
00:25:a6:a1:1a:7e,청담,1007
00:25:a6:a1:45:aa,청담,1007
00:25:a6:a1:45:ab,청담,1007
00:40:5a:b7:86:0a,청담,1007
00:07:89:0f:d9:00,잠실,1008
00:40:5a:bb:27:c2,잠실,1008
00:07:89:0f:d9:04,잠실,1008
06:30:0d:84:4e:42,잠실,1008
0a:30:0d:84:4e:52,잠실,1008
00:40:5a:bb:67:ca,잠실,1008
00:40:5a:bf:c0:da,하계,1007
00:16:1f:03:6f:8e,하계,1007
12:16:1f:03:60:cf,하계,1007
00:40:5a:bf:bb:ca,하계,1007
00:16:1f:03:60:cf,하계,1007
00:40:5a:bf:c0:db,하계,1007
00:40:5a:bf:bb:cb,하계,1007
00:16:1f:03:60:ce,하계,1007
12:16:1f:03:60:ce,하계,1007
06:17:b2:04:7f:2e,강동구청,1008
04:17:b2:04:7f:2c,강동구청,1008
22:e3:c7:05:09:df,강동구청,1008
22:e3:c7:05:09:de,강동구청,1008
00:07:89:14:48:55,강동구청,1008
00:40:5a:bb:29:ba,강동구청,1008
00:07:89:14:4b:bd,강동구청,1008
12:16:1f:03:87:67,강동구청,1008
00:40:5a:ba:e9:fa,강동구청,1008
12:16:1f:03:87:66,강동구청,1008
10:e3:c7:05:09:df,강동구청,1008
02:07:89:14:48:55,강동구청,1008
10:e3:c7:05:09:de,강동구청,1008
02:07:89:14:4b:bd,강동구청,1008
00:16:1f:03:87:67,강동구청,1008
00:40:5a:bb:29:bb,강동구청,1008
00:16:1f:03:87:66,강동구청,1008
00:07:89:14:4b:bc,강동구청,1008
00:40:5a:ba:e9:fb,강동구청,1008
00:40:5a:bb:2c:fa,강동구청,1008
00:40:5a:bb:2c:fb,강동구청,1008
02:07:89:14:4b:bc,강동구청,1008
02:07:89:14:49:3d,강동구청,1008
00:16:1f:03:67:27,강동구청,1008
00:07:89:14:48:54,강동구청,1008
00:40:5a:ba:ea:aa,강동구청,1008
12:16:1f:03:67:27,강동구청,1008
12:16:1f:03:67:26,강동구청,1008
02:07:89:14:6d:61,강동구청,1008
00:07:89:14:49:3d,강동구청,1008
00:07:89:14:6d:61,강동구청,1008
02:07:89:14:48:54,강동구청,1008
00:40:5a:ba:ea:ab,강동구청,1008
00:16:1f:03:67:26,강동구청,1008
0a:30:0d:71:be:f1,신당,1006
06:30:0d:71:be:e1,신당,1006
00:40:5a:c8:5a:d2,신당,1006
06:30:0d:74:54:21,신당,1006
00:30:0d:71:be:f0,신당,1006
00:30:0d:71:be:e0,신당,1006
02:09:b4:61:43:e6,신당,1006
0a:30:0d:74:54:31,신당,1006
00:30:0d:74:54:20,신당,1006
00:30:0d:74:54:30,신당,1006
00:40:5a:c8:5a:d3,신당,1006
00:09:b4:61:43:e7,신당,1006
00:09:b4:61:43:4f,신당,1006
00:09:b4:61:34:eb,신당,1006
00:09:b4:61:43:4e,신당,1006
0a:30:0d:73:1d:11,신당,1006
0a:30:0d:75:cd:11,신당,1006
06:30:0d:75:cd:01,신당,1006
02:09:b4:61:43:e7,신당,1006
02:09:b4:61:43:4f,신당,1006
02:09:b4:61:34:eb,신당,1006
00:25:a6:a4:d4:24,신반포,1009
00:25:a6:a4:f1:de,신반포,1009
00:40:5a:af:2d:83,신반포,1009
00:40:5a:af:3e:83,신반포,1009
00:16:1f:03:63:ff,신반포,1009
00:30:0d:58:91:d8,신반포,1009
00:25:a6:a4:f1:df,신반포,1009
00:40:5a:af:3e:82,신반포,1009
0a:30:0d:84:39:12,고속터미널,1009
00:09:b4:61:08:13,고속터미널,1009
0a:30:0d:84:3b:f2,고속터미널,1009
00:09:b4:61:14:33,고속터미널,1009
00:09:b4:61:3f:67,고속터미널,1009
00:40:5a:af:1b:2a,고속터미널,1009
00:40:5a:c9:41:cb,단대오거리,1008
02:07:89:14:48:6d,단대오거리,1008
00:07:89:0f:24:77,동대문,1004
02:07:89:0f:20:2b,동대문,1004
02:07:89:0f:20:2a,동대문,1004
00:30:0d:84:f1:a0,동대문,1004
00:30:0d:85:21:20,동대문,1004
02:07:89:0f:24:76,동대문,1004
00:30:0d:85:21:30,동대문,1004
02:07:89:14:6d:58,남한산성입구,1008
00:07:89:14:6d:58,남한산성입구,1008
00:07:89:14:6d:71,남한산성입구,1008
00:07:89:14:6d:35,남한산성입구,1008
00:40:5a:c9:27:ea,남한산성입구,1008
00:07:89:14:6d:34,남한산성입구,1008
02:07:89:14:6d:71,남한산성입구,1008
02:07:89:14:6d:35,남한산성입구,1008
00:40:5a:c9:27:eb,남한산성입구,1008
00:40:5a:c8:95:cb,남한산성입구,1008
06:30:0d:54:51:c1,남한산성입구,1008
00:40:5a:c8:95:ca,남한산성입구,1008
00:40:5a:c8:95:ea,남한산성입구,1008
00:30:0d:54:51:c1,남한산성입구,1008
00:40:5a:c8:95:eb,남한산성입구,1008
00:1e:b2:92:7b:b2,남한산성입구,1008
06:30:0d:5d:da:7a,남한산성입구,1008
00:07:89:14:6d:44,남한산성입구,1008
00:40:5a:c9:41:1a,남한산성입구,1008
06:27:1c:13:32:c9,남한산성입구,1008
04:17:b2:04:5e:c0,신사,1003
02:17:b2:02:5e:90,신사,1003
02:17:b2:02:5e:8e,신사,1003
12:16:1f:03:6a:02,신사,1003
02:07:89:10:43:58,신사,1003
02:17:b2:02:5e:8c,신사,1003
00:16:1f:03:6a:03,신사,1003
00:16:1f:03:6a:02,신사,1003
00:40:5a:af:1a:cb,신사,1003
12:16:1f:03:c9:d6,신사,1003
12:16:1f:03:c9:d7,신사,1003
00:40:5a:af:30:ca,신사,1003
02:09:b4:61:46:f7,신사,1003
02:09:b4:61:51:3a,신사,1003
00:09:b4:61:46:f7,신사,1003
00:40:5a:af:36:9a,신사,1003
02:09:b4:61:3a:53,신사,1003
00:09:b4:61:3a:53,신사,1003
00:09:b4:61:3a:52,신사,1003
00:40:5a:af:33:aa,신사,1003
02:09:b4:61:3a:52,신사,1003
02:09:b4:61:45:57,신사,1003
00:09:b4:61:45:56,신사,1003
00:16:1f:03:c9:d7,신사,1003
00:40:5a:af:33:ab,신사,1003
00:16:1f:03:29:96,신사,1003
02:07:89:10:41:4c,신사,1003
00:16:1f:03:29:97,신사,1003
00:07:89:14:6e:31,잠원,1003
12:16:1f:03:2e:fb,잠원,1003
00:07:89:14:6e:35,잠원,1003
12:16:1f:03:7b:43,잠원,1003
12:16:1f:03:7b:42,잠원,1003
02:07:89:14:6e:31,잠원,1003
02:07:89:14:6e:35,잠원,1003
12:16:1f:03:7b:d3,송파,1008
06:17:b2:04:98:c2,동묘앞,1001
02:09:b4:61:38:e7,동묘앞,1001
00:40:5a:bf:bf:82,동묘앞,1001
00:09:b4:61:38:e6,동묘앞,1001
02:09:b4:61:38:82,동묘앞,1001
00:40:5a:bf:bf:83,동묘앞,1001
02:09:b4:61:38:e6,동묘앞,1001
00:40:5a:bf:ab:4b,동묘앞,1001
0a:30:0d:85:28:32,동대문,1001
00:09:b4:61:43:2f,동대문,1001
0a:30:0d:85:1b:32,동대문,1001
00:30:0d:85:28:30,동대문,1001
06:30:0d:84:73:a2,동대문,1001
0a:30:0d:84:73:b2,동대문,1001
00:09:b4:61:38:42,동대문,1001
06:30:0d:85:28:22,동대문,1001
00:40:5a:bc:18:a2,동대문,1001
00:30:0d:84:73:a0,동대문,1001
00:30:0d:84:73:b0,동대문,1001
02:09:b4:61:38:43,동대문,1001
02:09:b4:61:38:42,동대문,1001
00:40:5a:bc:18:a3,동대문,1001
00:40:5a:bc:1a:db,동대문,1001
00:40:5a:bc:28:a2,동대문,1001
00:09:b4:61:43:2e,동대문,1001
00:40:5a:bc:1a:da,동대문,1001
00:40:5a:bc:28:a3,동대문,1001
00:09:b4:61:38:43,동대문,1001
02:09:b4:61:43:2f,동대문,1001
00:30:0d:85:28:20,동대문,1001
00:09:b4:61:56:c6,동대문,1001
02:07:89:0f:23:67,압구정,1003
0a:30:0d:80:fa:11,압구정,1003
00:30:0d:80:fa:10,압구정,1003
00:40:5a:af:18:4b,압구정,1003
00:07:89:0f:23:46,압구정,1003
00:40:5a:af:18:4a,압구정,1003
00:07:89:0f:23:66,압구정,1003
02:07:89:0f:23:46,압구정,1003
02:07:89:0f:23:66,압구정,1003
00:07:89:0f:23:53,압구정,1003
00:07:89:0f:23:4e,압구정,1003
00:07:89:0f:23:4b,압구정,1003
00:07:89:0f:d6:f9,약수,1006
00:07:89:0f:d6:f8,약수,1006
0a:30:0d:78:06:91,약수,1006
00:30:0d:84:4b:80,동작,1009
00:30:0d:84:4b:90,동작,1009
00:40:5a:af:47:5b,동작,1009
02:07:89:0e:bb:db,동작,1009
00:30:0d:84:4b:e0,동작,1009
02:09:b4:61:1c:df,동작,1009
00:30:0d:84:4c:00,동작,1009
02:09:b4:61:19:33,동작,1009
00:30:0d:84:4c:10,동작,1009
00:40:5a:af:59:03,동작,1009
00:30:0d:84:ee:60,동작,1009
00:09:b4:61:1c:df,동작,1009
00:40:5a:af:59:02,동작,1009
00:30:0d:84:4c:50,동작,1009
00:30:0d:84:f1:60,동작,1009
00:40:5a:af:46:1b,동작,1009
00:40:5a:af:46:1a,동작,1009
00:30:0d:84:4c:40,동작,1009
00:09:b4:61:1c:de,동작,1009
00:16:1f:03:83:52,중곡,1007
00:40:5a:bf:96:a3,중곡,1007
00:40:5a:bf:a5:43,중곡,1007
00:16:1f:03:2e:9a,중곡,1007
00:40:5a:bf:cf:c3,중곡,1007
12:16:1f:03:2e:9b,중곡,1007
00:16:1f:03:2e:9b,중곡,1007
00:40:5a:bf:cf:c2,중곡,1007
00:25:a6:a4:fd:af,중곡,1007
00:25:a6:a4:fd:b0,중곡,1007
00:40:5a:bf:d8:8a,중곡,1007
00:25:a6:a4:63:69,중곡,1007
00:40:5a:bf:d8:8b,중곡,1007
00:25:a6:a4:65:57,중곡,1007
00:25:a6:a4:5d:37,중곡,1007
00:25:a6:a4:5d:38,중곡,1007
00:40:5a:bf:e0:f2,중곡,1007
00:40:5a:bf:e0:f3,중곡,1007
00:25:a6:a4:c8:30,용마산,1007
00:40:5a:c0:02:12,용마산,1007
12:16:1f:03:64:4e,용마산,1007
00:40:5a:c0:3f:82,용마산,1007
12:16:1f:03:67:33,용마산,1007
00:25:a6:a4:c8:31,용마산,1007
00:16:1f:03:6f:1b,용마산,1007
00:40:5a:c0:02:13,용마산,1007
00:16:1f:03:64:4e,용마산,1007
00:40:5a:c0:3f:83,용마산,1007
00:16:1f:03:67:33,용마산,1007
12:16:1f:03:64:4f,용마산,1007
00:25:a6:a4:da:5f,용마산,1007
12:16:1f:03:6f:1a,용마산,1007
00:16:1f:03:64:4f,용마산,1007
12:16:1f:03:6f:1b,용마산,1007
00:40:5a:af:18:3b,고속터미널,1003
0a:30:0d:85:15:32,고속터미널,1003
02:09:b4:61:4e:0b,고속터미널,1003
00:09:b4:61:4f:4e,고속터미널,1003
06:30:0d:85:15:22,고속터미널,1003
00:30:0d:85:15:20,고속터미널,1003
00:40:5a:af:35:12,고속터미널,1003
00:40:5a:af:36:6b,고속터미널,1003
00:09:b4:61:4e:0b,고속터미널,1003
00:40:5a:af:3e:13,고속터미널,1003
0a:30:0d:84:43:92,교대,1003
00:07:89:0f:d9:d1,교대,1003
06:30:0d:84:43:82,교대,1003
06:30:0d:84:f7:22,교대,1003
0a:30:0d:84:f7:32,교대,1003
00:40:5a:af:34:33,교대,1003
00:30:0d:84:43:90,교대,1003
02:07:89:0f:d9:bd,교대,1003
02:07:89:0f:d9:d1,교대,1003
00:30:0d:84:f7:30,교대,1003
00:07:89:0f:d5:f9,교대,1003
06:30:0d:84:f0:e2,잠실,1008
00:30:0d:84:4c:e0,잠실,1008
00:30:0d:84:4c:f0,잠실,1008
02:07:89:0f:d9:00,잠실,1008
00:40:5a:bb:27:c3,잠실,1008
00:30:0d:84:4e:50,잠실,1008
00:40:5a:bb:67:cb,잠실,1008
00:30:0d:84:4e:40,잠실,1008
02:07:89:0f:d9:04,잠실,1008
00:07:89:0f:d9:05,잠실,1008
00:07:89:0f:d8:f9,잠실,1008
00:07:89:0f:d8:f8,잠실,1008
00:40:5a:c3:86:4b,한티,1075
02:07:89:14:61:fd,한티,1075
12:16:1f:03:5b:d6,한티,1075
00:16:1f:03:5b:d6,한티,1075
00:07:89:14:62:11,한티,1075
00:40:5a:c3:9e:ca,한티,1075
00:40:5a:c3:ae:ea,한티,1075
00:07:89:14:61:e9,한티,1075
12:16:1f:03:87:93,한티,1075
02:07:89:14:62:11,한티,1075
00:40:5a:c3:ae:eb,한티,1075
02:07:89:14:61:e9,한티,1075
00:40:5a:c3:9e:cb,한티,1075
02:07:89:14:62:10,한티,1075
00:16:1f:03:87:93,한티,1075
00:16:1f:03:5b:d7,한티,1075
12:16:1f:03:87:92,한티,1075
00:07:89:14:61:fc,한티,1075
00:07:89:14:62:24,한티,1075
00:16:1f:03:4d:bf,한티,1075
02:07:89:14:61:e8,한티,1075
00:16:1f:03:87:92,한티,1075
00:40:5a:c3:78:e3,한티,1075
12:16:1f:03:61:96,한티,1075
00:07:89:14:62:10,한티,1075
00:40:5a:c3:9c:0a,한티,1075
02:07:89:14:61:fc,한티,1075
00:16:1f:03:61:96,한티,1075
00:40:5a:c3:78:e2,한티,1075
00:07:89:14:61:e8,한티,1075
12:16:1f:03:61:97,한티,1075
02:07:89:14:62:24,한티,1075
00:40:5a:c3:9c:0b,한티,1075
12:16:1f:03:85:d7,구룡,1075
00:16:1f:03:85:d6,구룡,1075
00:40:5a:c0:54:33,어린이대공원,1007
00:16:1f:03:87:17,어린이대공원,1007
00:16:1f:03:87:16,어린이대공원,1007
00:40:5a:c0:5d:12,어린이대공원,1007
00:40:5a:c0:5d:4a,어린이대공원,1007
00:25:a6:a2:95:2c,어린이대공원,1007
00:40:5a:c0:5d:4b,어린이대공원,1007
00:40:5a:c0:5d:13,어린이대공원,1007
00:40:5a:c0:32:3b,어린이대공원,1007
00:25:a6:a2:9b:ec,어린이대공원,1007
00:40:5a:c0:4f:82,어린이대공원,1007
12:16:1f:03:87:17,어린이대공원,1007
00:25:a6:a2:9b:ed,어린이대공원,1007
00:40:5a:c0:4f:83,어린이대공원,1007
00:40:5a:bf:cc:72,군자,1007
00:09:b4:61:45:07,군자,1007
00:40:5a:bf:cc:73,군자,1007
02:09:b4:61:45:07,군자,1007
02:09:b4:61:41:83,군자,1007
02:09:b4:61:45:06,군자,1007
00:40:5a:c0:5c:53,군자,1007
02:09:b4:61:3e:9b,군자,1007
00:40:5a:c0:5c:52,군자,1007
00:16:1f:03:7e:ca,일원,1003
02:07:89:14:6f:ad,일원,1003
00:16:1f:03:54:02,일원,1003
00:40:5a:bb:85:93,일원,1003
00:07:89:14:6f:d0,일원,1003
00:07:89:14:6e:75,일원,1003
02:07:89:14:6e:75,일원,1003
00:16:1f:03:4e:77,일원,1003
02:07:89:14:6f:b0,일원,1003
00:40:5a:bb:4c:e2,일원,1003
00:07:89:14:6f:b0,일원,1003
12:16:1f:03:54:03,일원,1003
12:16:1f:03:39:36,일원,1003
02:07:89:14:6f:ec,일원,1003
00:07:89:10:4a:0e,왕십리,1075
00:17:b2:01:ae:48,왕십리,1075
00:17:b2:01:af:62,왕십리,1075
00:17:b2:01:af:60,왕십리,1075
00:40:5a:b0:20:d3,동대문,1004
02:07:89:10:49:1d,동대문,1004
02:07:89:0f:24:77,동대문,1004
00:30:0d:85:1a:f0,동대문,1004
00:07:89:0f:21:93,혜화,1004
00:40:5a:af:b6:72,혜화,1004
00:40:5a:bc:4d:aa,혜화,1004
00:07:89:0f:21:92,혜화,1004
00:07:89:0f:21:bf,혜화,1004
0a:30:0d:76:e2:b1,혜화,1004
02:07:89:0f:21:93,혜화,1004
00:40:5a:bc:4d:ab,혜화,1004
00:40:5a:af:b6:73,혜화,1004
02:07:89:0f:21:92,혜화,1004
00:30:0d:76:e2:b0,혜화,1004
02:07:89:0f:21:be,혜화,1004
00:07:89:0f:21:bb,혜화,1004
00:07:89:0f:21:c7,혜화,1004
06:30:0d:75:44:01,혜화,1004
00:40:5a:c9:0f:9a,혜화,1004
06:30:0d:74:d9:e1,혜화,1004
02:07:89:0f:21:bb,혜화,1004
02:07:89:0f:21:c7,혜화,1004
00:30:0d:74:d9:e0,혜화,1004
00:30:0d:75:44:00,혜화,1004
0a:30:0d:75:44:11,혜화,1004
00:40:5a:bc:28:7a,혜화,1004
00:07:89:0f:21:d7,혜화,1004
00:40:5a:c9:0f:9b,혜화,1004
00:30:0d:75:44:10,혜화,1004
02:07:89:0f:21:c6,혜화,1004
00:30:0d:78:ec:20,혜화,1004
02:07:89:0f:21:d7,혜화,1004
00:40:5a:bf:90:5b,혜화,1004
00:07:89:0f:21:c6,혜화,1004
00:40:5a:bc:28:7b,혜화,1004
06:30:0d:78:ec:21,혜화,1004
00:07:89:0f:21:ba,혜화,1004
0a:30:0d:78:ec:31,혜화,1004
00:40:5a:bf:90:5a,혜화,1004
0a:30:0d:74:d9:f1,혜화,1004
00:30:0d:78:ec:30,혜화,1004
02:07:89:0f:21:ba,혜화,1004
00:30:0d:74:d9:f0,혜화,1004
00:40:5a:bc:1d:6b,혜화,1004
00:40:5a:af:bf:03,한성대입구,1004
00:16:1f:03:bf:46,한성대입구,1004
02:07:89:14:6d:ed,한성대입구,1004
02:07:89:14:6d:ec,한성대입구,1004
02:07:89:14:6d:d4,한성대입구,1004
02:07:89:14:6d:e8,한성대입구,1004
00:40:5a:b0:29:62,한성대입구,1004
12:16:1f:03:bf:f2,한성대입구,1004
00:40:5a:b0:29:63,한성대입구,1004
58:08:fa:00:33:b6,성신여대입구,1004
5a:08:fa:00:12:b6,성신여대입구,1004
5a:08:fa:00:33:b6,성신여대입구,1004
0a:30:0d:7d:07:d1,성신여대입구,1004
06:30:0d:7d:07:c1,성신여대입구,1004
5a:08:fa:00:33:c2,성신여대입구,1004
00:30:0d:7d:07:c0,성신여대입구,1004
00:30:0d:7d:07:d0,성신여대입구,1004
02:09:b4:61:1d:86,신설동,1001
02:09:b4:61:21:0e,신설동,1001
00:40:5a:b0:0b:d3,신설동,1001
02:09:b4:61:21:0f,신설동,1001
00:09:b4:61:23:f7,신설동,1001
0a:30:0d:84:84:92,신설동,1001
00:09:b4:61:23:f6,신설동,1001
00:30:0d:84:84:90,신설동,1001
00:40:5a:b0:23:22,신설동,1001
00:40:5a:b0:1f:da,신설동,1001
00:40:5a:b0:23:23,신설동,1001
00:40:5a:b0:1f:db,신설동,1001
00:30:0d:84:87:90,신설동,1001
00:30:0d:84:87:80,신설동,1001
00:09:b4:61:38:83,동묘앞,1001
0a:30:0d:84:79:b2,동묘앞,1001
0a:30:0d:85:16:12,동묘앞,1001
06:30:0d:84:79:a2,동묘앞,1001
06:30:0d:85:16:02,동묘앞,1001
00:09:b4:61:3d:1f,동묘앞,1001
02:09:b4:61:38:83,동묘앞,1001
00:30:0d:84:79:a0,동묘앞,1001
00:40:5a:b8:81:8b,가양,1009
00:16:1f:03:81:66,양천향교,1009
00:16:1f:03:83:12,양천향교,1009
00:40:5a:b7:5e:53,양천향교,1009
02:09:b4:61:56:47,동대문,1001
00:09:b4:61:1b:a6,종로5가,1001
00:40:5a:bf:78:d2,종로5가,1001
00:09:b4:61:1b:a7,종로5가,1001
00:09:b4:61:1e:63,종로5가,1001
0a:30:0d:75:cb:b1,종로5가,1001
0a:30:0d:81:43:31,종로5가,1001
00:09:b4:61:1e:62,종로5가,1001
06:30:0d:81:43:21,종로5가,1001
00:40:5a:af:be:8a,종로5가,1001
00:40:5a:bc:28:5a,종로5가,1001
06:30:0d:75:cb:a1,종로5가,1001
00:40:5a:bf:78:d3,종로5가,1001
02:09:b4:61:1b:a6,종로5가,1001
02:09:b4:61:1b:a7,종로5가,1001
00:40:5a:af:be:8b,종로5가,1001
02:09:b4:61:1e:63,종로5가,1001
00:30:0d:75:cb:b0,종로5가,1001
00:30:0d:81:43:30,종로5가,1001
00:40:5a:b7:b4:2b,대흥,1006
0a:30:0d:7f:36:91,대흥,1006
00:25:a6:a4:3d:6b,대흥,1006
00:30:0d:7f:36:90,대흥,1006
00:25:a6:a4:3d:6c,대흥,1006
00:16:1f:03:66:b6,대흥,1006
12:16:1f:03:66:b7,대흥,1006
00:16:1f:03:66:b7,대흥,1006
00:40:5a:b7:90:7a,공덕,1006
06:30:0d:84:34:22,공덕,1006
06:30:0d:84:34:42,공덕,1006
00:07:89:0f:da:18,공덕,1006
00:40:5a:b7:a2:32,공덕,1006
00:40:5a:b7:90:c2,공덕,1006
06:30:0d:84:31:c2,공덕,1006
06:30:0d:84:db:62,공덕,1006
00:40:5a:b7:90:7b,공덕,1006
00:30:0d:84:34:20,공덕,1006
02:07:89:0f:da:18,공덕,1006
00:30:0d:84:34:40,공덕,1006
00:40:5a:b7:a2:33,공덕,1006
00:40:5a:b7:90:c3,공덕,1006
00:40:5a:b8:0b:83,당산,1009
02:09:b4:61:03:2a,청계산입구,1077
00:16:1f:03:4d:9e,청계산입구,1077
00:16:1f:03:4d:9f,청계산입구,1077
00:09:b4:61:00:c6,청계산입구,1077
02:09:b4:61:01:b6,청계산입구,1077
02:09:b4:61:00:c6,청계산입구,1077
00:16:1f:03:76:fe,청계산입구,1077
00:09:b4:61:01:b6,청계산입구,1077
00:09:b4:61:03:2a,청계산입구,1077
0e:0e:47:01:40:0a,청계산입구,1077
00:09:b4:61:01:92,청계산입구,1077
00:09:b4:61:02:47,청계산입구,1077
02:09:b4:61:02:47,청계산입구,1077
00:16:1f:03:5d:17,청계산입구,1077
02:09:b4:61:01:93,청계산입구,1077
12:16:1f:03:4e:df,청계산입구,1077
00:09:b4:61:01:93,청계산입구,1077
00:16:1f:03:4e:df,청계산입구,1077
12:16:1f:03:76:ff,청계산입구,1077
22:e3:c7:05:67:62,학여울,1003
02:07:89:14:6e:3c,학여울,1003
02:07:89:14:6e:51,학여울,1003
10:e3:c7:05:67:62,학여울,1003
00:40:5a:af:1a:6b,학여울,1003
10:e3:c7:05:67:72,학여울,1003
22:e3:c7:05:67:72,학여울,1003
00:40:5a:af:22:4b,학여울,1003
00:07:89:14:6e:24,학여울,1003
00:07:89:14:6f:c5,학여울,1003
00:40:5a:af:1a:6a,학여울,1003
02:07:89:14:6e:24,학여울,1003
02:07:89:14:6f:4d,학여울,1003
00:07:89:14:6f:d9,학여울,1003
02:07:89:14:6f:d9,학여울,1003
00:40:5a:af:22:4a,학여울,1003
22:e3:c7:05:67:73,학여울,1003
02:07:89:14:6e:58,학여울,1003
10:e3:c7:05:67:73,학여울,1003
00:07:89:14:6f:d8,학여울,1003
00:40:5a:af:27:12,학여울,1003
00:40:5a:af:27:13,학여울,1003
02:07:89:14:6f:d8,학여울,1003
22:e3:c7:05:0b:ab,대치,1003
00:07:89:14:48:a9,대치,1003
00:07:89:14:48:e1,대치,1003
02:07:89:0f:d5:f9,교대,1003
00:40:5a:c0:11:f3,복정,1075
00:16:1f:03:39:3a,복정,1075
02:07:89:0f:d6:38,복정,1075
00:16:1f:03:71:bb,복정,1075
00:40:5a:c0:0f:5a,복정,1075
02:07:89:0f:d9:e0,복정,1075
00:40:5a:c8:13:52,가천대,1075
00:40:5a:c0:31:52,가천대,1075
12:16:1f:03:36:a3,가천대,1075
00:07:89:14:61:89,가천대,1075
12:16:1f:03:36:a2,가천대,1075
00:07:89:14:61:75,가천대,1075
00:07:89:14:61:4d,가천대,1075
00:40:5a:c8:4b:6a,가천대,1075
00:40:5a:b8:43:0b,논현,1007
00:16:1f:03:32:e3,학동,1007
00:07:89:14:49:6d,학동,1007
00:16:1f:03:45:06,마포구청,1006
00:16:1f:03:45:07,마포구청,1006
00:25:a6:a5:2c:72,마포구청,1006
22:e3:c7:05:0e:eb,망원,1006
00:40:5a:ba:cc:ca,망원,1006
22:e3:c7:05:0e:ef,망원,1006
22:e3:c7:05:0e:ee,망원,1006
22:e3:c7:05:0e:f3,망원,1006
0a:30:0d:7c:e1:d1,서울,1004
00:07:89:0f:23:07,서울,1004
00:40:5a:91:fc:62,서울,1004
00:30:0d:7c:e1:d0,서울,1004
00:30:0d:7c:e1:c0,서울,1004
00:40:5a:91:fc:63,서울,1004
00:07:89:0f:23:06,서울,1004
0a:30:0d:73:ae:f1,서울,1004
02:07:89:0f:23:06,서울,1004
00:30:0d:73:ae:f0,서울,1004
00:30:0d:73:ae:e0,서울,1004
0a:30:0d:74:4c:31,서울,1004
00:07:89:14:6e:41,잠원,1003
02:07:89:14:6e:41,잠원,1003
00:40:5a:af:34:8a,잠원,1003
00:40:5a:af:34:8b,잠원,1003
00:40:5a:af:3b:32,잠원,1003
00:40:5a:af:3b:33,잠원,1003
00:40:5a:af:2d:6b,잠원,1003
00:40:5a:af:2d:6a,잠원,1003
12:16:1f:03:6c:26,잠원,1003
00:16:1f:03:7b:43,잠원,1003
00:16:1f:03:6c:27,잠원,1003
12:16:1f:03:6c:27,잠원,1003
00:16:1f:03:6c:26,잠원,1003
00:40:5a:af:26:42,잠원,1003
00:40:5a:af:26:43,잠원,1003
00:07:89:14:6e:40,잠원,1003
00:07:89:14:6e:2d,잠원,1003
00:16:1f:03:2e:fa,잠원,1003
00:16:1f:03:7b:76,잠원,1003
00:07:89:14:6e:2c,잠원,1003
00:07:89:14:6e:30,잠원,1003
00:07:89:14:6e:48,잠원,1003
12:16:1f:03:2e:fa,잠원,1003
02:07:89:14:6e:34,잠원,1003
02:07:89:14:6e:2d,잠원,1003
02:07:89:14:6e:2c,잠원,1003
02:07:89:14:6e:40,잠원,1003
02:07:89:14:6e:30,잠원,1003
02:07:89:14:6e:48,잠원,1003
00:40:5a:af:3f:93,잠원,1003
00:07:89:14:6e:34,잠원,1003
00:40:5a:af:3f:92,잠원,1003
00:40:5a:af:0d:a2,잠원,1003
00:40:5a:af:0d:a3,잠원,1003
00:07:89:14:6e:55,잠원,1003
00:16:1f:03:cb:aa,잠원,1003
00:40:5a:af:1f:62,잠원,1003
00:09:b4:61:0a:9b,신논현,1009
02:09:b4:61:0a:9b,신논현,1009
00:40:5a:af:1d:83,신논현,1009
00:09:b4:61:07:53,신논현,1009
00:40:5a:af:18:b2,신논현,1009
00:40:5a:af:3f:f3,신논현,1009
02:09:b4:61:07:53,신논현,1009
00:09:b4:61:09:ce,신논현,1009
00:40:5a:af:17:63,신논현,1009
02:09:b4:61:07:52,신논현,1009
12:16:1f:03:86:ae,신논현,1009
00:40:5a:af:1d:82,신논현,1009
00:40:5a:af:3f:f2,신논현,1009
00:09:b4:61:0a:6e,신논현,1009
00:09:b4:61:0a:8b,신논현,1009
12:0e:47:00:23:fb,왕십리,1075
06:17:b2:04:55:4e,왕십리,1075
04:17:b2:04:55:50,왕십리,1075
02:07:89:10:4a:0e,왕십리,1075
00:17:b2:01:ae:a8,왕십리,1075
12:0e:47:00:23:3e,왕십리,1075
58:08:fa:00:20:0f,서울숲,1075
0a:30:0d:76:a0:91,서울숲,1075
00:30:0d:76:a0:90,서울숲,1075
06:30:0d:76:a0:81,서울숲,1075
58:08:fa:00:1e:fb,서울숲,1075
00:30:0d:76:a0:80,서울숲,1075
5a:08:fa:00:23:a3,서울숲,1075
5a:08:fa:00:1e:fb,서울숲,1075
58:08:fa:00:23:a3,서울숲,1075
58:08:fa:00:1f:77,서울숲,1075
12:e3:c7:04:2b:33,서울숲,1075
00:40:5a:ba:df:b3,장지,1008
02:07:89:14:6c:dc,장지,1008
04:17:b2:04:7d:98,장지,1008
02:07:89:14:6d:04,장지,1008
00:07:89:14:6c:dc,장지,1008
00:07:89:14:6d:00,장지,1008
02:07:89:14:6d:00,장지,1008
12:16:1f:03:6c:8a,장지,1008
00:40:5a:bb:36:d2,장지,1008
02:07:89:14:6d:14,장지,1008
00:16:1f:03:68:0b,장지,1008
00:16:1f:03:6c:8a,장지,1008
12:16:1f:03:71:bb,복정,1008
12:16:1f:03:71:ba,복정,1008
00:07:89:0f:d4:69,복정,1008
00:07:89:0f:d4:75,복정,1008
12:16:1f:03:39:3b,복정,1008
00:07:89:0f:d6:29,복정,1008
12:16:1f:03:6b:a3,복정,1008
12:16:1f:03:70:4b,복정,1008
00:07:89:0f:d9:e1,복정,1008
00:16:1f:03:6b:a3,복정,1008
02:07:89:0f:d6:29,복정,1008
00:40:5a:c0:15:d3,복정,1008
02:07:89:0f:d9:e1,복정,1008
12:16:1f:03:70:4a,복정,1008
00:16:1f:03:70:4a,복정,1008
00:40:5a:c0:15:d2,복정,1008
02:07:89:0f:d6:28,복정,1008
12:16:1f:03:3c:86,복정,1008
12:16:1f:03:31:0b,복정,1008
12:16:1f:03:3c:87,복정,1008
00:16:1f:03:3c:86,복정,1008
00:40:5a:ba:d2:4a,복정,1008
00:07:89:0f:d9:dd,복정,1008
00:07:89:0f:d9:f1,복정,1008
00:07:89:0f:d9:f0,복정,1008
00:40:5a:bb:2e:0a,복정,1008
00:40:5a:ba:ce:7a,복정,1008
00:40:5a:b7:86:f2,고속터미널,1007
00:09:b4:61:40:2e,고속터미널,1007
06:30:0d:84:46:82,고속터미널,1007
00:09:b4:61:3c:af,고속터미널,1007
0a:30:0d:84:46:92,고속터미널,1007
00:09:b4:61:3c:ae,고속터미널,1007
00:40:5a:b7:ec:7a,고속터미널,1007
00:40:5a:b7:86:f3,고속터미널,1007
02:09:b4:61:40:2e,고속터미널,1007
00:30:0d:84:46:80,고속터미널,1007
02:09:b4:61:3d:57,고속터미널,1007
00:30:0d:84:46:90,고속터미널,1007
00:40:5a:b7:ec:7b,고속터미널,1007
02:09:b4:61:3d:56,고속터미널,1007
02:09:b4:61:3c:af,고속터미널,1007
00:30:0d:84:8c:00,고속터미널,1007
00:09:b4:61:3c:cb,고속터미널,1007
00:09:b4:61:3a:f3,고속터미널,1007
00:09:b4:61:3c:ca,고속터미널,1007
00:09:b4:61:41:83,군자,1007
00:09:b4:61:3e:9b,군자,1007
00:09:b4:61:45:06,군자,1007
00:09:b4:61:41:82,군자,1007
02:09:b4:61:41:82,군자,1007
02:09:b4:61:39:97,군자,1007
0a:30:0d:84:7a:52,군자,1007
00:30:0d:84:7a:50,군자,1007
00:30:0d:84:7a:40,군자,1007
00:40:5a:bf:db:ca,군자,1007
02:09:b4:61:3e:9a,군자,1007
00:09:b4:61:3e:9a,군자,1007
00:40:5a:bf:db:cb,군자,1007
00:25:a6:a4:dd:8a,양천향교,1009
00:40:5a:b7:c9:92,증미,1009
22:e3:c7:05:3a:aa,증미,1009
22:e3:c7:05:3a:ab,증미,1009
00:25:a6:a4:d7:f8,증미,1009
22:e3:c7:05:39:ca,증미,1009
22:e3:c7:05:39:cb,증미,1009
00:40:5a:b7:dc:22,증미,1009
22:e3:c7:05:39:c2,증미,1009
00:40:5a:b7:bc:b2,증미,1009
22:e3:c7:05:39:c3,증미,1009
00:40:5a:b7:70:22,증미,1009
00:40:5a:b7:c9:93,증미,1009
10:e3:c7:05:3a:aa,증미,1009
10:e3:c7:05:3a:ab,증미,1009
00:25:a6:a4:d7:f9,증미,1009
10:e3:c7:05:39:cb,증미,1009
00:40:5a:b7:dc:23,증미,1009
00:40:5a:bc:45:2a,하계,1007
00:40:5a:bc:45:2b,하계,1007
00:40:5a:bf:be:63,하계,1007
00:25:a6:a3:7c:19,하계,1007
00:25:a6:a3:7c:1a,하계,1007
12:16:1f:03:68:a3,중계,1007
12:16:1f:03:68:a2,중계,1007
00:40:5a:bf:93:12,중계,1007
00:25:a6:a4:14:0d,중계,1007
12:16:1f:03:83:fb,중계,1007
00:16:1f:03:68:a3,중계,1007
00:16:1f:03:68:a2,중계,1007
00:40:5a:bf:93:13,중계,1007
00:25:a6:a4:14:0e,중계,1007
00:16:1f:03:83:fb,중계,1007
12:16:1f:03:75:a7,중계,1007
00:16:1f:03:75:a7,중계,1007
00:40:5a:bf:ae:eb,중계,1007
00:40:5a:bf:ae:ea,중계,1007
12:16:1f:03:83:fa,중계,1007
12:16:1f:03:75:a6,중계,1007
00:16:1f:03:83:fa,중계,1007
12:16:1f:03:37:07,중계,1007
00:25:a6:a3:e0:19,중계,1007
12:16:1f:03:37:06,중계,1007
00:16:1f:03:37:07,중계,1007
00:25:a6:a3:e0:1a,중계,1007
00:16:1f:03:75:a6,중계,1007
00:25:a6:a3:dc:dc,중계,1007
00:40:5a:bf:91:da,중계,1007
00:16:1f:03:37:06,중계,1007
00:40:5a:bf:91:db,중계,1007
00:25:a6:a3:dc:db,중계,1007
00:07:89:14:71:f9,중계,1007
00:40:5a:b7:d6:23,등촌,1009
02:17:b2:02:50:68,등촌,1009
00:16:1f:03:82:c2,등촌,1009
00:40:5a:b7:bc:c2,등촌,1009
12:16:1f:03:82:03,등촌,1009
00:25:a6:a4:d6:27,등촌,1009
12:16:1f:03:6f:da,등촌,1009
00:25:a6:a4:f1:7f,등촌,1009
12:16:1f:03:6f:db,등촌,1009
00:40:5a:b7:74:32,등촌,1009
00:40:5a:b7:d6:32,등촌,1009
12:16:1f:03:81:ca,등촌,1009
12:16:1f:03:81:cb,등촌,1009
12:16:1f:03:82:c3,등촌,1009
00:25:a6:a4:ca:a1,등촌,1009
00:40:5a:b7:bc:c3,등촌,1009
00:16:1f:03:82:03,등촌,1009
00:25:a6:a4:d6:28,등촌,1009
00:16:1f:03:6f:da,등촌,1009
00:25:a6:a4:f1:80,등촌,1009
00:16:1f:03:6f:db,등촌,1009
02:07:89:14:6d:44,남한산성입구,1008
00:30:0d:5d:da:7a,남한산성입구,1008
00:40:5a:c9:41:1b,남한산성입구,1008
00:30:0d:5d:ca:e4,남한산성입구,1008
00:27:1c:13:32:c9,남한산성입구,1008
00:40:5a:c9:05:e3,남한산성입구,1008
02:07:89:14:6d:34,남한산성입구,1008
00:07:89:14:48:81,단대오거리,1008
00:40:5a:c9:41:ca,단대오거리,1008
00:07:89:14:48:80,단대오거리,1008
00:07:89:14:48:6d,단대오거리,1008
00:07:89:14:48:6c,단대오거리,1008
02:07:89:14:48:81,단대오거리,1008
00:07:89:10:5a:6f,석계,1001
00:40:5a:cc:d5:82,석계,1001
00:40:5a:af:3b:da,대치,1003
22:e3:c7:05:0b:aa,대치,1003
00:40:5a:af:3e:9a,대치,1003
00:07:89:14:48:b5,대치,1003
00:07:89:14:48:a8,대치,1003
22:e3:c7:05:67:67,대치,1003
10:e3:c7:05:0b:ab,대치,1003
02:07:89:14:48:e1,대치,1003
02:07:89:14:48:a9,대치,1003
00:07:89:14:61:69,태평,1075
12:16:1f:03:53:42,태평,1075
02:07:89:14:61:69,태평,1075
12:16:1f:03:5e:2f,태평,1075
12:16:1f:03:6d:bf,태평,1075
00:16:1f:03:6d:bf,태평,1075
12:16:1f:03:6d:be,태평,1075
02:07:89:14:61:7c,태평,1075
00:16:1f:03:6d:be,태평,1075
02:07:89:14:61:55,태평,1075
00:07:89:14:61:55,태평,1075
00:40:5a:c0:60:13,태평,1075
12:16:1f:03:53:43,태평,1075
00:16:1f:03:53:42,태평,1075
00:07:89:14:61:7c,태평,1075
00:07:89:14:61:8c,태평,1075
00:40:5a:c0:60:12,태평,1075
00:40:5a:c0:29:f2,태평,1075
00:40:5a:c0:29:f3,태평,1075
00:40:5a:c0:51:33,태평,1075
00:40:5a:c0:51:32,태평,1075
02:07:89:14:61:68,태평,1075
00:40:5a:e4:c2:62,인천국제공항,1065
00:07:89:14:6d:8c,인천국제공항,1065
00:40:5a:e4:cc:5a,인천국제공항,1065
00:27:1c:09:a5:71,인천국제공항,1065
0a:40:5a:cd:73:09,인천국제공항,1065
00:07:89:14:6d:c0,인천국제공항,1065
00:27:1c:09:a5:6a,인천국제공항,1065
00:27:1c:09:a0:21,인천국제공항,1065
00:40:5a:e4:c9:9a,인천국제공항,1065
00:07:89:14:60:c4,인천국제공항,1065
00:07:89:14:60:bc,인천국제공항,1065
00:27:1c:09:a5:6c,인천국제공항,1065
06:40:5a:cd:73:09,인천국제공항,1065
12:16:1f:03:4a:6b,화랑대,1006
00:07:89:14:4b:e4,화랑대,1006
02:07:89:14:48:65,화랑대,1006
00:07:89:14:48:64,화랑대,1006
02:07:89:14:48:64,화랑대,1006
00:40:5a:bf:96:83,화랑대,1006
00:40:5a:bf:c0:72,화랑대,1006
00:07:89:14:47:d9,화랑대,1006
02:17:b2:02:73:5e,화랑대,1006
00:07:89:10:5a:8c,화랑대,1006
00:16:1f:03:80:02,새절,1006
00:40:5a:c8:2b:c3,새절,1006
00:16:1f:03:83:1f,새절,1006
00:40:5a:c8:2c:7a,새절,1006
00:16:1f:03:83:1e,새절,1006
12:16:1f:03:4d:33,증산,1006
12:16:1f:03:4d:32,증산,1006
00:16:1f:03:4d:33,증산,1006
12:16:1f:03:7c:16,증산,1006
00:40:5a:bf:b7:1a,증산,1006
00:16:1f:03:86:f7,증산,1006
12:16:1f:03:86:f7,증산,1006
00:40:5a:bf:b7:1b,증산,1006
00:30:0d:72:e3:70,건대입구,1007
00:40:5a:e4:b5:03,건대입구,1007
00:30:0d:72:e3:60,건대입구,1007
02:07:89:0f:d9:84,건대입구,1007
02:30:0d:58:8a:a6,건대입구,1007
02:07:89:0f:da:68,건대입구,1007
00:07:89:0f:da:68,건대입구,1007
00:40:5a:c0:39:a3,건대입구,1007
00:40:5a:c0:3e:f2,건대입구,1007
00:40:5a:c0:3e:f3,건대입구,1007
00:16:1f:03:65:f7,어린이대공원,1007
00:40:5a:c0:38:b2,어린이대공원,1007
00:25:a6:a2:b2:fc,어린이대공원,1007
12:16:1f:03:65:f6,어린이대공원,1007
12:16:1f:03:31:e3,어린이대공원,1007
00:25:a6:a2:a0:ba,어린이대공원,1007
00:40:5a:e4:c0:12,어린이대공원,1007
00:40:5a:c0:32:3a,어린이대공원,1007
00:40:5a:c0:38:b3,어린이대공원,1007
00:25:a6:a2:b2:fd,어린이대공원,1007
02:09:b4:61:09:ce,신논현,1009
02:09:b4:61:0a:9a,신논현,1009
02:09:b4:61:0a:8a,신논현,1009
02:09:b4:61:0a:6e,신논현,1009
00:40:5a:af:3f:eb,신논현,1009
00:40:5a:af:17:62,신논현,1009
00:16:1f:03:7d:b2,신논현,1009
00:30:0d:83:7c:80,노량진,1009
02:09:b4:61:16:f6,노량진,1009
02:30:0d:59:2d:62,노량진,1009
00:09:b4:61:09:7e,노량진,1009
02:09:b4:61:09:7e,노량진,1009
12:16:1f:03:6c:ce,노들,1009
12:16:1f:03:6c:cf,노들,1009
00:40:5a:af:7b:32,노들,1009
12:16:1f:03:84:ef,노들,1009
12:16:1f:03:5e:16,노들,1009
12:16:1f:03:5e:17,노들,1009
12:16:1f:03:87:7f,노들,1009
00:25:a6:a5:1d:63,노들,1009
00:16:1f:03:6c:cf,노들,1009
00:40:5a:af:54:2b,노들,1009
00:25:a6:a4:f0:6d,노들,1009
00:07:89:0f:d6:85,오금,1003
0a:30:0d:80:f2:51,오금,1003
00:40:5a:bb:a1:ea,오금,1003
02:07:89:0f:d4:2d,오금,1003
00:30:0d:81:04:a0,오금,1003
00:30:0d:81:04:b0,오금,1003
00:40:5a:bb:9e:6b,오금,1003
02:07:89:0f:d4:31,오금,1003
00:40:5a:bb:4e:8b,오금,1003
00:30:0d:81:02:90,오금,1003
00:30:0d:81:04:f0,오금,1003
02:07:89:0f:da:d5,오금,1003
02:07:89:0f:d4:39,오금,1003
00:40:5a:bb:a1:eb,오금,1003
00:30:0d:80:f2:50,오금,1003
06:30:0d:81:02:81,오금,1003
00:07:89:0f:d4:39,오금,1003
02:07:89:0f:d4:28,오금,1003
00:30:0d:81:02:80,오금,1003
00:30:0d:81:02:a0,오금,1003
06:17:b2:04:58:32,당산,1009
02:09:b4:61:1d:52,당산,1009
04:17:b2:04:58:30,당산,1009
00:40:5a:b8:0b:82,당산,1009
00:09:b4:61:26:4a,당산,1009
06:17:b2:04:66:e2,당산,1009
04:17:b2:04:66:e0,당산,1009
02:09:b4:61:1d:53,당산,1009
00:30:0d:83:81:70,당산,1009
00:09:b4:61:1b:c2,당산,1009
0a:30:0d:83:81:72,당산,1009
00:09:b4:61:1d:52,당산,1009
00:16:1f:03:52:fb,국회의사당,1009
00:40:5a:bb:61:6a,국회의사당,1009
00:40:5a:bb:2f:aa,국회의사당,1009
12:16:1f:03:52:fb,국회의사당,1009
12:16:1f:03:52:fa,국회의사당,1009
00:09:b4:61:1f:1f,국회의사당,1009
00:09:b4:61:1f:1e,국회의사당,1009
12:16:1f:03:60:bf,국회의사당,1009
00:09:b4:61:26:b3,국회의사당,1009
12:16:1f:03:6e:c2,국회의사당,1009
12:16:1f:03:6e:c3,국회의사당,1009
00:09:b4:61:1a:13,국회의사당,1009
00:40:5a:bb:26:5a,국회의사당,1009
58:08:fa:00:11:6f,국회의사당,1009
12:16:1f:03:60:be,국회의사당,1009
00:09:b4:61:26:b2,국회의사당,1009
00:40:5a:bb:61:82,국회의사당,1009
00:09:b4:61:1a:12,국회의사당,1009
00:40:5a:bb:61:6b,국회의사당,1009
00:16:1f:03:52:fa,국회의사당,1009
00:40:5a:bb:2f:ab,국회의사당,1009
02:09:b4:61:1f:1f,국회의사당,1009
00:16:1f:03:60:bf,국회의사당,1009
02:09:b4:61:1f:1e,국회의사당,1009
0a:30:0d:75:cb:31,양재,1003
00:07:89:0f:23:1f,양재,1003
00:40:5a:af:33:e2,양재,1003
06:30:0d:75:cb:21,양재,1003
02:07:89:0f:23:2b,양재,1003
02:07:89:0f:23:2e,양재,1003
02:07:89:0f:23:43,양재,1003
02:07:89:0f:23:2a,양재,1003
00:09:b4:61:39:97,군자,1007
00:25:a6:a2:d9:a3,인천국제공항,1065
00:27:1c:09:a0:1f,인천국제공항,1065
02:07:89:14:6d:8c,인천국제공항,1065
00:16:1f:03:cc:62,수유,1004
00:07:89:14:6e:0d,수유,1004
02:07:89:14:6e:0d,수유,1004
12:16:1f:03:cb:f6,수유,1004
12:16:1f:03:bf:8f,수유,1004
00:07:89:14:6e:08,수유,1004
12:16:1f:03:bf:8e,수유,1004
00:16:1f:03:cb:97,수유,1004
00:16:1f:03:bf:8f,수유,1004
02:07:89:14:6e:08,수유,1004
00:07:89:14:6d:d1,수유,1004
12:16:1f:03:cc:62,수유,1004
00:07:89:14:6d:d0,수유,1004
02:07:89:14:6d:d1,수유,1004
00:16:1f:03:bf:8e,수유,1004
02:07:89:14:6f:a4,수유,1004
00:40:5a:b0:3e:3b,수유,1004
00:07:89:14:6d:f8,수유,1004
00:40:5a:b7:81:1b,학동,1007
00:40:5a:b7:97:4b,학동,1007
00:07:89:14:49:e9,학동,1007
00:07:89:14:49:e8,학동,1007
02:07:89:14:49:e9,학동,1007
02:07:89:14:49:e8,학동,1007
00:40:5a:b7:a1:4a,학동,1007
0a:30:0d:7b:0d:b1,학동,1007
00:40:5a:b7:a1:4b,학동,1007
00:30:0d:7b:0d:b0,학동,1007
02:09:b4:61:40:3a,강남구청,1007
00:40:5a:b7:84:92,강남구청,1007
00:40:5a:b7:ef:72,강남구청,1007
0a:30:0d:84:fa:52,강남구청,1007
06:30:0d:84:eb:e2,강남구청,1007
0a:30:0d:84:e2:32,강남구청,1007
06:30:0d:84:e2:22,강남구청,1007
0a:30:0d:85:1c:72,강남구청,1007
06:30:0d:84:fa:42,강남구청,1007
58:08:fa:00:18:07,강남구청,1007
00:30:0d:84:eb:f0,강남구청,1007
00:40:5a:b7:ef:73,강남구청,1007
00:30:0d:84:fa:50,강남구청,1007
00:30:0d:84:eb:e0,강남구청,1007
00:40:5a:b7:84:93,강남구청,1007
00:40:5a:b7:a2:13,강남구청,1007
00:30:0d:84:e2:30,강남구청,1007
00:30:0d:84:e2:20,강남구청,1007
00:30:0d:85:1c:70,강남구청,1007
5a:08:fa:00:18:07,강남구청,1007
00:30:0d:84:fa:40,강남구청,1007
00:09:b4:61:40:3a,강남구청,1007
00:30:0d:85:1c:60,강남구청,1007
0a:30:0d:84:eb:f2,강남구청,1007
00:40:5a:b7:8c:82,강남구청,1007
06:30:0d:76:6f:11,압구정,1003
00:07:89:0f:23:4f,압구정,1003
00:07:89:0f:23:47,압구정,1003
02:07:89:0f:23:4f,압구정,1003
02:07:89:0f:23:47,압구정,1003
00:30:0d:74:64:20,압구정,1003
02:07:89:0f:23:4b,압구정,1003
0a:30:0d:74:de:91,압구정,1003
00:30:0d:74:64:30,압구정,1003
00:30:0d:80:fa:00,압구정,1003
00:30:0d:74:de:90,압구정,1003
06:30:0d:74:64:21,압구정,1003
02:07:89:0f:23:63,압구정,1003
00:40:5a:af:3f:d3,압구정,1003
00:07:89:0f:23:63,압구정,1003
00:30:0d:74:de:80,압구정,1003
0a:30:0d:74:64:31,압구정,1003
06:30:0d:74:de:81,압구정,1003
06:30:0d:80:fa:01,압구정,1003
00:40:5a:c0:2e:ba,사가정,1007
12:16:1f:03:71:9f,사가정,1007
12:16:1f:03:71:9e,사가정,1007
00:16:1f:03:71:9f,사가정,1007
00:40:5a:c0:2e:bb,사가정,1007
00:16:1f:03:71:9e,사가정,1007
00:40:5a:c0:60:da,사가정,1007
12:16:1f:03:6b:f3,사가정,1007
00:40:5a:c0:2f:d2,사가정,1007
00:40:5a:c0:60:db,사가정,1007
00:16:1f:03:6b:f3,사가정,1007
10:e3:c7:05:39:ca,증미,1009
10:e3:c7:05:39:c2,증미,1009
10:e3:c7:05:39:c3,증미,1009
00:40:5a:b7:70:23,증미,1009
10:e3:c7:05:39:ce,증미,1009
22:e3:c7:05:39:ce,증미,1009
00:40:5a:b7:bc:b3,증미,1009
00:25:a6:a4:d5:19,증미,1009
00:40:5a:b7:7a:1a,증미,1009
22:e3:c7:05:39:cf,증미,1009
00:25:a6:a4:cc:91,증미,1009
00:25:a6:a4:d5:1a,증미,1009
00:40:5a:b7:7a:1b,증미,1009
10:e3:c7:05:39:cf,증미,1009
00:40:5a:b7:65:f3,증미,1009
00:25:a6:a4:d3:c0,증미,1009
00:25:a6:a4:d3:c1,증미,1009
22:e3:c7:05:3a:9f,증미,1009
22:e3:c7:05:3a:9e,증미,1009
00:40:5a:b7:da:f2,증미,1009
00:25:a6:a4:f2:2a,증미,1009
10:e3:c7:05:3a:9e,증미,1009
00:25:a6:a4:cc:90,증미,1009
00:40:5a:b7:65:f2,증미,1009
10:e3:c7:05:3a:9f,증미,1009
00:40:5a:b7:da:f3,증미,1009
00:25:a6:a4:f2:29,증미,1009
06:17:b2:04:65:ee,등촌,1009
04:17:b2:04:65:ec,등촌,1009
02:17:b2:02:50:6a,등촌,1009
02:07:89:10:50:0e,등촌,1009
12:16:1f:03:82:02,등촌,1009
00:40:5a:b7:d6:22,등촌,1009
12:16:1f:03:82:c2,등촌,1009
00:16:1f:03:82:02,등촌,1009
02:07:89:14:6f:34,대청,1003
02:07:89:14:6e:85,대청,1003
00:40:5a:bb:94:da,대청,1003
00:40:5a:bb:94:db,대청,1003
00:07:89:14:6f:35,대청,1003
02:07:89:14:6f:35,대청,1003
00:07:89:14:6e:84,대청,1003
12:16:1f:03:79:db,대청,1003
00:16:1f:03:79:db,대청,1003
12:16:1f:03:79:da,대청,1003
00:07:89:14:6f:34,대청,1003
02:07:89:14:6f:44,대청,1003
00:40:5a:bb:85:8a,대청,1003
00:40:5a:bb:85:8b,대청,1003
00:07:89:14:6f:44,대청,1003
06:17:b2:04:60:46,학여울,1003
00:07:89:14:6e:25,학여울,1003
00:40:5a:af:10:12,학여울,1003
22:e3:c7:05:20:db,학여울,1003
00:07:89:14:6e:3d,학여울,1003
22:e3:c7:05:20:da,학여울,1003
02:07:89:14:6e:25,학여울,1003
00:09:b4:61:03:2b,청계산입구,1077
12:16:1f:03:80:22,청계산입구,1077
02:09:b4:61:03:2b,청계산입구,1077
00:16:1f:03:80:22,청계산입구,1077
00:16:1f:03:5d:16,청계산입구,1077
00:16:1f:03:76:ff,청계산입구,1077
12:16:1f:03:81:26,청계산입구,1077
12:16:1f:03:4d:9e,청계산입구,1077
00:16:1f:03:81:26,청계산입구,1077
12:16:1f:03:5d:16,청계산입구,1077
12:16:1f:03:81:27,청계산입구,1077
12:16:1f:03:4d:9f,청계산입구,1077
12:16:1f:03:76:fe,청계산입구,1077
00:07:89:14:47:ed,석계,1006
00:07:89:10:45:73,명동,1004
02:07:89:0f:22:1a,명동,1004
06:17:b2:04:82:46,명동,1004
04:17:b2:04:82:44,명동,1004
00:30:0d:77:61:d0,명동,1004
04:17:b2:04:97:0c,명동,1004
00:30:0d:74:cc:20,명동,1004
0a:30:0d:74:c9:b1,충무로,1004
00:09:b4:61:43:3f,충무로,1004
00:40:5a:91:e2:fa,충무로,1004
00:40:5a:91:e6:fa,충무로,1004
0a:30:0d:74:cb:91,충무로,1004
00:09:b4:61:3a:b6,충무로,1004
00:30:0d:74:c9:b0,충무로,1004
02:09:b4:61:43:3f,충무로,1004
00:40:5a:91:e2:fb,충무로,1004
02:09:b4:61:43:3e,충무로,1004
00:16:1f:03:65:f6,어린이대공원,1007
00:16:1f:03:31:e3,어린이대공원,1007
00:25:a6:a2:a0:bb,어린이대공원,1007
00:40:5a:e4:c0:13,어린이대공원,1007
00:40:5a:c0:54:32,어린이대공원,1007
00:16:1f:03:31:e2,어린이대공원,1007
12:16:1f:03:65:f7,어린이대공원,1007
12:16:1f:03:31:e2,어린이대공원,1007
00:25:a6:a5:a6:92,어린이대공원,1007
12:16:1f:03:87:16,어린이대공원,1007
00:25:a6:a5:a6:93,어린이대공원,1007
00:07:89:14:6e:49,잠원,1003
00:07:89:14:6e:19,잠원,1003
12:16:1f:03:7b:77,잠원,1003
00:40:5a:af:25:6a,잠원,1003
02:07:89:14:6e:49,잠원,1003
00:40:5a:af:1f:63,잠원,1003
02:07:89:14:6e:19,잠원,1003
00:40:5a:af:1c:83,잠원,1003
02:07:89:14:6e:18,잠원,1003
00:16:1f:03:7b:77,잠원,1003
00:40:5a:af:25:6b,잠원,1003
00:07:89:14:6e:18,잠원,1003
00:40:5a:af:2c:ba,잠원,1003
12:16:1f:03:4d:0b,잠원,1003
00:40:5a:af:2c:bb,잠원,1003
00:40:5a:af:1c:82,잠원,1003
12:16:1f:03:7b:76,잠원,1003
00:16:1f:03:4d:0a,잠원,1003
12:16:1f:03:cb:aa,잠원,1003
12:16:1f:03:4d:0a,잠원,1003
0a:30:0d:83:a0:b2,고속터미널,1003
06:30:0d:83:a0:a2,고속터미널,1003
00:30:0d:83:a0:b0,고속터미널,1003
00:30:0d:83:a0:a0,고속터미널,1003
12:16:1f:03:29:bf,흑석,1009
00:09:b4:61:07:b3,흑석,1009
12:16:1f:03:29:be,흑석,1009
00:16:1f:03:53:3a,흑석,1009
00:16:1f:03:53:3b,흑석,1009
02:09:b4:61:07:3f,흑석,1009
02:09:b4:61:07:3e,흑석,1009
00:40:5a:af:45:fb,흑석,1009
02:09:b4:61:07:37,흑석,1009
00:16:1f:03:4d:af,흑석,1009
02:09:b4:61:07:36,흑석,1009
00:16:1f:03:29:bf,흑석,1009
02:09:b4:61:07:b3,흑석,1009
00:16:1f:03:4d:ae,흑석,1009
00:40:5a:bf:de:a2,군자,1007
00:40:5a:bf:de:a3,군자,1007
00:16:1f:03:71:6b,중곡,1007
00:09:b4:61:12:67,모란,1075
00:40:5a:c0:51:73,모란,1075
02:09:b4:61:12:67,모란,1075
06:30:0d:84:fd:c2,모란,1075
0a:30:0d:84:5c:b2,모란,1075
06:30:0d:84:5c:a2,모란,1075
06:30:0d:84:67:22,모란,1075
00:30:0d:84:5c:a0,모란,1075
0a:30:0d:84:67:32,모란,1075
00:40:5a:c0:31:62,모란,1075
00:30:0d:84:67:30,모란,1075
00:30:0d:84:5c:b0,모란,1075
00:40:5a:c0:31:63,모란,1075
00:30:0d:84:67:20,모란,1075
00:09:b4:61:1b:f7,모란,1075
00:09:b4:61:1d:57,모란,1075
06:30:0d:84:68:e2,모란,1075
00:40:5a:c0:2b:4a,모란,1075
00:40:5a:c0:2b:4b,모란,1075
00:16:1f:03:7b:d3,송파,1008
02:07:89:14:6d:08,송파,1008
00:40:5a:bb:1a:2a,송파,1008
12:16:1f:03:6f:73,송파,1008
00:1e:b2:92:37:16,죽전,1075
02:07:89:0f:fc:20,죽전,1075
02:07:89:0f:fd:31,죽전,1075
00:40:5a:e5:75:92,죽전,1075
00:40:5a:e5:75:93,죽전,1075
00:40:5a:e5:71:6a,죽전,1075
00:40:5a:e5:71:6b,죽전,1075
0a:30:0d:83:83:d2,강남,1077
0a:30:0d:84:54:72,강남,1077
06:30:0d:83:83:c2,강남,1077
06:30:0d:84:54:62,강남,1077
0a:30:0d:84:50:52,강남,1077
0a:0e:47:01:3c:a2,강남,1077
00:30:0d:75:cb:30,양재,1003
02:07:89:0f:23:1f,양재,1003
00:30:0d:75:cb:20,양재,1003
00:40:5a:af:38:72,양재,1003
00:40:5a:af:38:73,양재,1003
00:40:5a:af:33:e3,양재,1003
00:07:89:0f:23:1e,양재,1003
02:07:89:0f:23:1e,양재,1003
0a:30:0d:72:13:f1,남부터미널,1003
00:07:89:0f:24:13,남부터미널,1003
00:07:89:0f:24:33,남부터미널,1003
02:07:89:0f:24:33,남부터미널,1003
00:30:0d:75:c2:70,남부터미널,1003
00:40:5a:af:17:e2,남부터미널,1003
00:16:1f:03:6e:57,구반포,1009
00:40:5a:af:2c:a3,구반포,1009
00:16:1f:03:7b:53,구반포,1009
12:16:1f:03:7b:53,구반포,1009
12:16:1f:03:36:97,구반포,1009
00:40:5a:af:2d:92,구반포,1009
12:16:1f:03:5e:06,구반포,1009
00:16:1f:03:7b:52,구반포,1009
00:25:a6:a4:f3:37,구반포,1009
12:16:1f:03:7b:52,구반포,1009
00:40:5a:af:22:22,구반포,1009
00:25:a6:a4:f3:38,구반포,1009
00:16:1f:03:5e:06,구반포,1009
00:25:a6:a4:f0:f9,양천향교,1009
12:16:1f:03:ca:ba,미아,1004
00:40:5a:b0:0c:1a,미아,1004
00:07:89:14:4b:30,미아,1004
00:07:89:14:4b:3d,미아,1004
00:07:89:14:4b:39,미아,1004
0a:90:a2:6b:dd:f2,미아,1004
12:16:1f:03:ca:0f,미아,1004
00:07:89:14:4b:3c,미아,1004
00:40:5a:b0:36:8a,미아,1004
00:07:89:14:4b:50,미아,1004
00:07:89:14:4b:38,미아,1004
00:07:89:14:4b:44,미아,1004
00:16:1f:03:a0:2b,미아,1004
0a:90:a2:6b:de:43,미아,1004
02:07:89:14:4b:31,미아,1004
02:07:89:14:4b:3d,미아,1004
00:16:1f:03:a0:2a,미아,1004
00:16:1f:03:ca:ba,미아,1004
00:16:1f:03:ca:bb,미아,1004
02:07:89:14:4b:30,미아,1004
00:40:5a:af:59:4b,동작,1009
00:40:5a:af:59:4a,동작,1009
00:30:0d:84:f1:70,동작,1009
02:09:b4:61:18:1f,동작,1009
00:09:b4:61:18:1f,동작,1009
0a:30:0d:84:ee:72,동작,1009
00:30:0d:84:ee:70,동작,1009
00:40:5a:af:58:e3,동작,1009
00:09:b4:61:18:1e,동작,1009
02:09:b4:61:1c:de,동작,1009
00:07:89:0e:bb:da,동작,1009
00:09:b4:61:19:32,동작,1009
00:40:5a:af:58:02,동작,1009
00:1d:93:1f:f3:51,동작,1009
00:09:b4:61:25:92,동작,1009
0a:30:0d:84:f1:72,동작,1009
00:40:5a:af:46:e3,동작,1009
02:09:b4:61:18:1e,동작,1009
00:40:5a:a4:d3:13,동작,1009
02:09:b4:61:25:92,동작,1009
00:40:5a:af:46:e2,동작,1009
00:09:b4:61:18:62,동작,1009
02:09:b4:61:18:62,동작,1009
00:30:0d:84:4b:f0,동작,1009
00:40:5a:af:58:03,동작,1009
02:09:b4:61:19:32,동작,1009
0a:30:0d:84:4b:f2,동작,1009
00:09:b4:61:1c:3a,동작,1009
02:07:89:0e:bb:da,동작,1009
00:40:5a:a4:d3:12,동작,1009
00:40:5a:af:1f:e2,동작,1009
00:30:0d:84:4d:00,동작,1009
02:09:b4:61:1c:3a,동작,1009
00:40:5a:af:3a:ea,동작,1009
00:30:0d:84:4a:20,동작,1009
00:40:5a:af:58:e2,동작,1009
00:40:5a:af:3a:eb,동작,1009
02:09:b4:61:25:b7,동작,1009
02:07:89:10:55:07,동작,1009
00:40:5a:bb:36:f2,송파,1008
00:40:5a:bb:1a:2b,송파,1008
00:40:5a:c0:2f:d3,사가정,1007
00:25:a6:a4:a9:f4,사가정,1007
00:25:a6:a4:28:a8,사가정,1007
0a:30:0d:7c:21:11,디지털미디어시티,1006
00:07:89:0f:da:bc,디지털미디어시티,1006
00:30:0d:7c:1e:60,디지털미디어시티,1006
0a:30:0d:84:f6:12,가락시장,1008
0a:30:0d:84:f1:32,가락시장,1008
00:07:89:0f:da:01,가락시장,1008
06:30:0d:84:f1:22,가락시장,1008
02:07:89:0f:d9:f4,가락시장,1008
00:07:89:0f:d9:e5,가락시장,1008
02:07:89:0f:d9:e8,가락시장,1008
00:40:5a:bb:31:9b,가락시장,1008
00:30:0d:84:f6:00,가락시장,1008
00:07:89:0f:d9:ed,가락시장,1008
0a:30:0d:83:92:72,가락시장,1008
00:40:5a:bb:20:a2,가락시장,1008
00:30:0d:83:92:70,가락시장,1008
00:07:89:0f:da:00,가락시장,1008
06:30:0d:83:92:62,가락시장,1008
02:07:89:0f:da:00,가락시장,1008
00:30:0d:84:f1:20,가락시장,1008
00:40:5a:ba:d4:13,가락시장,1008
00:30:0d:83:92:60,가락시장,1008
00:07:89:0f:d9:10,잠실,1008
12:16:1f:03:41:42,미금,1075
00:07:89:14:61:30,미금,1075
12:16:1f:03:75:6e,미금,1075
02:07:89:14:61:08,미금,1075
00:07:89:14:61:08,미금,1075
02:07:89:14:61:1c,미금,1075
00:16:1f:03:87:57,미금,1075
00:16:1f:03:6b:ee,미금,1075
00:16:1f:03:75:6e,미금,1075
00:40:5a:c8:4b:83,미금,1075
00:07:89:14:61:ad,오리,1075
00:07:89:14:61:ac,오리,1075
22:e3:c7:05:3b:af,오리,1075
00:07:89:14:61:c9,오리,1075
00:40:5a:c0:50:d2,오리,1075
22:e3:c7:05:1f:3f,오리,1075
22:e3:c7:05:1f:3e,오리,1075
22:e3:c7:05:3b:ae,오리,1075
00:40:5a:c8:56:6a,오리,1075
00:07:89:14:61:99,오리,1075
00:40:5a:c8:1f:1a,오리,1075
22:e3:c7:05:39:2f,오리,1075
02:07:89:14:61:ad,오리,1075
02:07:89:14:61:ac,오리,1075
00:40:5a:c0:50:d3,오리,1075
10:e3:c7:05:3b:af,오리,1075
02:07:89:14:61:c9,오리,1075
10:e3:c7:05:1f:3f,오리,1075
00:40:5a:c8:1f:1b,오리,1075
10:e3:c7:05:3b:ae,오리,1075
02:07:89:14:61:99,오리,1075
00:40:5a:c8:a9:03,오리,1075
00:40:5a:c8:56:6b,오리,1075
10:e3:c7:05:39:2f,오리,1075
00:40:5a:c8:43:73,오리,1075
00:40:5a:c8:a9:02,오리,1075
00:40:5a:c8:43:72,오리,1075
00:07:89:14:61:98,오리,1075
00:40:5a:c0:31:7a,오리,1075
02:07:89:14:61:c8,오리,1075
02:07:89:14:61:98,오리,1075
10:e3:c7:05:3b:92,오리,1075
00:07:89:14:61:c8,오리,1075
00:07:89:14:61:d9,오리,1075
22:e3:c7:05:3b:92,오리,1075
22:e3:c7:05:3b:93,오리,1075
02:07:89:14:61:d9,오리,1075
02:07:89:14:61:d8,오리,1075
10:e3:c7:05:3b:93,오리,1075
00:07:89:14:61:d8,오리,1075
00:40:5a:c0:31:7b,오리,1075
22:e3:c7:05:39:2e,오리,1075
10:e3:c7:05:39:2e,오리,1075
10:e3:c7:05:1f:3e,오리,1075
02:07:89:14:61:d5,오리,1075
00:40:5a:c7:bd:32,오리,1075
00:40:5a:bc:46:a9,신목동,1009
12:16:1f:03:74:5e,신목동,1009
00:40:5a:bc:46:aa,신목동,1009
00:25:a6:a4:d9:2e,신목동,1009
00:25:a6:a4:d9:38,신목동,1009
00:40:5a:c3:cb:82,신목동,1009
00:30:0d:74:cb:90,충무로,1004
00:40:5a:91:e6:fb,충무로,1004
02:09:b4:61:3a:b6,충무로,1004
00:09:b4:61:3b:bb,동대문역사문화공원,1004
02:09:b4:61:3b:bb,동대문역사문화공원,1004
00:30:0d:7d:82:90,동대문역사문화공원,1004
02:09:b4:61:33:13,동대문역사문화공원,1004
06:17:b2:04:8f:62,동대문역사문화공원,1004
0a:30:0d:74:c8:d1,동대문역사문화공원,1004
06:17:b2:04:8e:ae,동대문역사문화공원,1004
04:17:b2:04:8f:60,동대문역사문화공원,1004
04:17:b2:04:8e:ac,동대문역사문화공원,1004
00:07:89:0f:22:12,동대문역사문화공원,1004
00:40:5a:b7:76:22,동대문역사문화공원,1004
02:07:89:10:4f:95,동대문역사문화공원,1004
02:07:89:0f:22:12,동대문역사문화공원,1004
02:07:89:10:52:58,동대문역사문화공원,1004
00:07:89:0f:20:0b,동대문역사문화공원,1004
00:07:89:0f:20:17,동대문역사문화공원,1004
0a:30:0d:84:82:12,동대문역사문화공원,1004
02:07:89:0f:20:17,동대문역사문화공원,1004
00:30:0d:84:7d:d0,동대문역사문화공원,1004
00:40:5a:b7:a6:3b,동대문역사문화공원,1004
00:30:0d:84:7d:c0,동대문역사문화공원,1004
0a:30:0d:84:7d:d2,동대문역사문화공원,1004
00:40:5a:b7:a6:3a,동대문역사문화공원,1004
06:30:0d:84:7d:c2,동대문역사문화공원,1004
0a:30:0d:84:80:f2,동대문역사문화공원,1004
06:30:0d:84:80:e2,동대문역사문화공원,1004
00:30:0d:84:80:f0,동대문역사문화공원,1004
02:07:89:0f:20:16,동대문역사문화공원,1004
00:07:89:0f:20:16,동대문역사문화공원,1004
00:30:0d:84:80:e0,동대문역사문화공원,1004
04:17:b2:04:9e:60,동대문,1004
02:07:89:0f:20:22,동대문,1004
00:07:89:0f:20:2b,동대문,1004
0a:30:0d:84:f1:b2,동대문,1004
06:30:0d:84:f1:a2,동대문,1004
06:30:0d:85:21:22,동대문,1004
00:07:89:0f:20:13,동대문,1004
0a:30:0d:85:21:32,동대문,1004
00:30:0d:84:f1:b0,동대문,1004
02:07:89:0f:20:13,동대문,1004
02:07:89:0f:24:7f,동대문,1004
0a:30:0d:83:85:12,동대문,1004
06:30:0d:83:85:02,동대문,1004
00:07:89:0f:24:7f,동대문,1004
00:07:89:0f:24:7e,동대문,1004
0a:30:0d:84:7f:f2,동대문,1004
06:30:0d:84:7f:e2,동대문,1004
00:40:5a:b0:3c:2a,동대문,1004
00:30:0d:83:85:00,동대문,1004
00:30:0d:83:85:10,동대문,1004
02:07:89:0f:24:7e,동대문,1004
00:40:5a:b0:3e:33,동대문,1004
00:30:0d:84:7f:e0,동대문,1004
00:30:0d:84:7f:f0,동대문,1004
00:40:5a:b0:3c:2b,동대문,1004
04:17:b2:04:98:c0,창동,1001
02:17:b2:02:98:c0,창동,1001
00:07:89:10:57:f8,월계,1001
06:17:b2:04:9b:5e,월계,1001
02:17:b2:02:98:c2,월계,1001
00:07:89:10:56:37,월계,1001
02:17:b2:02:9b:5e,월계,1001
04:17:b2:04:9b:5c,월계,1001
00:27:1c:21:ba:3b,월계,1001
02:17:b2:02:9a:84,월계,1001
02:07:89:10:5a:6f,석계,1001
00:17:b2:01:ab:08,도봉산,1007
02:07:89:14:48:80,단대오거리,1008
02:07:89:14:48:6c,단대오거리,1008
00:40:5a:c9:35:e3,단대오거리,1008
00:07:89:14:4b:e9,단대오거리,1008
00:07:89:14:4b:e8,단대오거리,1008
00:40:5a:c9:35:e2,단대오거리,1008
00:07:89:14:4b:d1,단대오거리,1008
00:07:89:14:4b:d0,단대오거리,1008
02:07:89:14:4b:e9,단대오거리,1008
02:07:89:14:4b:e8,단대오거리,1008
02:07:89:14:4b:d1,단대오거리,1008
00:30:0d:5d:dc:da,단대오거리,1008
0e:0e:47:01:3c:a2,강남,1077
0a:30:0d:84:51:32,강남,1077
00:09:b4:61:00:83,강남,1077
06:30:0d:84:51:22,강남,1077
00:30:0d:83:83:d0,강남,1077
00:30:0d:84:54:70,강남,1077
02:09:b4:61:00:3f,강남,1077
00:30:0d:84:54:60,강남,1077
00:30:0d:84:51:30,강남,1077
02:09:b4:61:00:83,강남,1077
00:30:0d:84:51:20,강남,1077
00:30:0d:83:81:50,강남,1077
00:09:b4:61:00:43,강남,1077
0a:30:0d:83:81:52,강남,1077
00:09:b4:61:00:2f,강남,1077
02:09:b4:61:00:42,강남,1077
02:09:b4:61:00:2f,강남,1077
06:30:0d:83:81:42,강남,1077
0a:30:0d:84:50:32,강남,1077
06:30:0d:84:50:22,강남,1077
02:09:b4:61:00:43,강남,1077
00:30:0d:83:81:40,강남,1077
00:30:0d:84:50:30,강남,1077
06:30:0d:84:51:62,강남,1077
0a:30:0d:84:51:72,강남,1077
0a:30:0d:83:7e:f2,강남,1077
0a:30:0d:84:54:92,강남,1077
02:09:b4:61:00:2b,강남,1077
00:09:b4:61:00:42,강남,1077
00:09:b4:61:00:2e,강남,1077
00:30:0d:84:50:20,강남,1077
02:09:b4:61:00:2e,강남,1077
00:09:b4:61:00:82,강남,1077
00:30:0d:83:83:c0,강남,1077
00:09:b4:61:00:3f,강남,1077
0a:0e:47:01:3f:72,강남,1077
00:30:0d:84:50:50,강남,1077
00:30:0d:84:50:40,강남,1077
0e:0e:47:01:3f:72,강남,1077
02:09:b4:61:00:82,강남,1077
06:30:0d:84:50:42,강남,1077
00:09:b4:61:00:2b,강남,1077
00:30:0d:84:51:70,강남,1077
02:09:b4:61:00:2a,강남,1077
02:09:b4:61:02:26,강남,1077
00:09:b4:61:00:2a,강남,1077
00:30:0d:84:51:60,강남,1077
00:30:0d:83:7e:e0,강남,1077
00:30:0d:83:7e:f0,강남,1077
00:30:0d:84:54:90,강남,1077
02:09:b4:61:02:22,강남,1077
02:09:b4:61:00:1a,강남,1077
02:09:b4:61:00:3e,강남,1077
00:40:5a:bc:47:62,총신대입구(이수),1007
06:30:0d:84:55:42,총신대입구(이수),1007
00:07:89:0f:d8:71,총신대입구(이수),1007
00:09:b4:61:0a:8a,신논현,1009
00:40:5a:af:3f:ea,신논현,1009
12:16:1f:03:35:12,신논현,1009
00:40:5a:af:2d:ea,신논현,1009
00:09:b4:61:08:33,신논현,1009
02:09:b4:61:08:33,신논현,1009
00:16:1f:03:35:12,신논현,1009
12:16:1f:03:35:13,신논현,1009
00:40:5a:af:2d:eb,신논현,1009
00:16:1f:03:35:13,신논현,1009
06:30:0d:81:04:a1,오금,1003
00:07:89:0f:d4:2d,오금,1003
0a:30:0d:81:04:b1,오금,1003
00:40:5a:bb:9e:6a,오금,1003
00:07:89:0f:d4:31,오금,1003
00:07:89:0f:d4:29,오금,1003
0a:30:0d:81:02:91,오금,1003
0a:30:0d:81:04:f1,오금,1003
00:07:89:0f:da:d5,오금,1003
00:30:0d:85:05:50,여의도,1009
12:16:1f:03:4e:de,청계산입구,1077
00:09:b4:61:00:0e,청계산입구,1077
0a:0e:47:01:40:0a,청계산입구,1077
00:16:1f:03:4e:de,청계산입구,1077
00:09:b4:61:02:46,청계산입구,1077
12:16:1f:03:57:d6,판교,1077
12:16:1f:03:57:d7,판교,1077
00:09:b4:61:01:af,판교,1077
0a:0e:47:01:3b:9a,판교,1077
0e:0e:47:01:3b:9a,판교,1077
00:16:1f:03:57:d7,판교,1077
02:09:b4:61:01:af,판교,1077
00:40:5a:bb:36:f3,송파,1008
00:07:89:14:6d:08,송파,1008
00:16:1f:03:6f:73,송파,1008
12:16:1f:03:4f:c6,송파,1008
00:07:89:14:6d:1c,송파,1008
00:40:5a:bb:31:ca,송파,1008
00:16:1f:03:7b:d2,송파,1008
00:40:5a:bb:12:83,송파,1008
00:16:1f:03:4f:c6,송파,1008
00:40:5a:bb:31:cb,송파,1008
00:40:5a:bb:1c:ab,송파,1008
12:16:1f:03:4f:c7,송파,1008
12:16:1f:03:7b:d2,송파,1008
02:07:89:14:6d:1c,송파,1008
00:16:1f:03:6d:3b,송파,1008
00:16:1f:03:4f:c7,송파,1008
02:07:89:14:6d:19,송파,1008
00:07:89:14:6d:19,송파,1008
00:40:5a:bb:1c:aa,송파,1008
02:07:89:0f:d8:79,건대입구,1007
00:40:5a:bf:d3:2b,건대입구,1007
00:30:0d:72:e3:90,건대입구,1007
02:07:89:0f:d8:d1,건대입구,1007
02:07:89:0f:d8:95,건대입구,1007
00:40:5a:c0:00:03,건대입구,1007
00:30:0d:73:3a:d0,건대입구,1007
00:30:0d:72:e3:b0,건대입구,1007
00:07:89:0f:d8:75,건대입구,1007
00:07:89:0f:da:69,건대입구,1007
02:07:89:0f:d8:e1,건대입구,1007
00:30:0d:72:e3:a0,건대입구,1007
02:07:89:0f:d8:75,건대입구,1007
00:40:5a:b8:09:fa,장지,1008
00:16:1f:03:83:43,장지,1008
00:16:1f:03:83:42,장지,1008
00:25:a6:a4:a5:9a,사가정,1007
00:25:a6:a4:28:a9,사가정,1007
00:25:a6:a4:a9:f0,사가정,1007
00:16:1f:03:6b:f2,사가정,1007
00:16:1f:03:58:82,사가정,1007
00:40:5a:c0:31:22,사가정,1007
12:16:1f:03:58:83,사가정,1007
00:40:5a:c0:31:23,사가정,1007
00:16:1f:03:58:83,사가정,1007
12:16:1f:03:58:82,사가정,1007
00:25:a6:a4:ab:e9,사가정,1007
00:40:5a:c0:2f:e3,사가정,1007
00:40:5a:c0:35:db,사가정,1007
00:25:a6:a4:ab:e8,사가정,1007
00:40:5a:c0:2f:e2,사가정,1007
00:25:a6:a4:a7:47,사가정,1007
00:40:5a:c0:5d:d2,사가정,1007
00:40:5a:c0:5d:d3,사가정,1007
00:07:89:0f:22:e6,서울,1004
00:30:0d:72:6a:c0,서울,1004
00:40:5a:91:e3:13,서울,1004
00:30:0d:74:4c:30,서울,1004
0a:30:0d:72:6a:d1,서울,1004
00:07:89:0f:23:0b,서울,1004
00:07:89:0f:23:03,서울,1004
00:30:0d:72:6a:d0,서울,1004
02:07:89:0f:23:0b,서울,1004
02:07:89:0f:23:03,서울,1004
00:40:5a:91:f1:d2,서울,1004
00:40:5a:91:f1:d3,서울,1004
02:07:89:0f:23:07,서울,1004
00:07:89:0f:23:0a,서울,1004
02:07:89:0f:23:0a,서울,1004
00:40:5a:91:f2:0a,서울,1004
00:40:5a:91:f2:22,회현,1004
00:07:89:14:6e:5d,회현,1004
12:16:1f:03:c9:1a,회현,1004
12:16:1f:03:cb:9b,회현,1004
06:17:b2:04:8a:92,회현,1004
02:07:89:14:6e:5d,회현,1004
00:40:5a:91:f2:23,회현,1004
00:16:1f:03:c9:1b,회현,1004
04:17:b2:04:8a:90,회현,1004
04:17:b2:04:8d:a8,회현,1004
02:17:b2:02:82:46,회현,1004
12:16:1f:03:c9:1b,회현,1004
00:1d:93:20:78:a5,회현,1004
00:40:5a:ba:d7:1a,회현,1004
02:17:b2:02:8e:92,회현,1004
02:07:89:14:6e:5c,회현,1004
00:16:1f:03:cb:9b,회현,1004
02:07:89:14:6e:39,회현,1004
00:40:5a:ba:d7:1b,회현,1004
02:17:b2:02:8d:a8,회현,1004
00:40:5a:c3:e3:ca,신목동,1009
00:25:a6:a4:d3:2b,신목동,1009
00:40:5a:bc:46:ab,신목동,1009
00:16:1f:03:6e:6f,신목동,1009
00:40:5a:c0:59:7b,신목동,1009
00:25:a6:a4:d9:39,신목동,1009
00:25:a6:a4:d9:2f,신목동,1009
00:16:1f:03:74:5e,신목동,1009
02:07:89:10:48:fb,신목동,1009
00:16:1f:03:74:5f,신목동,1009
00:40:5a:c3:e3:cb,신목동,1009
00:40:5a:c3:cb:83,신목동,1009
12:16:1f:03:71:9b,신목동,1009
12:16:1f:03:2a:4a,염창,1009
12:e3:c7:04:2c:f4,압구정로데오,1075
58:08:fa:00:30:76,압구정로데오,1075
58:08:fa:00:2f:bb,압구정로데오,1075
5a:08:fa:00:30:26,압구정로데오,1075
5a:08:fa:00:2f:e6,압구정로데오,1075
5a:08:fa:00:30:77,압구정로데오,1075
10:e3:c7:04:2c:8c,압구정로데오,1075
5a:08:fa:00:2f:b2,압구정로데오,1075
5a:08:fa:00:30:76,압구정로데오,1075
06:0e:47:01:24:32,압구정로데오,1075
10:e3:c7:04:2c:e0,압구정로데오,1075
58:08:fa:00:2f:e2,압구정로데오,1075
58:08:fa:00:2f:b2,압구정로데오,1075
58:08:fa:00:2f:e6,압구정로데오,1075
12:e3:c7:04:2c:e0,압구정로데오,1075
0a:0e:47:01:24:32,압구정로데오,1075
12:e3:c7:04:2e:f7,서울숲,1075
58:08:fa:00:1e:fa,서울숲,1075
10:e3:c7:04:2e:f7,서울숲,1075
5a:08:fa:00:22:d3,서울숲,1075
12:e3:c7:04:2e:f8,서울숲,1075
12:e3:c7:04:2b:30,서울숲,1075
58:08:fa:00:22:d3,서울숲,1075
12:e3:c7:04:2b:44,서울숲,1075
10:e3:c7:04:2b:44,서울숲,1075
58:08:fa:00:20:0e,서울숲,1075
5a:08:fa:00:20:0e,서울숲,1075
5a:08:fa:00:1e:fa,서울숲,1075
58:08:fa:00:22:db,서울숲,1075
58:08:fa:00:1f:76,서울숲,1075
10:e3:c7:04:2b:33,서울숲,1075
5a:08:fa:00:22:db,서울숲,1075
5a:08:fa:00:1f:77,서울숲,1075
12:e3:c7:04:2b:34,서울숲,1075
58:08:fa:00:22:da,서울숲,1075
10:e3:c7:04:2e:f8,서울숲,1075
10:e3:c7:04:2b:30,서울숲,1075
12:e3:c7:04:2b:43,서울숲,1075
58:08:fa:00:22:d2,서울숲,1075
12:e3:c7:04:2b:2f,서울숲,1075
12:e3:c7:04:2b:27,서울숲,1075
12:e3:c7:04:2b:47,서울숲,1075
12:e3:c7:04:2b:48,서울숲,1075
5a:08:fa:00:22:da,서울숲,1075
10:e3:c7:04:2b:43,서울숲,1075
5a:08:fa:00:22:d2,서울숲,1075
5a:08:fa:00:1f:76,서울숲,1075
10:e3:c7:04:2b:48,서울숲,1075
5a:08:fa:00:1f:06,서울숲,1075
58:08:fa:00:23:a2,서울숲,1075
5a:08:fa:00:20:0f,서울숲,1075
58:08:fa:00:1f:82,서울숲,1075
58:08:fa:00:1f:06,서울숲,1075
12:16:1f:03:5d:e3,논현,1007
00:16:1f:03:5d:e3,논현,1007
00:16:1f:03:5d:e2,논현,1007
00:40:5a:c3:96:f2,논현,1007
12:16:1f:03:55:7a,논현,1007
00:40:5a:b8:35:82,논현,1007
02:07:89:14:49:84,논현,1007
02:07:89:14:4b:fc,논현,1007
00:40:5a:b8:35:83,논현,1007
00:16:1f:03:55:7a,논현,1007
00:07:89:14:49:49,논현,1007
00:07:89:14:4b:f5,논현,1007
00:40:5a:b8:40:52,논현,1007
02:07:89:14:49:49,논현,1007
02:07:89:14:49:48,논현,1007
00:40:5a:b8:40:53,논현,1007
00:07:89:14:49:48,논현,1007
00:07:89:14:4b:fc,논현,1007
00:07:89:14:6d:4d,논현,1007
00:40:5a:c9:35:02,단대오거리,1008
00:40:5a:c9:27:ca,단대오거리,1008
06:30:0d:5d:dc:da,단대오거리,1008
00:40:5a:c9:27:cb,단대오거리,1008
00:07:89:14:4b:f9,단대오거리,1008
02:07:89:14:4b:f8,단대오거리,1008
00:40:5a:c8:7d:b3,단대오거리,1008
00:40:5a:c8:7d:b2,단대오거리,1008
00:25:a6:a4:39:3d,창신,1006
00:40:5a:b7:07:62,창신,1006
00:25:a6:a4:61:15,창신,1006
00:16:1f:03:85:a3,창신,1006
00:16:1f:03:85:a2,창신,1006
00:25:a6:a4:37:72,창신,1006
12:16:1f:03:41:77,보문,1006
12:16:1f:03:41:76,보문,1006
00:25:a6:a4:58:64,보문,1006
12:16:1f:03:84:23,보문,1006
00:16:1f:03:41:76,보문,1006
00:25:a6:a4:58:65,보문,1006
00:16:1f:03:84:23,보문,1006
00:40:5a:bb:51:e3,보문,1006
00:40:5a:bb:51:e2,보문,1006
12:16:1f:03:84:22,보문,1006
00:25:a6:a4:5c:a6,보문,1006
12:16:1f:03:64:b3,보문,1006
12:16:1f:03:64:b2,보문,1006
00:16:1f:03:84:22,보문,1006
00:16:1f:03:64:b2,보문,1006
00:40:5a:bb:b5:da,보문,1006
00:40:5a:bb:b5:db,보문,1006
00:25:a6:a4:2c:ae,보문,1006
00:25:a6:a5:11:0f,보문,1006
00:16:1f:03:64:b3,보문,1006
00:25:a6:a4:5c:a7,보문,1006
00:40:5a:bb:b5:3a,보문,1006
00:16:1f:03:41:77,보문,1006
00:40:5a:bb:b5:3b,보문,1006
12:16:1f:03:33:e3,보문,1006
00:40:5a:bb:c4:d2,보문,1006
00:16:1f:03:33:e3,보문,1006
00:40:5a:bb:ad:fb,보문,1006
00:25:a6:a4:2c:af,보문,1006
00:40:5a:bb:ad:fa,보문,1006
12:16:1f:03:33:e2,보문,1006
12:16:1f:03:77:ef,안암,1006
00:40:5a:c4:10:1a,안암,1006
00:40:5a:c3:dc:c2,안암,1006
12:16:1f:03:7c:b3,안암,1006
00:16:1f:03:77:ef,안암,1006
00:40:5a:c3:e4:33,안암,1006
00:40:5a:c4:10:1b,안암,1006
00:40:5a:c3:dc:c3,안암,1006
12:16:1f:03:77:ee,안암,1006
00:25:a6:a4:5a:c6,안암,1006
12:16:1f:03:4b:cb,안암,1006
00:40:5a:bb:8c:92,안암,1006
00:16:1f:03:77:ee,안암,1006
00:25:a6:a4:5a:c7,안암,1006
00:16:1f:03:4b:cb,안암,1006
00:40:5a:bb:8c:93,안암,1006
00:16:1f:03:7c:b3,안암,1006
12:16:1f:03:7c:b2,안암,1006
00:40:5a:bb:4d:ba,안암,1006
00:25:a6:a4:4d:c9,안암,1006
00:16:1f:03:6d:cb,사평,1009
00:25:a6:a4:d1:c8,사평,1009
00:16:1f:03:7d:53,사평,1009
00:16:1f:03:7d:52,사평,1009
00:40:5a:af:19:a3,사평,1009
00:25:a6:a5:2c:53,사평,1009
00:40:5a:af:19:a2,사평,1009
12:16:1f:03:3d:a2,사평,1009
00:40:5a:c3:e7:5a,사평,1009
00:40:5a:af:1a:eb,사평,1009
00:16:1f:03:3b:c2,사평,1009
00:40:5a:af:1a:f3,사평,1009
00:16:1f:03:3d:a3,사평,1009
00:40:5a:af:37:9b,사평,1009
00:16:1f:03:4a:c3,상수,1006
00:25:a6:a4:e3:2a,상수,1006
00:16:1f:03:6c:e3,가양,1009
00:16:1f:03:80:87,가양,1009
00:16:1f:03:81:e3,가양,1009
00:16:1f:03:81:63,가양,1009
00:16:1f:03:81:62,가양,1009
00:25:a6:a4:f3:41,가양,1009
00:25:a6:a4:f3:42,가양,1009
00:16:1f:03:7f:2b,가양,1009
00:40:5a:b7:64:1a,가양,1009
02:09:b4:61:01:97,판교,1077
00:09:b4:61:01:9f,판교,1077
00:16:1f:03:7f:b3,판교,1077
12:16:1f:03:7f:b2,판교,1077
00:16:1f:03:7f:b2,판교,1077
12:16:1f:03:64:c2,판교,1077
00:09:b4:61:01:97,판교,1077
00:16:1f:03:64:c2,판교,1077
02:09:b4:61:01:9f,판교,1077
12:16:1f:03:7f:b3,판교,1077
12:16:1f:03:47:2a,판교,1077
12:16:1f:03:64:c3,판교,1077
00:09:b4:61:01:96,판교,1077
00:09:b4:61:01:9e,판교,1077
0a:0e:47:01:40:9a,판교,1077
0e:0e:47:01:40:9a,판교,1077
00:16:1f:03:64:c3,판교,1077
02:09:b4:61:01:96,판교,1077
02:09:b4:61:01:9e,판교,1077
00:09:b4:61:02:3b,판교,1077
02:09:b4:61:01:ae,판교,1077
00:09:b4:61:01:ae,판교,1077
00:16:1f:03:47:2a,판교,1077
12:16:1f:03:7f:fa,판교,1077
12:16:1f:03:40:8b,판교,1077
00:09:b4:61:00:7f,판교,1077
00:09:b4:61:00:7e,판교,1077
02:09:b4:61:00:7e,판교,1077
12:16:1f:03:40:8a,판교,1077
02:09:b4:61:02:3e,판교,1077
02:09:b4:61:02:3b,판교,1077
02:09:b4:61:02:3a,판교,1077
02:09:b4:61:02:3f,판교,1077
00:16:1f:03:7f:fa,판교,1077
00:16:1f:03:57:d6,판교,1077
02:07:89:10:51:f3,판교,1077
00:16:1f:03:47:2b,판교,1077
12:16:1f:03:5e:33,정자,1077
12:16:1f:03:7f:53,정자,1077
0e:0e:47:01:28:1a,정자,1077
00:09:b4:61:00:67,정자,1077
00:09:b4:61:00:b3,정자,1077
0a:0e:47:01:28:1a,정자,1077
00:09:b4:61:00:b2,정자,1077
00:09:b4:61:03:27,정자,1077
00:16:1f:03:5e:33,정자,1077
02:07:89:0f:d4:65,복정,1008
00:07:89:0f:d4:65,복정,1008
00:40:5a:bb:36:a3,복정,1008
00:07:89:0f:d9:dc,복정,1008
00:07:89:0f:d4:64,복정,1008
02:07:89:0f:d9:dc,복정,1008
00:16:1f:03:70:4b,복정,1008
00:16:1f:03:71:ba,복정,1008
02:07:89:0f:d4:75,복정,1008
00:40:5a:c0:02:fb,복정,1008
02:07:89:0f:d9:fd,복정,1008
00:40:5a:c0:0c:03,복정,1008
00:17:b2:01:ae:aa,왕십리,1075
00:17:b2:01:ae:4a,왕십리,1075
0a:90:a2:6b:de:42,미아,1004
00:07:89:14:4b:31,미아,1004
00:16:1f:03:73:97,내방,1007
00:25:a6:a4:cb:1f,내방,1007
00:16:1f:03:5a:6a,내방,1007
12:16:1f:03:56:cb,내방,1007
12:16:1f:03:73:97,내방,1007
12:16:1f:03:5a:6b,내방,1007
00:16:1f:03:5a:6b,내방,1007
00:40:5a:b7:a3:42,내방,1007
00:40:5a:b7:a3:43,내방,1007
00:25:a6:a4:c6:78,내방,1007
00:40:5a:b7:86:fa,내방,1007
00:40:5a:b8:35:1a,내방,1007
00:25:a6:a4:c6:79,내방,1007
00:40:5a:b8:35:1b,내방,1007
00:40:5a:b7:86:fb,내방,1007
00:25:a6:a4:55:0d,내방,1007
00:25:a6:a4:55:0e,내방,1007
06:30:0d:84:ea:22,고속터미널,1007
00:40:5a:b7:97:22,고속터미널,1007
00:30:0d:84:ea:20,고속터미널,1007
00:16:1f:03:86:f6,증산,1006
00:40:5a:bc:39:92,증산,1006
12:16:1f:03:86:f6,증산,1006
00:25:a6:a5:1e:f3,증산,1006
00:40:5a:bc:39:93,증산,1006
00:40:5a:bc:35:ea,증산,1006
00:40:5a:bc:35:eb,증산,1006
00:16:1f:03:7c:17,증산,1006
02:07:89:10:47:5d,회현,1004
06:17:b2:04:90:92,회현,1004
00:16:1f:03:c9:1a,회현,1004
04:17:b2:04:90:90,회현,1004
00:07:89:14:6e:39,회현,1004
00:07:89:10:4e:6e,회현,1004
06:17:b2:04:8d:aa,회현,1004
12:16:1f:03:cb:9a,회현,1004
00:16:1f:03:cb:9a,회현,1004
02:07:89:10:4e:6e,회현,1004
04:17:b2:04:8e:90,회현,1004
02:17:b2:02:90:90,회현,1004
02:17:b2:02:8e:fa,회현,1004
12:16:1f:03:bb:b7,회현,1004
00:07:89:14:6f:9d,회현,1004
12:16:1f:03:bb:b6,회현,1004
00:07:89:14:6f:9c,회현,1004
00:16:1f:03:bb:b7,회현,1004
02:07:89:14:6f:9d,회현,1004
00:40:5a:92:7c:23,회현,1004
02:07:89:14:6f:9c,회현,1004
00:16:1f:03:bb:b6,회현,1004
02:17:b2:02:90:e6,명동,1004
00:40:5a:8c:25:a3,명동,1004
02:17:b2:02:90:e4,명동,1004
02:07:89:10:52:bf,명동,1004
06:17:b2:04:8e:be,명동,1004
0a:30:0d:77:61:d1,명동,1004
04:17:b2:04:8e:bc,명동,1004
06:17:b2:04:9e:22,명동,1004
00:07:89:10:4f:f7,명동,1004
06:17:b2:04:94:22,명동,1004
04:17:b2:04:9e:20,명동,1004
00:40:5a:c8:55:3b,약수,1006
00:30:0d:78:a6:20,약수,1006
00:30:0d:84:f4:80,가락시장,1008
00:40:5a:ba:cd:2b,가락시장,1008
00:16:1f:03:84:ef,노들,1009
00:16:1f:03:5e:17,노들,1009
00:16:1f:03:5e:16,노들,1009
00:16:1f:03:87:7f,노들,1009
00:25:a6:a5:1d:62,노들,1009
12:16:1f:03:86:a7,노들,1009
00:16:1f:03:86:a7,노들,1009
12:16:1f:03:84:ee,노들,1009
00:16:1f:03:86:a6,노들,1009
00:16:1f:03:87:7e,노들,1009
00:25:a6:a4:f8:dd,노들,1009
00:25:a6:a4:f0:6c,노들,1009
00:25:a6:a4:f8:dc,노들,1009
00:40:5a:af:12:5a,노들,1009
00:25:a6:a4:e9:e1,노들,1009
00:16:1f:03:6c:ce,노들,1009
12:16:1f:03:86:a6,노들,1009
00:25:a6:a4:e9:e2,노들,1009
00:40:5a:af:47:23,노들,1009
00:40:5a:af:2e:ba,노들,1009
02:07:89:14:49:3c,강동구청,1008
00:07:89:0f:da:d9,오금,1003
00:07:89:0f:d6:71,오금,1003
02:07:89:0f:d6:89,오금,1003
00:30:0d:81:02:60,오금,1003
00:07:89:0f:d4:28,오금,1003
02:07:89:0f:d6:71,오금,1003
00:40:5a:bb:a7:8b,오금,1003
02:07:89:0f:d4:38,오금,1003
02:07:89:0f:da:d9,오금,1003
00:40:5a:bb:95:12,오금,1003
0a:30:0d:80:f3:f1,오금,1003
00:40:5a:bb:4e:8a,오금,1003
00:30:0d:80:f3:f0,오금,1003
00:40:5a:bb:95:13,오금,1003
06:30:0d:81:04:e1,오금,1003
00:07:89:0f:da:d4,오금,1003
06:30:0d:80:f2:41,오금,1003
00:40:5a:bb:a7:8a,오금,1003
06:30:0d:80:f3:e1,오금,1003
00:07:89:0f:d6:89,오금,1003
02:07:89:0f:d4:29,오금,1003
00:30:0d:81:04:e0,오금,1003
00:30:0d:80:f2:40,오금,1003
02:07:89:0f:d6:85,오금,1003
0a:30:0d:81:02:b1,오금,1003
00:40:5a:b8:18:5a,오금,1003
00:07:89:0f:d6:84,오금,1003
00:40:5a:bb:52:7a,오금,1003
06:30:0d:81:02:61,오금,1003
0a:30:0d:81:02:71,오금,1003
00:30:0d:80:f3:e0,오금,1003
12:16:1f:03:55:7b,논현,1007
12:16:1f:03:61:03,구룡,1075
12:16:1f:03:5a:43,구룡,1075
00:40:5a:bf:77:5a,구룡,1075
02:07:89:14:62:04,구룡,1075
00:40:5a:c0:0c:9b,구룡,1075
02:07:89:14:62:18,구룡,1075
12:16:1f:03:61:02,구룡,1075
00:16:1f:03:61:02,구룡,1075
00:07:89:14:62:18,구룡,1075
00:16:1f:03:5a:42,구룡,1075
12:16:1f:03:5a:42,구룡,1075
00:40:5a:bf:a2:fa,구룡,1075
12:16:1f:03:75:4b,구룡,1075
12:16:1f:03:68:cf,도곡,1075
00:16:1f:03:2b:53,새절,1006
00:40:5a:c8:36:cb,새절,1006
00:40:5a:c8:36:ca,새절,1006
00:30:0d:7a:c6:b0,도곡,1075
00:07:89:0f:d6:d1,도곡,1075
06:30:0d:7a:c6:a1,도곡,1075
02:07:89:0f:d6:d1,도곡,1075
00:40:5a:bf:98:72,도곡,1075
00:40:5a:bf:98:73,도곡,1075
00:30:0d:7a:c6:a0,도곡,1075
12:16:1f:03:68:ce,도곡,1075
00:16:1f:03:68:ce,도곡,1075
00:07:89:0f:d6:d0,도곡,1075
00:07:89:0f:d6:dd,도곡,1075
00:07:89:0f:d6:d5,도곡,1075
02:07:89:0f:d6:dd,도곡,1075
00:07:89:0f:d6:dc,도곡,1075
02:07:89:0f:d6:dc,도곡,1075
00:40:5a:bf:a1:eb,도곡,1075
02:07:89:0f:d6:d0,도곡,1075
00:40:5a:c0:15:b3,도곡,1075
00:40:5a:c0:15:b2,도곡,1075
00:40:5a:b0:3e:3a,수유,1004
00:07:89:0f:d8:01,창동,1004
00:07:89:0f:d8:11,창동,1004
00:40:5a:c3:dc:e2,창동,1004
00:07:89:0f:d8:00,창동,1004
00:17:b2:01:ab:9a,창동,1004
02:07:89:0f:d8:01,창동,1004
02:07:89:0f:d8:11,창동,1004
00:40:5a:c3:dc:e3,창동,1004
02:07:89:0f:d8:05,창동,1004
00:40:5a:c4:0e:33,창동,1004
00:07:89:0f:d8:18,창동,1004
00:40:5a:c4:0e:32,창동,1004
00:40:5a:c3:f9:1a,창동,1004
12:0e:47:00:24:2e,창동,1004
00:07:89:0f:d8:21,창동,1004
02:07:89:0f:d8:08,창동,1004
02:07:89:0f:d8:15,창동,1004
02:07:89:0f:d8:14,창동,1004
00:40:5a:c3:f9:1b,창동,1004
00:40:5a:c4:0b:cb,창동,1004
00:07:89:0f:d8:14,창동,1004
00:07:89:0f:d8:15,창동,1004
00:17:b2:01:ad:52,창동,1004
00:07:89:0f:d8:10,창동,1004
00:17:b2:01:ad:50,창동,1004
02:09:b4:61:02:63,용산,1001
04:17:b2:04:95:f8,용산,1001
00:30:0d:84:58:70,용산,1001
04:17:b2:04:86:7c,용산,1001
0a:40:5a:e2:f7:66,용산,1001
02:09:b4:61:04:3f,용산,1001
00:30:0d:84:58:60,용산,1001
00:40:5a:e2:f7:c6,용산,1001
00:40:5a:e2:f5:f6,용산,1001
00:09:b4:61:02:9e,용산,1001
00:30:0d:83:ae:10,용산,1001
00:40:5a:e2:f7:de,용산,1001
02:17:b2:02:86:7e,용산,1001
00:09:b4:61:01:7b,용산,1001
00:40:5a:e2:f5:f5,용산,1001
00:1d:93:0b:cd:26,용산,1001
06:30:0d:84:58:62,용산,1001
02:17:b2:02:86:7c,용산,1001
02:09:b4:61:01:7b,용산,1001
06:40:5a:e2:f8:05,용산,1001
0a:30:0d:83:bb:f1,용산,1001
06:40:5a:e2:f8:06,용산,1001
00:1d:93:0b:cd:24,용산,1001
00:09:b4:61:01:6f,용산,1001
00:09:b4:61:02:62,용산,1001
06:17:b2:04:94:a6,용산,1001
00:40:5a:e2:f7:6e,용산,1001
00:40:5a:b8:0b:ca,가양,1009
00:25:a6:a4:d5:af,가양,1009
00:40:5a:b8:1b:e2,가양,1009
00:25:a6:a4:f8:b0,가양,1009
00:40:5a:b7:64:1b,가양,1009
00:16:1f:03:81:e2,가양,1009
00:25:a6:a4:f3:aa,가양,1009
12:16:1f:03:7f:2a,가양,1009
12:16:1f:03:7e:2e,가양,1009
00:25:a6:a4:ef:05,가양,1009
00:25:a6:a4:f4:5f,가양,1009
00:40:5a:b8:0b:cb,가양,1009
00:25:a6:a4:f3:ab,가양,1009
00:25:a6:a4:f4:91,가양,1009
00:16:1f:03:7f:2a,가양,1009
00:16:1f:03:7e:2e,가양,1009
00:40:5a:b8:04:43,가양,1009
00:40:5a:b8:19:fb,가양,1009
12:16:1f:03:80:87,가양,1009
00:25:a6:a4:f4:5e,가양,1009
06:17:b2:04:66:b6,가양,1009
02:17:b2:02:57:02,가양,1009
04:17:b2:04:66:b4,가양,1009
02:17:b2:02:57:00,가양,1009
06:17:b2:04:57:12,가양,1009
04:17:b2:04:57:10,가양,1009
00:25:a6:a4:d4:6f,가양,1009
00:07:89:10:59:77,가양,1009
02:17:b2:02:66:b6,가양,1009
00:07:89:10:45:a1,가양,1009
00:25:a6:a4:d4:70,가양,1009
00:40:5a:b8:04:42,가양,1009
06:17:b2:04:57:02,가양,1009
00:25:a6:a4:f4:90,가양,1009
04:17:b2:04:57:00,가양,1009
00:07:89:10:4c:f9,가양,1009
00:40:5a:b7:ff:22,양천향교,1009
00:25:a6:a4:f0:f8,양천향교,1009
12:16:1f:03:7f:fe,양천향교,1009
00:40:5a:b7:d2:1a,양천향교,1009
00:40:5a:b7:48:ba,양천향교,1009
12:16:1f:03:3d:af,양천향교,1009
12:16:1f:03:7d:cf,양천향교,1009
12:16:1f:03:7d:ce,양천향교,1009
12:16:1f:03:81:ea,양천향교,1009
12:16:1f:03:83:13,양천향교,1009
12:16:1f:03:81:eb,양천향교,1009
00:40:5a:bb:9e:43,일원,1003
02:07:89:14:6f:ed,일원,1003
00:07:89:14:6f:a8,일원,1003
02:07:89:14:6f:a8,일원,1003
00:07:89:14:6f:d5,일원,1003
02:07:89:10:4e:46,일원,1003
12:16:1f:03:43:3f,일원,1003
12:16:1f:03:4e:77,일원,1003
12:16:1f:03:7e:cb,일원,1003
00:16:1f:03:43:3e,일원,1003
12:16:1f:03:43:3e,일원,1003
00:07:89:14:6f:ec,일원,1003
00:07:89:14:6f:b1,일원,1003
00:16:1f:03:43:3f,일원,1003
00:16:1f:03:7e:cb,일원,1003
02:07:89:14:6f:b1,일원,1003
00:40:5a:bb:85:92,일원,1003
06:17:b2:04:44:3e,일원,1003
12:16:1f:03:4e:76,일원,1003
00:40:5a:bb:4a:2a,일원,1003
12:16:1f:03:5e:8e,일원,1003
12:16:1f:03:54:02,일원,1003
0a:30:0d:83:74:f2,당산,1009
00:09:b4:61:20:f2,당산,1009
00:30:0d:83:74:f0,당산,1009
02:09:b4:61:21:1a,당산,1009
00:30:0d:83:73:20,당산,1009
00:30:0d:83:74:60,당산,1009
00:09:b4:61:20:f3,당산,1009
00:09:b4:61:1b:67,당산,1009
00:09:b4:61:1b:66,당산,1009
02:09:b4:61:1b:67,당산,1009
00:40:5a:b8:2c:6b,당산,1009
02:09:b4:61:1b:c3,당산,1009
02:09:b4:61:1b:66,당산,1009
00:09:b4:61:1b:c6,당산,1009
00:40:5a:a4:e0:6a,가락시장,1003
00:40:5a:bf:ab:62,석계,1006
00:40:5a:bf:ab:63,석계,1006
02:07:89:14:47:ec,석계,1006
00:07:89:14:47:a9,석계,1006
00:25:a6:a5:1e:f2,증산,1006
00:40:5a:bf:c9:0b,증산,1006
12:16:1f:03:7c:17,증산,1006
00:40:5a:bf:c9:0a,증산,1006
00:16:1f:03:7c:16,증산,1006
00:16:1f:03:4d:32,증산,1006
00:16:1f:03:42:12,증산,1006
02:17:b2:02:6c:82,증산,1006
00:40:5a:bf:c8:ea,증산,1006
00:40:5a:bf:c8:eb,증산,1006
00:40:5a:bf:c9:02,증산,1006
12:16:1f:03:42:13,증산,1006
00:40:5a:bf:c9:03,증산,1006
00:16:1f:03:42:13,증산,1006
00:25:a6:a5:09:4e,증산,1006
00:25:a6:a5:09:4f,증산,1006
00:25:a6:a4:da:e7,증산,1006
00:25:a6:a4:2f:9c,증산,1006
12:16:1f:03:42:12,증산,1006
00:25:a6:a5:1d:8b,증산,1006
00:25:a6:a4:2f:9d,증산,1006
00:07:89:0f:da:c1,디지털미디어시티,1006
00:07:89:0f:da:bd,디지털미디어시티,1006
02:07:89:0f:da:bd,디지털미디어시티,1006
0a:30:0d:7c:1e:71,디지털미디어시티,1006
06:30:0d:7c:1e:61,디지털미디어시티,1006
00:30:0d:7c:1e:70,디지털미디어시티,1006
00:40:5a:bf:aa:13,디지털미디어시티,1006
00:40:5a:bf:ab:52,디지털미디어시티,1006
02:07:89:0f:da:c1,디지털미디어시티,1006
00:40:5a:bf:aa:12,디지털미디어시티,1006
00:40:5a:bf:ab:53,디지털미디어시티,1006
06:30:0d:7c:1e:41,디지털미디어시티,1006
00:30:0d:7c:1e:40,디지털미디어시티,1006
00:40:5a:bb:e3:32,디지털미디어시티,1006
00:40:5a:bb:e3:33,디지털미디어시티,1006
00:40:5a:bf:ab:f2,디지털미디어시티,1006
0a:30:0d:7c:1e:51,디지털미디어시티,1006
06:30:0d:7c:21:01,디지털미디어시티,1006
00:30:0d:7c:21:00,디지털미디어시티,1006
00:07:89:0f:da:c5,디지털미디어시티,1006
02:07:89:0f:da:a5,디지털미디어시티,1006
00:40:5a:bf:b7:2b,디지털미디어시티,1006
00:30:0d:7c:1e:50,디지털미디어시티,1006
00:40:5a:bf:b7:2a,디지털미디어시티,1006
0a:30:0d:7e:c1:51,디지털미디어시티,1006
02:07:89:0f:da:c5,디지털미디어시티,1006
00:30:0d:7e:c1:50,디지털미디어시티,1006
02:07:89:0f:da:c0,디지털미디어시티,1006
00:40:5a:bf:ab:f3,디지털미디어시티,1006
00:40:5a:bf:90:6a,디지털미디어시티,1006
00:40:5a:bf:90:6b,디지털미디어시티,1006
00:07:89:0f:da:a5,디지털미디어시티,1006
00:30:0d:7e:c1:40,디지털미디어시티,1006
00:07:89:0f:da:c0,디지털미디어시티,1006
00:16:1f:03:60:7f,한강진,1006
12:16:1f:03:80:43,한강진,1006
12:16:1f:03:54:0a,한강진,1006
0a:30:0d:84:4c:52,동작,1009
00:09:b4:61:19:33,동작,1009
02:09:b4:61:18:63,동작,1009
06:30:0d:57:d7:e1,가천대,1075
00:40:5a:c0:31:53,가천대,1075
00:40:5a:c8:13:53,가천대,1075
02:07:89:14:61:89,가천대,1075
02:07:89:14:61:75,가천대,1075
00:16:1f:03:36:a2,가천대,1075
00:16:1f:03:7b:5b,가천대,1075
02:07:89:14:61:4d,가천대,1075
00:40:5a:c8:4b:6b,가천대,1075
00:40:5a:c8:5c:93,가천대,1075
00:40:5a:c0:51:1b,가천대,1075
00:16:1f:03:7b:5a,가천대,1075
12:16:1f:03:7b:5b,가천대,1075
12:16:1f:03:87:46,가천대,1075
02:07:89:14:61:4c,가천대,1075
00:16:1f:03:87:46,가천대,1075
00:07:89:14:61:4c,가천대,1075
00:07:89:14:61:51,가천대,1075
12:16:1f:03:87:47,가천대,1075
00:40:5a:c0:28:cb,모란,1075
0a:30:0d:84:65:72,모란,1075
00:09:b4:61:12:66,모란,1075
00:40:5a:b8:18:5b,오금,1003
00:30:0d:81:02:b0,오금,1003
0a:30:0d:84:58:d2,강남구청,1075
0a:30:0d:84:fa:12,강남구청,1075
06:30:0d:84:59:e2,강남구청,1075
5a:08:fa:00:1b:ff,강남구청,1075
00:30:0d:84:58:c0,강남구청,1075
00:30:0d:84:58:d0,강남구청,1075
5a:08:fa:00:3f:d6,강남구청,1075
06:0e:47:01:23:e2,강남구청,1075
58:08:fa:00:1b:ff,강남구청,1075
58:08:fa:00:17:ef,강남구청,1075
5a:08:fa:00:16:4a,강남구청,1075
58:08:fa:00:16:4b,강남구청,1075
58:08:fa:00:1b:fe,강남구청,1075
0a:0e:47:01:23:e2,강남구청,1075
5a:08:fa:00:16:13,강남구청,1075
5a:08:fa:00:1b:fe,강남구청,1075
0e:0e:47:01:23:e2,강남구청,1075
00:30:0d:84:59:10,강남구청,1075
06:30:0d:84:67:62,강남구청,1075
00:30:0d:84:59:e0,강남구청,1075
58:08:fa:00:16:1b,강남구청,1075
00:40:5a:bb:27:ba,몽촌토성,1008
02:07:89:14:6d:55,몽촌토성,1008
00:40:5a:bb:1b:bb,몽촌토성,1008
00:07:89:14:6d:3c,몽촌토성,1008
12:16:1f:03:37:6a,몽촌토성,1008
00:40:5a:b8:18:82,몽촌토성,1008
12:16:1f:03:7f:92,몽촌토성,1008
00:40:5a:bb:1b:ba,몽촌토성,1008
02:07:89:14:6d:3c,몽촌토성,1008
00:16:1f:03:37:6a,몽촌토성,1008
00:40:5a:b8:18:83,몽촌토성,1008
00:40:5a:bb:48:bb,몽촌토성,1008
02:07:89:14:6d:28,몽촌토성,1008
00:07:89:14:6d:6c,몽촌토성,1008
00:40:5a:bb:27:bb,몽촌토성,1008
00:40:5a:b8:0b:03,몽촌토성,1008
06:30:0d:84:4c:e2,잠실,1008
0a:30:0d:84:4c:f2,잠실,1008
00:07:89:0f:d9:01,잠실,1008
00:40:5a:bc:3c:9a,총신대입구(이수),1007
00:07:89:0f:d8:65,총신대입구(이수),1007
00:40:5a:bc:45:92,총신대입구(이수),1007
00:40:5a:bc:4a:d2,총신대입구(이수),1007
06:30:0d:83:a2:c2,홍대입구,1065
00:40:5a:c0:49:02,홍대입구,1065
00:30:0d:83:a2:d0,홍대입구,1065
00:09:b4:61:35:e3,홍대입구,1065
0a:30:0d:83:a2:d2,홍대입구,1065
0a:30:0d:83:6e:52,홍대입구,1065
00:09:b4:61:36:27,홍대입구,1065
06:30:0d:83:6e:42,홍대입구,1065
0a:30:0d:83:67:f2,홍대입구,1065
00:30:0d:83:a2:c0,홍대입구,1065
02:09:b4:61:35:e3,홍대입구,1065
02:09:b4:61:35:e2,홍대입구,1065
00:40:5a:c0:49:03,홍대입구,1065
00:30:0d:83:6e:40,홍대입구,1065
02:07:89:14:4b:39,미아,1004
00:16:1f:03:ca:0e,미아,1004
02:07:89:14:4b:45,미아,1004
0a:90:a2:6b:dd:f3,미아,1004
02:07:89:14:4b:51,미아,1004
00:40:5a:b0:36:8b,미아,1004
02:07:89:14:4b:49,미아,1004
02:07:89:14:4b:50,미아,1004
02:07:89:14:4b:44,미아,1004
12:16:1f:03:a0:2a,미아,1004
00:07:89:14:4b:51,미아,1004
12:16:1f:03:c7:93,미아,1004
12:16:1f:03:c7:92,미아,1004
12:16:1f:03:ca:bb,미아,1004
06:30:0d:61:2c:d0,미아,1004
02:07:89:14:4b:3c,미아,1004
00:16:1f:03:c7:93,미아,1004
00:30:0d:61:2c:d0,미아,1004
00:16:1f:03:c7:92,미아,1004
00:40:5a:af:d8:32,미아,1004
06:90:a2:6b:de:42,미아,1004
06:90:a2:6b:de:43,미아,1004
00:40:5a:b0:0c:1b,미아,1004
00:07:89:14:4b:45,미아,1004
00:16:1f:03:cb:f6,수유,1004
02:07:89:14:6d:f8,수유,1004
00:09:b4:61:04:3f,용산,1001
06:17:b2:04:9a:3a,용산,1001
06:40:5a:e2:f5:f5,용산,1001
06:40:5a:e2:f7:dd,용산,1001
04:17:b2:04:94:a4,용산,1001
02:09:b4:61:01:7a,용산,1001
04:17:b2:04:9a:38,용산,1001
06:40:5a:e2:f8:19,용산,1001
02:17:b2:02:95:fa,용산,1001
00:1d:93:0b:a6:de,용산,1001
00:1d:93:08:c2:ea,용산,1001
06:17:b2:04:98:1a,용산,1001
02:17:b2:02:95:f8,용산,1001
00:1d:93:08:c2:e8,용산,1001
04:17:b2:04:98:18,용산,1001
00:25:a6:a4:65:8f,버티고개,1006
00:40:5a:c8:55:3a,약수,1006
06:30:0d:78:a6:21,약수,1006
00:40:5a:b0:15:23,마포구청,1006
00:16:1f:03:4b:ab,마포구청,1006
00:16:1f:03:87:3e,서현,1075
02:07:89:14:61:15,서현,1075
00:16:1f:03:80:17,서현,1075
06:30:0d:83:93:c2,고속터미널,1003
00:30:0d:83:6c:e0,고속터미널,1003
02:09:b4:61:4d:ee,고속터미널,1003
02:09:b4:61:4d:ef,고속터미널,1003
00:30:0d:83:93:c0,고속터미널,1003
02:09:b4:61:54:ba,고속터미널,1003
00:09:b4:61:4e:0a,고속터미널,1003
00:40:5a:af:37:e2,고속터미널,1003
0a:30:0d:83:6c:f2,고속터미널,1003
00:09:b4:61:4d:e3,고속터미널,1003
00:09:b4:61:4d:e7,고속터미널,1003
06:30:0d:83:81:e2,고속터미널,1003
00:40:5a:af:37:e3,고속터미널,1003
00:30:0d:83:6c:f0,고속터미널,1003
00:40:5a:af:38:63,고속터미널,1003
02:09:b4:61:4e:3a,고속터미널,1003
00:40:5a:af:3b:e3,고속터미널,1003
12:16:1f:03:84:43,반포,1007
12:16:1f:03:5e:37,반포,1007
00:16:1f:03:84:42,반포,1007
00:16:1f:03:5e:37,반포,1007
00:40:5a:b8:34:e3,반포,1007
00:16:1f:03:5e:36,반포,1007
00:07:89:14:49:60,반포,1007
00:07:89:14:49:41,반포,1007
02:07:89:14:49:41,반포,1007
02:07:89:14:49:40,반포,1007
00:07:89:14:49:40,반포,1007
00:07:89:14:49:68,반포,1007
00:40:5a:b8:43:62,반포,1007
12:16:1f:03:5e:36,반포,1007
02:07:89:14:49:68,반포,1007
00:40:5a:b8:43:63,반포,1007
00:07:89:14:4b:fd,논현,1007
00:07:89:14:49:4d,논현,1007
02:07:89:14:4b:fd,논현,1007
00:40:5a:b8:41:f3,논현,1007
02:07:89:14:49:4d,논현,1007
00:07:89:14:49:4c,논현,1007
00:07:89:14:49:85,논현,1007
00:40:5a:b8:40:b2,논현,1007
12:16:1f:03:5d:e2,논현,1007
12:16:1f:03:76:66,논현,1007
12:16:1f:03:76:67,논현,1007
00:07:89:14:49:84,논현,1007
00:40:5a:b8:41:4a,논현,1007
00:40:5a:b8:41:f2,논현,1007
02:07:89:14:49:4c,논현,1007
02:07:89:14:49:85,논현,1007
00:40:5a:b8:40:b3,논현,1007
00:16:1f:03:76:66,논현,1007
00:16:1f:03:76:67,논현,1007
00:40:5a:c3:96:f3,논현,1007
00:40:5a:b8:41:4b,논현,1007
00:16:1f:03:51:1f,신반포,1009
00:16:1f:03:4a:0a,신반포,1009
00:40:5a:af:1f:53,신반포,1009
12:16:1f:03:4a:0b,신반포,1009
12:16:1f:03:4a:0a,신반포,1009
00:40:5a:af:1f:52,신반포,1009
00:16:1f:03:4a:0b,신반포,1009
00:16:1f:03:51:1e,신반포,1009
00:25:a6:a4:d4:25,신반포,1009
00:40:5a:af:24:32,신반포,1009
00:25:a6:a4:f4:81,신반포,1009
00:30:0D:61:26:11,무악재,1003
00:30:0D:61:26:03,무악재,1003
00:30:0D:61:1D:CD,무악재,1003
00:30:0D:61:23:F9,무악재,1003
00:30:0D:61:26:31,무악재,1003
00:40:5a:c0:1e:2b,신길,1005
00:07:89:0f:d5:59,여의도,1005
02:07:89:0f:d5:59,여의도,1005
00:30:0d:83:85:b0,여의도,1005
00:40:5a:bb:24:1a,여의도,1005
00:40:5a:bb:24:1b,여의도,1005
00:07:89:0f:d5:55,여의도,1005
06:30:0d:83:91:02,여의도,1005
02:07:89:0f:d5:55,여의도,1005
00:07:89:0f:d5:5d,여의도,1005
00:40:5a:ba:f1:da,여의도,1005
02:07:89:0f:d5:5d,여의도,1005
00:30:0d:83:91:00,여의도,1005
0a:30:0d:83:85:b2,여의도,1005
00:40:5a:bb:0d:73,여의도,1005
00:40:5a:ba:f1:db,여의도,1005
00:30:0d:83:cf:c0,여의도,1005
00:07:89:0f:d5:54,여의도,1005
02:09:b4:61:07:ce,여의도,1005
00:30:0d:85:03:e0,여의도,1005
00:09:b4:61:07:cf,여의도,1005
00:07:89:0f:d5:75,여의도,1005
02:07:89:0f:d5:75,여의도,1005
00:09:b4:61:07:ce,여의도,1005
00:40:5a:c0:3d:8a,여의도,1005
02:07:89:0f:d5:5c,여의도,1005
00:40:5a:c0:3d:8b,여의도,1005
00:07:89:0f:d5:5c,여의도,1005
00:40:5a:bb:2f:e3,여의도,1005
00:30:0d:83:76:d0,여의도,1005
02:07:89:0f:d5:74,여의도,1005
00:07:89:0f:d5:74,여의도,1005
00:40:5a:bb:0d:72,여의도,1005
00:30:0d:83:76:c0,여의도,1005
0a:30:0d:83:91:12,여의도,1005
00:30:0d:83:91:10,여의도,1005
0a:30:0d:84:63:f2,여의도,1005
02:09:b4:61:07:cf,여의도,1005
00:30:0d:83:85:a0,여의도,1005
00:30:0d:84:63:f0,여의도,1005
00:30:0d:84:63:e0,여의도,1005
00:40:5a:bb:31:7b,여의도,1005
00:40:5a:bb:31:7a,여의도,1005
00:40:5a:bb:2f:e2,여의도,1005
0a:30:0d:85:03:f2,여의도,1005
00:07:89:0f:d5:79,여의도,1005
02:07:89:0f:d5:54,여의도,1005
00:30:0d:85:03:f0,여의도,1005
00:40:5a:ba:cd:bb,여의도,1005
02:17:b2:02:77:92,여의도,1005
04:17:b2:04:77:90,여의도,1005
00:07:89:0f:d5:58,여의도,1005
00:07:89:10:46:31,여의도,1005
02:07:89:0f:d5:58,여의도,1005
0a:30:0d:84:5c:12,여의도,1005
00:40:5a:bb:22:b3,여의도,1005
00:30:0d:84:5c:10,여의도,1005
06:17:b2:04:77:86,여의도,1005
04:17:b2:04:77:8c,여의도,1005
04:17:b2:04:77:84,여의도,1005
04:17:b2:04:77:b0,여의도,1005
02:07:89:10:46:31,여의도,1005
02:17:b2:02:77:8e,여의도,1005
00:40:5a:bb:22:b2,여의도,1005
02:07:89:0f:d5:79,여의도,1005
06:17:b2:04:be:fe,여의도,1005
04:17:b2:04:be:fc,여의도,1005
06:17:b2:04:77:b2,여의도,1005
06:17:b2:04:77:82,여의도,1005
06:17:b2:04:77:8e,여의도,1005
06:17:b2:04:77:aa,여의도,1005
02:17:b2:02:be:fe,여의도,1005
00:07:89:10:42:29,여의도,1005
00:07:89:10:4d:b8,여의도,1005
00:40:5a:ba:cd:ba,여의도,1005
00:07:89:10:57:87,여의도,1005
02:07:89:10:4d:44,여의도,1005
02:07:89:10:57:19,여의도,1005
00:30:0d:84:5c:00,여의도,1005
04:17:b2:04:77:80,여의도,1005
04:17:b2:04:77:a8,여의도,1005
02:07:89:10:4d:b8,여의도,1005
0a:30:0d:84:3e:b2,노원,1007
00:07:89:0f:d8:a9,노원,1007
00:40:5a:bf:b5:1a,노원,1007
06:30:0d:84:74:02,노원,1007
00:40:5a:bc:2d:22,노원,1007
00:30:0d:84:3e:b0,노원,1007
02:07:89:0f:d8:a9,노원,1007
02:07:89:0f:d8:c1,노원,1007
00:40:5a:bf:b5:1b,노원,1007
00:30:0d:84:74:00,노원,1007
0a:30:0d:84:43:12,노원,1007
06:30:0d:84:3e:a2,노원,1007
00:07:89:0f:d8:c1,노원,1007
06:30:0d:84:43:02,노원,1007
00:30:0d:84:43:10,노원,1007
02:07:89:0f:d8:b0,노원,1007
00:40:5a:bc:2d:23,노원,1007
00:07:89:14:47:d1,학동,1007
00:07:89:14:49:6c,학동,1007
12:16:1f:03:32:6b,학동,1007
00:07:89:14:47:d0,학동,1007
00:40:5a:b7:82:8a,학동,1007
00:07:89:14:48:75,학동,1007
00:07:89:14:48:74,학동,1007
00:40:5a:b7:87:b2,학동,1007
00:40:5a:b7:97:4a,학동,1007
00:40:5a:b7:97:5b,학동,1007
02:07:89:14:49:6d,학동,1007
02:07:89:14:49:6c,학동,1007
02:07:89:14:47:d1,학동,1007
00:16:1f:03:32:6b,학동,1007
02:07:89:14:47:d0,학동,1007
00:40:5a:b7:82:8b,학동,1007
02:07:89:14:48:75,학동,1007
02:07:89:14:48:74,학동,1007
00:40:5a:b7:87:b3,학동,1007
12:16:1f:03:32:e3,학동,1007
00:40:5a:b7:81:1a,학동,1007
00:40:5a:ba:f2:0b,국회의사당,1009
02:09:b4:61:26:b2,국회의사당,1009
58:08:fa:00:11:6e,국회의사당,1009
00:40:5a:bb:0c:c2,국회의사당,1009
02:09:b4:61:1a:82,국회의사당,1009
12:16:1f:03:42:db,국회의사당,1009
00:09:b4:61:1b:2b,국회의사당,1009
00:40:5a:c0:43:d2,국회의사당,1009
00:16:1f:03:42:da,국회의사당,1009
02:09:b4:61:1b:2b,국회의사당,1009
02:07:89:10:47:d1,국회의사당,1009
00:09:b4:61:1a:82,국회의사당,1009
12:16:1f:03:42:da,국회의사당,1009
00:09:b4:61:1b:2a,국회의사당,1009
00:40:5a:b8:3c:a2,여의도,1009
00:09:b4:61:09:2b,여의도,1009
0a:30:0d:84:f3:b2,여의도,1009
00:40:5a:b8:25:8a,여의도,1009
00:40:5a:ba:f1:2a,여의도,1009
00:40:5a:bb:61:1a,여의도,1009
00:09:b4:61:09:4f,여의도,1009
00:40:5a:b8:0c:b2,여의도,1009
00:40:5a:af:2a:12,노량진,1009
0a:30:0d:83:69:52,노량진,1009
00:09:b4:61:08:62,노량진,1009
00:40:5a:af:20:53,노량진,1009
00:30:0d:83:6b:70,노량진,1009
0a:30:0d:83:8a:72,노량진,1009
00:09:b4:61:07:5e,노량진,1009
00:40:5a:af:29:2a,노량진,1009
02:09:b4:61:08:63,노량진,1009
00:40:5a:af:21:b3,노량진,1009
00:09:b4:61:08:63,노량진,1009
00:09:b4:61:0a:13,노량진,1009
0a:30:0d:83:7c:92,노량진,1009
00:09:b4:61:0a:12,노량진,1009
00:30:0d:59:2d:62,노량진,1009
00:40:5a:af:29:2b,노량진,1009
02:09:b4:61:08:62,노량진,1009
00:30:0d:83:7c:90,노량진,1009
06:30:0d:62:29:c8,야탑,1075
00:30:0d:62:29:c8,야탑,1075
02:07:89:14:60:f8,야탑,1075
00:16:1f:03:84:76,야탑,1075
12:16:1f:03:7d:32,야탑,1075
12:16:1f:03:7d:33,야탑,1075
00:07:89:14:60:f8,야탑,1075
02:07:89:14:61:58,야탑,1075
00:40:5a:c8:36:0a,야탑,1075
00:40:5a:c8:5e:b2,야탑,1075
00:30:0D:78:A6:30,약수,1006
00:30:0D:78:06:90,약수,1006
00:30:0D:77:63:10,약수,1006
00:30:0D:72:1F:D0,청구,1006
00:30:0D:71:C7:50,청구,1006
00:30:0D:74:DE:30,청구,1006
00:30:0D:71:EA:B0,청구,1006
00:30:0D:75:D9:70,청구,1006
00:30:0D:75:59:90,청구,1006
00:30:0D:73:1D:10,신당,1006
00:30:0D:74:54:30,신당,1006
00:30:0D:75:CD:10,신당,1006
00:30:0D:75:CD:50,신당,1006
00:30:0D:75:CF:90,신당,1006
00:30:0D:71:BE:F0,신당,1006
00:30:0D:7B:F0:B0,동묘앞,1006
00:30:0D:7C:AF:90,동묘앞,1006
00:30:0D:7C:BE:70,동묘앞,1006
00:30:0D:7B:E0:10,동묘앞,1006
00:30:0D:76:E5:10,창신,1006
00:30:0D:78:CF:30,고려대,1006
00:30:0D:79:9D:90,돌곶이,1006
00:17:B2:00:C0:DE,의왕,1001
00:30:0D:75:42:CF,고속터미널,1003
00:30:0D:74:48:4F,고속터미널,1003
00:30:0D:74:57:AF,고속터미널,1003
00:30:0D:75:44:CF,고속터미널,1003
00:30:0D:74:CF:6F,고속터미널,1003
00:30:0D:74:60:0F,고속터미널,1003
00:30:0D:81:32:2F,고속터미널,1003
00:30:0D:74:48:2F,교대,1003
00:30:0D:75:C2:8F,교대,1003
00:30:0D:75:4C:8F,교대,1003
00:30:0D:75:CD:AF,교대,1003
00:30:0D:74:48:0F,교대,1003
00:30:0D:74:4B:AF,교대,1003
00:30:0D:72:13:EF,남부터미널,1003
00:30:0D:75:C2:6F,남부터미널,1003
00:30:0D:72:52:CF,남부터미널,1003
00:30:0D:74:30:AF,남부터미널,1003
00:30:0D:73:4F:AF,남부터미널,1003
00:30:0D:71:E9:0F,남부터미널,1003
00:30:0D:73:2C:AF,남부터미널,1003
00:30:0D:72:FE:AF,남부터미널,1003
00:30:0D:73:2C:A1,남부터미널,1003
00:30:0D:72:F2:4F,남부터미널,1003
00:30:0D:80:FB:0F,양재,1003
00:30:0D:75:CB:6F,양재,1003
00:30:0D:7B:53:4F,양재,1003
00:30:0D:7B:2F:0F,양재,1003
00:30:0D:75:CB:2F,양재,1003
00:30:0D:7B:86:EF,양재,1003
00:30:0D:61:0D:0D,매봉,1003
00:30:0D:60:EB:19,매봉,1003
00:30:0D:61:0D:07,매봉,1003
00:30:0D:61:21:EF,매봉,1003
00:30:0D:54:5D:7E,매봉,1003
00:30:0D:61:0D:4F,매봉,1003
00:30:0D:60:FF:55,매봉,1003
00:30:0D:60:EB:2B,매봉,1003
00:30:0D:7F:79:4F,도곡,1003
00:30:0D:7D:20:0F,도곡,1003
00:30:0D:7B:FC:2F,도곡,1003
00:30:0D:7D:28:8F,도곡,1003
00:30:0D:7C:C7:AF,도곡,1003
00:30:0D:7C:65:8F,도곡,1003
00:30:0D:57:D5:42,대치,1003
00:30:0D:60:F2:F9,대치,1003
00:30:0D:57:D3:2E,대치,1003
00:30:0D:57:D5:44,대치,1003
00:30:0D:61:06:81,학여울,1003
00:30:0D:60:F2:CB,학여울,1003
00:30:0D:61:29:D1,학여울,1003
00:30:0D:60:F7:7F,학여울,1003
00:30:0D:60:FB:3F,학여울,1003
00:30:0D:60:F2:01,학여울,1003
00:30:0D:60:EB:37,학여울,1003
00:30:0D:61:37:7F,대청,1003
00:30:0D:57:CE:D8,문래,1002
00:30:0D:57:D1:96,문래,1002
00:30:0D:74:D2:4F,영등포구청,1002
00:30:0D:73:3A:0F,영등포구청,1002
00:30:0D:81:0E:CF,영등포구청,1002
00:30:0D:74:53:EF,영등포구청,1002
00:30:0D:74:56:6F,영등포구청,1002
00:30:0D:72:D8:AF,영등포구청,1002
00:30:0D:74:D0:2F,영등포구청,1002
00:30:0D:78:37:4F,영등포구청,1002
00:30:0D:74:CF:8F,영등포구청,1002
00:16:1F:03:1D:E8,당산,1002
00:30:0D:75:D9:2F,당산,1002
00:30:0D:74:CE:AF,당산,1002
00:30:0D:74:52:EF,당산,1002
10:e3:c7:05:38:9b,고덕,1005
00:40:5a:c0:3f:fb,김포공항,1005
00:40:5a:bb:0f:a3,김포공항,1005
00:07:89:0f:21:9a,김포공항,1005
02:07:89:0f:d7:f0,김포공항,1005
02:07:89:0f:21:9a,김포공항,1005
02:07:89:0f:21:9b,김포공항,1005
02:07:89:0f:d7:0d,김포공항,1005
02:17:b2:02:71:4e,김포공항,1005
02:07:89:0f:d4:d1,김포공항,1005
00:40:5a:bb:24:f3,김포공항,1005
00:30:0d:7b:e5:a0,김포공항,1005
00:07:89:0f:d7:e9,김포공항,1005
02:07:89:0f:d7:e9,김포공항,1005
00:40:5a:ba:cd:ab,김포공항,1005
00:07:89:0f:d7:f0,김포공항,1005
02:17:b2:02:81:46,김포공항,1005
06:17:b2:04:81:46,김포공항,1005
00:40:5a:ba:cd:aa,김포공항,1005
00:07:89:10:42:33,김포공항,1005
02:17:b2:02:81:44,김포공항,1005
02:07:89:10:4e:01,송정,1005
00:40:5a:c0:40:83,송정,1005
00:40:5a:c0:16:73,송정,1005
06:17:b2:04:7b:c2,송정,1005
02:17:b2:02:74:12,송정,1005
06:17:b2:04:74:5e,송정,1005
22:e3:c7:05:3d:f3,송정,1005
00:25:a6:a4:50:e4,송정,1005
02:17:b2:02:74:5e,송정,1005
04:17:b2:04:7b:c0,송정,1005
10:e3:c7:05:3d:f3,송정,1005
10:e3:c7:05:3d:f2,송정,1005
00:40:5a:c0:3a:da,송정,1005
10:e3:c7:05:18:ee,송정,1005
10:e3:c7:05:3a:56,송정,1005
22:e3:c7:05:18:ef,송정,1005
22:e3:c7:05:18:ee,송정,1005
10:e3:c7:05:18:ef,송정,1005
00:40:5a:c0:3a:db,송정,1005
22:e3:c7:05:3a:57,송정,1005
00:25:a6:a4:4b:da,송정,1005
10:e3:c7:05:3a:57,송정,1005
00:25:a6:a4:4e:32,송정,1005
00:25:a6:a4:4e:33,송정,1005
10:e3:c7:05:3d:e7,방화,1005
04:17:b2:04:7a:0c,방화,1005
00:40:5a:c3:91:db,방화,1005
10:e3:c7:05:3d:e6,방화,1005
04:17:b2:04:72:5c,방화,1005
22:e3:c7:05:3d:e7,방화,1005
22:e3:c7:05:3b:63,방화,1005
00:40:5a:c0:32:fa,방화,1005
00:25:a6:a4:4e:8c,방화,1005
22:e3:c7:05:3b:67,방화,1005
00:40:5a:b7:81:d2,방화,1005
10:e3:c7:05:3b:63,방화,1005
00:25:a6:a4:2b:46,방화,1005
00:40:5a:c3:98:12,방화,1005
00:25:a6:a4:4e:8d,방화,1005
00:25:a6:a4:5f:6d,방화,1005
02:07:89:10:5b:d6,방화,1005
00:40:5a:c3:98:13,방화,1005
00:40:5a:bf:ac:ab,방화,1005
06:17:b2:04:72:ce,방화,1005
04:17:b2:04:72:cc,방화,1005
06:17:b2:04:7a:3e,방화,1006
00:07:89:0f:d5:78,여의도,1005
0a:30:0d:83:cf:d2,여의도,1005
02:07:89:0f:d5:78,여의도,1005
00:30:0d:83:cf:d0,여의도,1005
00:30:0d:84:fd:f0,여의도,1005
0a:30:0d:83:76:d2,여의도,1005
06:30:0d:85:05:42,여의도,1005
22:e3:c7:05:3d:3a,여의나루,1005
00:25:a6:a4:24:b6,여의나루,1005
22:e3:c7:05:38:9a,고덕,1005
00:30:0D:61:24:0D,무악재,1003
00:30:0D:61:2C:B9,독립문,1003
00:30:0D:61:37:6B,독립문,1003
00:30:0D:61:2C:B5,독립문,1003
00:30:0D:61:37:65,독립문,1003
00:30:0D:61:2C:BB,독립문,1003
00:30:0D:61:3D:77,경복궁,1003
00:30:0D:61:1C:71,경복궁,1003
00:30:0D:61:1C:37,경복궁,1003
00:30:0D:61:3C:7B,경복궁,1003
00:30:0D:61:3C:8F,경복궁,1003
00:30:0D:61:24:A3,경복궁,1003
00:30:0D:61:37:EB,경복궁,1003
00:30:0D:61:1C:B9,안국,1003
00:30:0D:61:23:91,안국,1003
00:30:0D:61:2B:E7,안국,1003
00:30:0D:61:1B:6B,안국,1003
00:30:0D:61:1C:45,안국,1003
00:30:0D:61:24:81,안국,1003
00:30:0D:61:29:2F,안국,1003
00:30:0D:74:63:8F,종로3가,1003
00:30:0D:75:58:CF,종로3가,1003
00:30:0D:75:4E:AF,종로3가,1003
00:30:0D:76:F4:6F,종로3가,1003
00:30:0D:74:DF:AF,종로3가,1003
00:30:0D:75:C2:2F,종로3가,1003
00:30:0D:74:DA:0F,종로3가,1003
00:30:0D:75:C1:CF,종로3가,1003
00:30:0D:75:45:0F,을지로3가,1003
00:30:0D:74:5E:8F,을지로3가,1003
00:30:0D:74:C8:8F,을지로3가,1003
00:30:0D:74:C9:8F,을지로3가,1003
00:30:0D:77:66:EF,을지로3가,1003
00:30:0D:71:E6:4F,을지로3가,1003
00:30:0D:74:61:0F,을지로3가,1003
00:30:0D:75:D8:CF,을지로3가,1003
00:30:0D:75:BF:CF,충무로,1003
00:30:0D:74:C9:CF,충무로,1003
00:30:0D:74:51:2F,충무로,1003
00:30:0D:60:F3:65,동대입구,1003
00:30:0D:61:22:65,동대입구,1003
00:30:0D:61:27:19,동대입구,1003
00:30:0D:61:32:F7,동대입구,1003
00:30:0D:61:18:1B,동대입구,1003
00:30:0D:75:4D:0F,약수,1003
00:30:0D:75:4C:4F,약수,1003
00:30:0D:74:DB:0F,약수,1003
00:30:0D:72:12:4F,약수,1003
00:30:0D:61:1D:2B,금호,1003
00:30:0D:61:25:6F,금호,1003
00:30:0D:61:26:3B,금호,1003
00:30:0D:61:25:77,금호,1003
00:17:B2:00:C0:C6,옥수,1003
00:17:B2:00:BD:96,옥수,1003
00:17:B2:00:C0:A2,옥수,1003
00:17:B2:00:C0:2A,옥수,1003
00:17:B2:00:C0:9C,옥수,1003
00:17:B2:00:BD:60,옥수,1003
00:30:0D:80:FF:0F,압구정,1003
00:30:0D:74:64:2F,압구정,1003
00:30:0D:74:63:EF,압구정,1003
00:30:0D:76:6F:0F,압구정,1003
00:30:0D:80:FA:0F,압구정,1003
00:30:0D:75:47:6F,압구정,1003
00:30:0D:75:C0:CF,압구정,1003
00:30:0D:74:DE:8F,압구정,1003
00:30:0D:61:37:85,신사,1003
00:30:0D:61:2C:E1,신사,1003
00:40:5a:c8:5e:b3,야탑,1075
00:07:89:14:61:58,야탑,1075
00:16:1f:03:81:5a,야탑,1075
12:16:1f:03:5d:db,이매,1075
00:07:89:14:61:11,이매,1075
12:16:1f:03:5d:da,이매,1075
00:40:5a:c9:42:b2,이매,1075
00:07:89:14:61:35,이매,1075
00:40:5a:c0:24:0a,이매,1075
00:07:89:14:61:21,이매,1075
00:40:5a:c0:51:92,이매,1075
02:07:89:14:61:11,이매,1075
00:16:1f:03:5d:da,이매,1075
02:07:89:14:61:10,이매,1075
02:07:89:14:61:35,이매,1075
02:07:89:14:61:21,이매,1075
00:40:5a:c0:24:0b,이매,1075
00:40:5a:c0:51:93,이매,1075
12:16:1f:03:2a:9b,이매,1075
00:16:1f:03:39:4b,이매,1075
12:16:1f:03:39:4a,이매,1075
00:16:1f:03:4b:43,이매,1075
00:16:1f:03:39:4a,이매,1075
12:16:1f:03:39:4b,이매,1075
00:40:5a:46:49:b7,석계,1001
00:08:5b:48:a6:02,신이문,1001
0a:30:0d:83:51:f1,신이문,1001
00:40:5a:ab:ac:52,외대앞,1001
00:17:b2:01:ae:e2,회기,1001
00:17:b2:01:ae:e0,회기,1001
00:17:b2:01:ae:42,회기,1001
00:17:b2:01:ae:40,회기,1001
00:17:b2:01:ae:68,회기,1001
00:17:b2:01:af:42,회기,1001
00:17:b2:01:af:40,회기,1001
00:40:5a:af:ff:ea,청량리,1001
00:09:b4:61:25:4b,청량리,1001
00:09:b4:61:25:4a,청량리,1001
02:09:b4:61:25:4b,청량리,1001
00:40:5a:af:ff:eb,청량리,1001
02:09:b4:61:25:4a,청량리,1001
00:40:5a:b0:08:aa,청량리,1001
12:16:1f:03:c6:a3,제기동,1001
5a:08:fa:00:21:62,남영,1001
06:17:b2:04:a4:82,남영,1001
04:17:b2:04:a4:80,남영,1001
00:07:89:10:4f:ae,남영,1001
58:08:fa:00:20:9a,남영,1001
06:17:b2:04:a4:56,남영,1001
58:08:fa:00:20:d7,남영,1001
02:17:b2:02:a4:56,남영,1001
04:17:b2:04:a4:54,남영,1001
02:17:b2:02:a4:54,남영,1001
5a:08:fa:00:20:d7,남영,1001
02:17:b2:02:a4:82,남영,1001
02:17:b2:02:a4:80,남영,1001
58:08:fa:00:20:9b,남영,1001
02:17:b2:02:a0:f6,남영,1001
00:07:89:10:5c:c4,남영,1001
02:17:b2:02:a1:22,남영,1001
5a:08:fa:00:20:9b,남영,1001
02:17:b2:02:a0:f4,남영,1001
02:17:b2:02:a1:1c,남영,1001
02:17:b2:02:a1:20,남영,1001
58:08:fa:00:21:62,남영,1001
00:27:1c:6a:b9:e6,남영,1001
58:08:fa:00:2d:9e,남영,1001
5a:08:fa:00:21:0e,남영,1001
0a:30:0d:84:fc:52,용산,1001
06:40:5a:e2:f7:6e,용산,1001
00:09:b4:61:01:e7,용산,1001
00:09:b4:61:02:9f,용산,1001
06:30:0d:84:fc:42,용산,1001
02:09:b4:61:01:e7,용산,1001
02:09:b4:61:02:9f,용산,1001
06:40:5a:e2:f7:c6,용산,1001
00:40:5a:e2:f7:6d,용산,1001
00:09:b4:61:01:e6,용산,1001
00:09:b4:61:02:63,용산,1001
00:40:5a:e2:f8:06,용산,1001
06:40:5a:e2:f7:6d,용산,1001
02:09:b4:61:01:e6,용산,1001
0a:30:0d:83:ae:11,용산,1001
06:40:5a:e2:f5:f6,용산,1001
06:40:5a:e2:f7:de,용산,1001
00:1d:93:08:c0:56,용산,1001
06:17:b2:04:86:7e,용산,1001
06:17:b2:04:95:fa,용산,1001
0a:30:0d:84:58:72,용산,1001
00:30:0D:61:37:81,대청,1003
00:30:0D:61:37:8D,대청,1003
00:30:0D:61:37:7D,대청,1003
00:30:0D:61:37:4B,대청,1003
00:30:0D:61:2C:C7,대청,1003
00:30:0D:61:2C:C9,대청,1003
00:30:0D:61:30:1F,대청,1003
00:30:0D:61:29:03,일원,1003
00:30:0D:61:18:D7,일원,1003
00:30:0D:61:22:85,일원,1003
00:30:0D:60:F7:87,일원,1003
00:30:0D:60:F2:AD,일원,1003
00:30:0D:60:F7:8B,일원,1003
00:30:0D:60:FB:3D,일원,1003
00:30:0D:62:28:43,일원,1003
00:30:0D:60:FB:07,일원,1003
00:30:0D:60:E7:0B,일원,1003
00:30:0D:7F:A9:0F,수서,1003
00:30:0D:80:0F:AF,수서,1003
00:30:0D:80:23:6F,수서,1003
00:30:0D:80:10:4F,수서,1003
00:30:0D:80:23:8F,수서,1003
00:30:0D:7F:06:AF,수서,1003
00:30:0D:7F:95:EF,수서,1003
00:30:0D:80:50:CF,수서,1003
00:30:0D:7F:A9:2F,수서,1003
00:30:0D:73:86:AF,가락시장,1003
00:30:0D:78:00:CF,가락시장,1003
00:30:0D:74:65:0F,동대문,1004
00:30:0D:75:C6:6F,동대문,1004
00:30:0D:74:DF:4F,동대문,1004
00:30:0D:74:DE:CF,동대문,1004
00:30:0D:81:3E:CF,동대문,1004
00:30:0D:75:C1:4F,동대문,1004
00:30:0D:72:50:AF,동대문,1004
00:30:0D:79:C8:8F,동대문,1004
00:30:0D:74:4B:6F,동대문역사문화공원,1004
00:30:0D:75:50:8F,동대문역사문화공원,1004
00:30:0D:73:38:0F,동대문역사문화공원,1004
00:30:0D:72:E2:0F,동대문역사문화공원,1004
00:30:0D:75:59:2F,동대문역사문화공원,1004
00:30:0D:74:46:AF,동대문역사문화공원,1004
00:30:0D:75:CF:6F,동대문역사문화공원,1004
00:30:0D:77:66:8F,동대문역사문화공원,1004
00:30:0D:78:4B:4F,충무로,1004
00:30:0D:74:DD:CF,충무로,1004
00:30:0D:74:5F:CF,충무로,1004
00:30:0D:75:5A:AF,충무로,1004
00:30:0D:74:CB:8F,충무로,1004
00:30:0D:74:C8:CF,충무로,1004
00:30:0D:74:C9:AF,충무로,1004
00:30:0D:74:DF:8F,충무로,1004
00:30:0D:75:41:CF,충무로,1004
00:30:0D:74:5E:CF,충무로,1004
00:30:0D:77:61:CF,명동,1004
00:30:0D:74:4D:2F,명동,1004
00:30:0D:74:4F:8F,명동,1004
00:30:0D:74:60:6F,명동,1004
00:30:0D:74:C9:4F,명동,1004
00:30:0D:74:CC:2F,명동,1004
00:16:1F:03:14:24,명동,1004
00:30:0D:61:30:A5,회현,1004
00:30:0D:61:3A:57,회현,1004
00:30:0D:63:7B:39,회현,1004
00:30:0D:61:30:81,회현,1004
00:30:0D:4F:38:D0,회현,1004
00:30:0D:61:3A:29,회현,1004
00:30:0D:74:C7:0F,서울,1004
00:30:0D:74:71:8F,서울,1004
00:30:0D:75:39:AF,서울,1004
00:30:0D:74:4C:2F,서울,1004
00:30:0D:74:CD:4F,서울,1004
00:30:0D:74:64:CF,서울,1004
00:30:0D:75:C0:AF,서울,1004
00:30:0D:61:25:2B,숙대입구,1004
00:30:0D:61:24:B3,숙대입구,1004
00:30:0D:61:25:1B,숙대입구,1004
00:30:0D:61:2C:B7,숙대입구,1004
02:17:b2:02:7a:3e,방화,1007
00:07:89:10:59:a8,방화,1008
02:30:0d:5c:42:d6,토피스,9999
00:30:0d:5c:42:d6,토피스,9999
00:25:a6:a1:06:80,토피스,9999
00:25:a6:a1:0f:5c,토피스,9999
00:25:a6:a1:0f:5d,토피스,9999
00:30:0d:5c:71:e4,토피스,9999
02:30:0d:5c:71:e4,토피스,9999
00:25:a6:a0:e4:ea,토피스,9999
00:25:a6:a0:7f:9e,토피스,9999
00:30:0d:83:b7:20,토피스,9999
00:25:a6:a0:e4:eb,토피스,9999
06:30:0d:83:b7:21,토피스,9999
00:25:a6:a0:7f:9f,토피스,9999
06:40:5a:2f:3e:9f,토피스,9999
06:30:0d:52:cb:ee,토피스,9999
00:30:0d:52:cb:ee,토피스,9999
00:25:a6:a4:fb:07,발산,1005
00:40:5a:bb:25:1a,개화산,1005
00:30:0D:7E:38:6F,총신대입구(이수),1004
00:30:0D:74:C7:CF,선릉,1075
00:30:0D:75:BF:2F,선릉,1075
00:30:0D:74:D9:6F,선릉,1075
00:30:0D:75:BF:6F,선릉,1075
00:30:0D:81:03:AF,선릉,1075
00:30:0D:80:F3:AF,선릉,1075
00:30:0D:81:03:6F,선릉,1075
00:30:0D:80:F3:6F,선릉,1075
00:30:0D:73:3B:8F,선릉,1075
10:E3:C7:04:0E:AD,선릉,1075
00:30:0D:71:D5:AF,선릉,1075
00:30:0D:57:D5:4C,한티,1075
00:30:0D:57:D1:48,한티,1075
00:30:0D:54:C6:8E,한티,1075
00:30:0D:57:D4:DC,한티,1075
00:30:0D:57:D3:AE,한티,1075
00:30:0D:57:D2:10,한티,1075
00:30:0D:57:D6:4A,도곡,1075
00:30:0D:7A:C6:AF,도곡,1075
00:30:0D:60:EC:21,구룡,1075
00:30:0D:61:3A:03,구룡,1075
00:30:0D:57:D5:02,구룡,1075
00:30:0D:57:D2:36,구룡,1075
00:30:0D:60:F6:E1,구룡,1075
00:30:0D:60:ED:6F,구룡,1075
00:30:0D:60:F6:DF,구룡,1075
00:30:0D:60:EC:B5,구룡,1075
00:30:0D:61:25:47,구룡,1075
00:30:0D:57:D2:12,개포동,1075
00:30:0D:57:D3:B0,개포동,1075
00:30:0D:57:D6:BE,개포동,1075
00:30:0D:57:D6:B6,개포동,1075
00:30:0D:57:D5:36,개포동,1075
00:30:0D:54:C6:90,개포동,1075
00:30:0D:61:24:BB,대모산입구,1075
00:30:0D:61:1C:F7,대모산입구,1075
00:30:0D:61:30:41,대모산입구,1075
00:30:0D:61:29:0D,대모산입구,1075
00:30:0D:61:3C:4D,대모산입구,1075
00:30:0D:61:3B:C1,대모산입구,1075
00:30:0D:57:D5:58,대모산입구,1075
00:30:0D:61:30:6F,대모산입구,1075
00:30:0D:57:D5:98,수서,1075
00:30:0D:57:D2:68,수서,1075
00:30:0D:57:D0:E4,수서,1075
00:30:0D:54:C6:A0,수서,1075
00:30:0D:54:C6:9C,수서,1075
00:30:0D:54:C6:A6,수서,1075
00:30:0D:60:EC:23,복정,1075
00:30:0D:60:EB:E9,복정,1075
00:30:0D:61:0D:AD,복정,1075
00:30:0D:61:24:B1,태평,1075
00:30:0D:61:26:FF,태평,1075
00:30:0D:61:34:CF,태평,1075
00:30:0D:61:29:35,태평,1075
00:30:0D:62:2C:1F,태평,1075
00:30:0D:61:27:1B,태평,1075
00:16:1F:03:20:58,모란,1075
00:30:0D:61:39:F1,신사,1003
00:30:0D:61:37:83,신사,1003
00:30:0D:61:2C:CD,신사,1003
00:30:0D:62:28:45,신사,1003
00:30:0D:61:39:9B,신사,1003
00:30:0D:61:2C:DB,신사,1003
00:30:0D:61:18:E5,잠원,1003
00:30:0D:61:24:25,잠원,1003
00:30:0D:61:1A:CF,잠원,1003
00:30:0D:61:36:5D,잠원,1003
00:30:0D:61:1B:D7,잠원,1003
00:30:0D:61:24:23,잠원,1003
00:30:0D:7E:CE:8F,고속터미널,1003
00:30:0D:79:BC:AF,고속터미널,1003
00:30:0D:61:34:17,서현,1075
00:30:0D:60:E6:BB,서현,1075
00:30:0D:57:D8:18,서현,1075
00:30:0D:57:CE:C6,수내,1075
00:30:0D:61:30:27,수내,1075
00:30:0D:61:30:11,수내,1075
00:30:0D:57:D3:92,수내,1075
00:30:0D:61:30:17,수내,1075
00:30:0D:61:27:05,수내,1075
00:30:0D:54:CB:A2,정자,1075
00:30:0D:57:D6:5E,정자,1075
00:30:0D:54:C5:C8,정자,1075
00:30:0D:54:82:A2,정자,1075
00:30:0D:54:C8:7E,정자,1075
00:30:0D:61:0A:55,정자,1075
00:30:0D:60:F3:C7,정자,1075
00:30:0D:5D:E9:3F,정자,1075
00:30:0D:54:C8:22,정자,1075
00:30:0D:61:04:C7,미금,1075
00:30:0D:5D:F4:51,미금,1075
00:30:0D:61:08:49,미금,1075
00:30:0D:60:EA:EF,미금,1075
00:30:0D:62:25:37,미금,1075
00:30:0D:61:27:0B,미금,1075
00:30:0D:62:1B:E3,미금,1075
00:30:0D:63:53:9B,미금,1075
00:30:0D:52:C7:39,미금,1075
00:30:0D:61:29:DB,오리,1075
00:30:0D:61:28:3D,오리,1075
00:30:0D:61:1C:4F,오리,1075
00:30:0D:61:09:73,오리,1075
00:30:0D:61:1A:35,오리,1075
00:30:0D:61:24:BF,오리,1075
00:30:0D:57:D8:02,보정,1075
00:30:0D:61:25:7B,보정,1075
00:30:0D:60:FF:3F,보정,1075
00:30:0D:61:27:23,보정,1075
00:30:0D:60:FF:51,보정,1075
00:30:0D:62:33:3D,보정,1075
00:30:0D:62:2D:93,보정,1075
00:30:0D:61:0D:59,보정,1075
00:30:0D:61:03:6F,보정,1075
00:30:0D:63:57:95,보정,1075
00:30:0D:60:EB:27,구성,1075
00:30:0D:61:0D:47,구성,1075
00:30:0D:5D:D1:A5,구성,1075
00:30:0D:54:C8:CA,구성,1075
00:30:0D:5F:8D:00,구성,1075
00:30:0D:61:06:7D,구성,1075
00:30:0D:57:CE:EE,구성,1075
00:30:0D:61:29:BD,구성,1075
00:30:0D:61:1C:C5,구성,1075
00:30:0D:61:2C:CB,구성,1075
00:30:0D:61:37:3F,신갈,1075
00:30:0D:5D:CD:47,신갈,1075
00:30:0D:61:2C:87,신갈,1075
00:30:0D:61:28:1D,신갈,1075
00:30:0D:61:2B:33,신갈,1075
00:30:0D:61:37:35,신갈,1075
00:30:0D:61:2B:2F,신갈,1075
00:30:0D:61:37:91,신갈,1075
00:30:0D:5D:DC:DF,신갈,1075
00:30:0D:5D:EA:73,신갈,1075
00:30:0D:5D:DD:69,신갈,1075
00:30:0D:5D:CB:35,신갈,1075
06:40:5a:e2:f7:66,용산,1001
00:40:5a:e2:f7:dd,용산,1001
02:09:b4:61:01:6f,용산,1001
02:09:b4:61:02:9e,용산,1001
00:1d:93:08:c0:54,용산,1001
06:40:5a:e2:f7:c5,용산,1001
12:16:1f:03:78:02,이태원,1006
00:25:a6:a4:bd:af,이태원,1006
00:16:1f:03:78:02,이태원,1006
00:40:5a:bb:c0:ab,이태원,1006
00:40:5a:bb:c0:aa,이태원,1006
00:16:1f:03:78:03,이태원,1006
00:16:1f:03:85:6b,이태원,1006
00:40:5a:c7:bc:eb,이태원,1006
00:40:5a:bb:ad:4b,이태원,1006
00:16:1f:03:86:c6,이태원,1006
00:25:a6:a4:b4:f8,이태원,1006
00:25:a6:a4:b4:f9,이태원,1006
12:16:1f:03:54:0b,한강진,1006
12:16:1f:03:80:42,한강진,1006
12:16:1f:03:60:7f,한강진,1006
00:16:1f:03:80:42,한강진,1006
00:16:1f:03:54:0a,한강진,1006
00:07:89:10:47:5b,화랑대,1006
00:40:5a:bf:7c:7a,화랑대,1006
00:07:89:14:48:8c,화랑대,1006
00:07:89:14:6f:b8,매봉,1003
22:e3:c7:05:37:fe,매봉,1003
22:e3:c7:05:1c:72,매봉,1003
00:16:1f:03:53:ea,매봉,1003
22:e3:c7:05:37:ff,매봉,1003
10:e3:c7:05:0a:d3,매봉,1003
12:16:1f:03:53:ea,매봉,1003
02:07:89:14:6e:ac,매봉,1003
02:07:89:14:6f:bd,매봉,1003
00:40:5a:a4:d6:8a,매봉,1003
00:07:89:14:6e:ac,매봉,1003
00:40:5a:a4:ad:1b,매봉,1003
00:40:5a:a4:b1:8a,매봉,1003
00:40:5a:a4:da:c2,매봉,1003
00:40:5a:a4:b1:8b,매봉,1003
10:e3:c7:05:1c:73,매봉,1003
22:e3:c7:05:1c:73,매봉,1003
10:e3:c7:05:37:ff,매봉,1003
00:40:5a:a4:d3:3b,매봉,1003
00:07:89:14:6f:f5,매봉,1003
02:07:89:14:6f:f5,매봉,1003
00:40:5a:a4:da:c3,매봉,1003
00:40:5a:c8:54:a3,한강진,1006
00:25:a6:a4:61:02,한강진,1006
00:40:5a:ba:e4:7b,한강진,1006
00:25:a6:a5:2a:24,한강진,1006
00:40:5a:c7:bd:02,한강진,1006
00:40:5a:c7:bd:03,한강진,1006
00:16:1f:03:71:1f,한강진,1006
00:16:1f:03:60:7e,한강진,1006
12:16:1f:03:7a:af,버티고개,1006
00:40:5a:c8:2d:f2,버티고개,1006
00:25:a6:a4:54:81,버티고개,1006
12:16:1f:03:62:63,버티고개,1006
12:16:1f:03:4e:1f,버티고개,1006
00:40:5a:c8:2c:ea,버티고개,1006
00:25:a6:a4:3e:6a,버티고개,1006
12:16:1f:03:62:62,버티고개,1006
00:16:1f:03:7a:af,버티고개,1006
00:16:1f:03:7f:63,버티고개,1006
00:16:1f:03:67:a7,버티고개,1006
00:16:1f:03:7f:62,버티고개,1006
00:40:5a:c8:2c:eb,버티고개,1006
00:16:1f:03:62:62,버티고개,1006
00:40:5a:c8:4c:2b,버티고개,1006
00:40:5a:c8:4c:2a,버티고개,1006
00:40:5a:c8:1c:02,버티고개,1006
00:16:1f:03:4e:1e,버티고개,1006
00:40:5a:c8:1c:03,버티고개,1006
12:16:1f:03:7f:63,버티고개,1006
12:16:1f:03:67:a7,버티고개,1006
00:25:a6:a4:3e:6b,버티고개,1006
00:16:1f:03:4e:1f,버티고개,1006
00:25:a6:a4:65:8e,버티고개,1006
12:16:1f:03:67:a6,버티고개,1006
12:16:1f:03:7a:ae,버티고개,1006
00:40:5a:c8:29:9a,버티고개,1006
00:40:5a:c8:55:0a,버티고개,1006
00:25:a6:a4:54:82,버티고개,1006
00:07:89:10:4b:99,버티고개,1006
12:16:1f:03:7f:62,버티고개,1006
00:30:0D:61:19:81,숙대입구,1004
00:30:0D:78:37:EF,삼각지,1004
00:30:0D:75:D9:AF,삼각지,1004
00:30:0D:75:43:EF,삼각지,1004
00:30:0D:74:55:CF,삼각지,1004
00:30:0D:75:5A:CF,삼각지,1004
00:30:0D:74:C9:0F,삼각지,1004
00:30:0D:60:E8:1F,신용산,1004
00:30:0D:60:FC:A9,신용산,1004
00:30:0D:60:E8:29,신용산,1004
00:30:0D:61:03:27,신용산,1004
00:30:0D:60:F3:3D,신용산,1004
00:30:0D:61:03:2D,신용산,1004
00:30:0D:60:E8:1D,신용산,1004
00:30:0D:60:F3:4B,신용산,1004
00:30:0D:4F:72:C2,이촌,1004
00:30:0D:74:C5:8F,이촌,1004
00:30:0D:74:DE:4F,이촌,1004
00:30:0D:78:36:AF,이촌,1004
00:30:0D:74:DD:EF,이촌,1004
00:30:0D:74:DE:6F,이촌,1004
00:30:0D:7C:8D:CF,이촌,1004
00:30:0D:74:50:4F,이촌,1004
00:30:0D:74:63:6F,이촌,1004
00:17:B2:00:BE:0C,동작,1004
00:17:B2:00:C0:3C,동작,1004
00:17:B2:00:BF:A2,동작,1004
00:17:B2:00:C0:0C,동작,1004
00:17:B2:00:C0:96,동작,1004
00:17:B2:00:C0:A8,동작,1004
00:30:0D:75:43:0F,총신대입구(이수),1004
00:30:0D:7C:35:6F,상봉,1007
00:16:1f:03:bf:f2,한성대입구,1004
12:16:1f:03:a7:fb,한성대입구,1004
00:16:1f:03:a7:fb,한성대입구,1004
02:07:89:14:6d:d5,한성대입구,1004
00:16:1f:03:a7:fa,한성대입구,1004
00:16:1f:03:bf:47,한성대입구,1004
00:40:5a:af:bf:02,한성대입구,1004
12:16:1f:03:a7:fa,한성대입구,1004
00:07:89:14:6d:ed,한성대입구,1004
12:16:1f:03:bf:47,한성대입구,1004
12:16:1f:03:bf:46,한성대입구,1004
00:07:89:14:6d:ec,한성대입구,1004
00:07:89:14:6d:d4,한성대입구,1004
00:07:89:14:6d:e8,한성대입구,1004
58:08:fa:00:34:1b,성신여대입구,1004
58:08:fa:00:16:17,성신여대입구,1004
0a:30:0d:78:4e:31,성신여대입구,1004
58:08:fa:00:16:16,성신여대입구,1004
06:30:0d:78:4e:21,성신여대입구,1004
58:08:fa:00:34:1a,성신여대입구,1004
5a:08:fa:00:16:17,성신여대입구,1004
5a:08:fa:00:34:1b,성신여대입구,1004
00:30:0d:78:4e:30,성신여대입구,1004
5a:08:fa:00:34:1a,성신여대입구,1004
5a:08:fa:00:16:16,성신여대입구,1004
00:30:0d:78:4e:20,성신여대입구,1004
58:08:fa:00:13:af,성신여대입구,1004
0a:30:0d:78:0c:11,성신여대입구,1004
58:08:fa:00:33:c2,성신여대입구,1004
58:08:fa:00:33:c3,성신여대입구,1004
0a:30:0d:7d:08:91,성신여대입구,1004
06:30:0d:78:0c:01,성신여대입구,1004
06:30:0d:7d:08:81,성신여대입구,1004
5a:08:fa:00:13:af,성신여대입구,1004
00:30:0d:78:0c:10,성신여대입구,1004
5a:08:fa:00:33:c3,성신여대입구,1004
00:30:0d:78:0c:00,성신여대입구,1004
00:30:0d:7d:08:90,성신여대입구,1004
00:30:0d:7d:08:80,성신여대입구,1004
58:08:fa:00:12:b7,성신여대입구,1004
12:16:1f:03:a8:43,길음,1004
00:07:89:14:6f:7d,길음,1004
00:40:5a:b0:1b:62,길음,1004
12:16:1f:03:c9:de,길음,1004
00:16:1f:03:a8:43,길음,1004
02:07:89:14:6f:7d,길음,1004
00:16:1f:03:a8:42,길음,1004
00:40:5a:b0:1b:63,길음,1004
00:16:1f:03:c9:de,길음,1004
00:16:1F:03:20:9C,모란,1075
00:30:0D:61:04:B9,모란,1075
00:30:0D:61:33:FD,모란,1075
00:30:0D:63:4E:BB,모란,1075
00:30:0D:61:28:35,모란,1075
00:30:0D:61:1A:57,모란,1075
00:30:0D:61:1F:ED,모란,1075
00:30:0D:61:2C:95,야탑,1075
00:27:1C:09:AD:C9,야탑,1075
00:30:0D:61:39:F3,야탑,1075
00:30:0D:62:29:C9,야탑,1075
00:30:0D:61:37:47,야탑,1075
00:30:0D:61:37:53,야탑,1075
00:30:0D:61:37:4D,이매,1075
00:30:0D:61:2C:9F,이매,1075
00:30:0D:61:2C:9B,이매,1075
00:30:0D:61:29:DD,이매,1075
00:30:0D:61:2C:99,이매,1075
00:30:0D:61:37:4F,이매,1075
00:30:0D:54:5F:10,서현,1075
00:30:0D:54:4D:82,서현,1075
00:30:0D:54:54:1E,서현,1075
00:30:0D:54:5C:E4,서현,1075
00:30:0D:5D:FA:8F,서현,1075
00:30:0D:73:03:2F,당산,1002
00:30:0D:74:33:4F,당산,1002
00:30:0D:75:4C:6F,합정,1002
00:30:0D:75:4E:8F,합정,1002
00:30:0D:75:4D:2F,합정,1002
00:30:0D:75:4C:CF,합정,1002
00:30:0D:74:C9:6F,합정,1002
00:30:0D:75:CD:8F,합정,1002
00:30:0D:74:5E:AF,합정,1002
00:30:0D:81:07:EF,홍대입구,1002
00:16:1F:03:20:00,홍대입구,1002
00:30:0D:74:C8:4F,홍대입구,1002
00:30:0D:74:4C:EF,홍대입구,1002
00:30:0D:74:BB:0F,홍대입구,1002
00:30:0D:61:06:75,신촌,1002
00:30:0D:60:F7:7B,신촌,1002
00:30:0D:60:F7:79,신촌,1002
00:30:0D:60:F7:B9,신촌,1002
00:30:0D:54:85:10,신촌,1002
00:30:0D:60:F7:C1,신촌,1002
00:30:0D:61:06:BD,신촌,1002
00:30:0D:60:F7:B7,신촌,1002
00:30:0D:60:F7:0D,신촌,1002
00:30:0D:75:C7:2F,이대,1002
10:E3:C7:04:2C:21,이대,1002
00:30:0D:74:4E:AF,이대,1002
00:30:0D:74:CF:4F,이대,1002
00:30:0D:74:4E:CF,이대,1002
00:30:0D:60:ED:5B,아현,1002
00:30:0D:61:2E:6F,아현,1002
00:30:0D:60:ED:67,아현,1002
00:30:0D:60:ED:51,아현,1002
00:30:0D:60:E6:A5,아현,1002
00:30:0D:60:D4:9F,아현,1002
00:30:0D:7C:BE:4F,충정로,1002
00:30:0D:7D:04:2F,충정로,1002
00:30:0D:63:51:95,충정로,1002
00:30:0D:7D:02:AF,충정로,1002
00:30:0D:7C:BD:AF,충정로,1002
00:30:0D:7C:C1:AF,충정로,1002
00:30:0D:7D:13:0F,충정로,1002
00:17:B2:00:C1:AE,용답,1002
00:17:B2:00:BD:18,용답,1002
00:17:B2:00:BF:EA,용답,1002
00:17:B2:00:C0:78,용답,1002
00:17:B2:00:C0:54,신답,1002
00:17:B2:00:BF:1E,신답,1002
00:17:B2:00:BD:3C,신답,1002
00:17:B2:00:C0:18,신답,1002
00:30:0D:62:28:7F,용두,1002
00:30:0D:62:33:3B,용두,1002
00:30:0D:62:37:3F,용두,1002
00:30:0D:61:3A:09,용두,1002
00:30:0D:61:39:F9,용두,1002
00:30:0D:61:39:FB,용두,1002
00:30:0D:74:63:4F,신설동,1002
00:30:0D:75:4D:AF,신설동,1002
00:30:0D:75:4F:CF,신설동,1002
00:30:0D:75:CC:2F,신설동,1002
00:30:0D:75:58:AF,신설동,1002
00:30:0D:81:0C:0F,신설동,1002
00:30:0D:61:02:99,도림천,1002
00:30:0D:54:91:98,도림천,1002
00:30:0D:54:82:98,도림천,1002
00:30:0D:54:88:B8,도림천,1002
00:30:0D:54:8A:68,기흥,1075
00:30:0D:61:06:7F,기흥,1075
00:30:0D:57:D2:9A,기흥,1075
00:30:0D:61:34:B9,기흥,1075
00:30:0D:54:8A:76,기흥,1075
00:30:0D:54:8A:64,기흥,1075
00:30:0D:57:D5:34,기흥,1075
00:30:0D:54:5D:94,기흥,1075
00:30:0D:57:D4:DE,기흥,1075
00:30:0D:57:D3:B6,기흥,1075
00:30:0D:74:C7:C0,선릉,1075
00:30:0D:75:BF:20,선릉,1075
00:30:0D:74:D9:60,선릉,1075
00:30:0D:75:BF:60,선릉,1075
00:30:0D:81:03:A0,선릉,1075
00:30:0D:80:F3:A0,선릉,1075
00:30:0D:81:03:60,선릉,1075
00:30:0D:80:F3:60,선릉,1075
00:30:0D:74:DE:D0,동대문,1004
00:17:B2:01:AF:68,군포,1001
00:17:B2:01:AD:A0,군포,1001
00:17:B2:01:AD:70,군포,1001
00:17:B2:01:AD:C0,군포,1001
00:17:B2:01:AF:88,군포,1001
00:17:B2:01:AE:18,군포,1001
00:17:B2:01:AF:28,당정,1001
00:17:B2:01:AE:58,당정,1001
00:17:B2:01:AE:88,당정,1001
00:17:B2:01:AF:B0,당정,1001
00:17:B2:01:AF:48,당정,1001
00:17:B2:01:AF:78,당정,1001
00:17:B2:01:AA:A8,의왕,1001
00:17:B2:01:AD:78,의왕,1001
00:17:B2:01:AB:18,의왕,1001
00:17:B2:01:AD:E8,의왕,1001
00:17:B2:01:AD:88,의왕,1001
00:17:B2:01:AA:90,의왕,1001
00:17:B2:01:AD:C8,성균관대,1001
00:17:B2:01:AB:00,성균관대,1001
00:17:B2:01:AA:B0,성균관대,1001
00:17:B2:01:AD:D8,성균관대,1001
00:17:B2:01:AA:B8,성균관대,1001
00:17:B2:01:AA:58,성균관대,1001
00:17:B2:01:AD:D0,화서,1001
00:17:B2:01:AA:D0,화서,1001
00:17:B2:01:AE:28,화서,1001
00:17:B2:01:AE:10,화서,1001
00:17:B2:01:AB:28,화서,1001
00:17:B2:01:AD:E0,화서,1001
00:30:0D:74:61:D0,청량리,1001
00:30:0D:74:4D:F0,청량리,1001
00:30:0D:74:4D:70,청량리,1001
00:30:0D:74:4D:50,청량리,1001
00:30:0D:74:4D:90,청량리,1001
00:30:0D:75:41:50,청량리,1001
00:30:0D:75:D7:70,신설동,1001
00:30:0D:75:59:D0,신설동,1001
00:30:0D:74:DE:10,신설동,1001
00:30:0D:75:D7:B0,신설동,1001
00:30:0D:75:59:10,신설동,1001
00:30:0D:73:42:90,신설동,1001
00:30:0D:74:D9:50,신설동,1001
00:30:0D:75:D7:90,신설동,1001
00:30:0D:7B:76:D0,동묘앞,1001
00:30:0D:7A:9C:30,동묘앞,1001
00:30:0D:7B:98:70,동묘앞,1001
00:30:0D:7A:55:F0,동묘앞,1001
00:30:0D:74:2B:90,동묘앞,1001
00:30:0D:7C:EA:10,동묘앞,1001
00:30:0D:7B:81:B0,동묘앞,1001
00:30:0D:76:D0:50,동대문,1001
00:30:0D:74:CC:10,동대문,1001
00:30:0D:74:DF:10,동대문,1001
00:30:0D:74:60:F0,동대문,1001
00:30:0D:74:55:30,동대문,1001
00:30:0D:72:15:D0,동대문,1001
00:30:0D:72:2C:90,동대문,1001
00:30:0D:72:28:10,동대문,1001
00:30:0D:75:4D:50,종로5가,1001
00:30:0D:75:CB:B0,종로5가,1001
00:30:0D:75:4C:B0,종로5가,1001
00:30:0D:75:CD:70,종로5가,1001
00:30:0D:81:43:30,종로5가,1001
00:30:0D:75:CB:50,종로5가,1001
00:30:0D:74:D0:90,종로3가,1001
00:30:0D:74:55:F0,종로3가,1001
00:30:0D:74:54:70,종로3가,1001
00:30:0D:74:56:50,종로3가,1001
00:30:0D:74:CB:10,종로3가,1001
00:30:0D:74:4E:50,종로3가,1001
00:25:a6:a4:36:6d,버티고개,1006
00:16:1f:03:7a:ae,버티고개,1006
00:40:5a:c8:2d:f3,버티고개,1006
00:40:5a:c8:55:0b,버티고개,1006
02:07:89:10:4b:99,버티고개,1006
00:16:1f:03:67:a6,버티고개,1006
00:16:1f:03:62:63,버티고개,1006
00:40:5a:c8:29:9b,버티고개,1006
12:16:1f:03:4e:1e,버티고개,1006
00:25:a6:a4:36:6e,버티고개,1006
00:40:5a:af:e4:52,수유,1004
00:07:89:14:6d:dd,수유,1004
00:07:89:14:6d:f9,수유,1004
12:16:1f:03:cb:96,수유,1004
12:16:1f:03:cb:97,수유,1004
12:16:1f:03:cb:f7,수유,1004
00:07:89:14:6d:dc,수유,1004
02:07:89:14:6d:dd,수유,1004
02:07:89:14:6d:f9,수유,1004
00:16:1f:03:cb:f7,수유,1004
00:16:1f:03:cb:96,수유,1004
02:07:89:14:6d:dc,수유,1004
00:07:89:14:6e:09,수유,1004
12:16:1f:03:cc:63,수유,1004
02:07:89:14:6e:09,수유,1004
00:16:1f:03:cc:63,수유,1004
02:07:89:14:6d:d0,수유,1004
00:07:89:14:6f:a4,수유,1004
06:30:0d:7e:c1:41,디지털미디어시티,1006
00:40:5a:bf:ab:3a,디지털미디어시티,1006
00:07:89:0f:d9:85,건대입구,1007
06:30:0d:72:e3:81,건대입구,1007
02:07:89:0f:d9:85,건대입구,1007
0e:0e:47:01:40:92,정자,1075
00:09:b4:61:44:2a,정자,1075
06:30:0d:60:f3:c6,정자,1075
02:09:b4:61:44:2a,정자,1075
00:30:0d:60:f3:c6,정자,1075
00:16:1f:03:56:c3,정자,1075
00:16:1f:03:53:46,정자,1075
12:16:1f:03:87:56,미금,1075
00:07:89:14:61:1d,미금,1075
12:16:1f:03:87:57,미금,1075
12:16:1f:03:54:ae,미금,1075
00:07:89:14:61:45,미금,1075
12:16:1f:03:54:af,미금,1075
12:16:1f:03:5e:96,미금,1075
00:40:5a:c7:b0:32,미금,1075
00:40:5a:c8:5a:ea,미금,1075
00:40:5a:c0:50:b2,미금,1075
00:16:1f:03:87:56,미금,1075
02:07:89:14:61:1d,미금,1075
00:40:5a:c0:10:43,중화,1007
00:16:1f:03:6f:2a,중화,1007
00:16:1f:03:78:06,중화,1007
12:16:1f:03:6f:2a,중화,1007
00:40:5a:c0:0d:aa,중화,1007
00:16:1f:03:6f:2b,중화,1007
00:40:5a:c0:0d:ab,중화,1007
00:25:a6:a4:5e:14,중화,1007
00:16:1f:03:65:b3,중화,1007
00:25:a6:a4:2e:43,중화,1007
12:16:1f:03:65:b2,중화,1007
00:40:5a:c0:37:73,중화,1007
00:25:a6:a4:5e:13,중화,1007
12:16:1f:03:65:13,중화,1007
12:16:1f:03:79:a3,중화,1007
00:40:5a:c0:37:72,중화,1007
00:25:a6:a4:47:d0,중화,1007
00:16:1f:03:65:13,중화,1007
00:16:1f:03:65:b2,중화,1007
00:16:1f:03:79:a3,중화,1007
12:16:1f:03:65:b3,중화,1007
12:16:1f:03:79:a2,중화,1007
00:25:a6:a4:62:be,중화,1007
00:40:5a:c0:11:0a,중화,1007
00:25:a6:a4:64:8f,중화,1007
00:40:5a:c0:11:0b,중화,1007
00:16:1f:03:79:a2,중화,1007
00:25:a6:a4:47:cf,중화,1007
00:40:5a:c0:45:ea,중화,1007
00:40:5a:c0:45:eb,중화,1007
00:25:a6:a4:38:b2,먹골,1007
00:25:a6:a4:38:b1,먹골,1007
00:40:5a:c0:1c:d2,먹골,1007
00:25:a6:a4:37:8a,먹골,1007
12:16:1f:03:2b:7a,신방화,1009
00:25:a6:a4:cf:75,신방화,1009
00:16:1f:03:c9:df,길음,1004
02:07:89:14:6f:84,길음,1004
12:16:1f:03:a8:42,길음,1004
12:16:1f:03:c9:df,길음,1004
12:16:1f:03:b4:1b,길음,1004
00:07:89:14:6f:84,길음,1004
02:07:89:14:6f:7c,길음,1004
00:16:1f:03:b4:1b,길음,1004
02:17:b2:02:8e:90,길음,1004
00:40:5a:b0:2a:23,길음,1004
00:07:89:14:6f:95,길음,1004
00:07:89:14:6f:85,길음,1004
02:07:89:14:6f:85,길음,1004
02:07:89:14:6f:95,길음,1004
00:40:5a:c3:8a:13,길음,1004
02:07:89:14:6e:05,미아삼거리,1004
00:16:1f:03:c7:fa,미아삼거리,1004
02:07:89:14:6f:68,미아삼거리,1004
02:07:89:14:6e:04,미아삼거리,1004
00:40:5a:b0:3c:bb,미아삼거리,1004
00:16:1f:03:cb:5a,미아삼거리,1004
02:09:b4:61:1e:62,종로5가,1001
00:30:0d:81:43:20,종로5가,1001
00:30:0d:75:cb:a0,종로5가,1001
00:40:5a:bc:4d:9b,종로5가,1001
00:40:5a:bc:4d:9a,종로5가,1001
00:09:b4:61:13:e7,종로5가,1001
0a:30:0d:75:4d:51,종로5가,1001
00:09:b4:61:13:e6,종로5가,1001
00:40:5a:bc:4e:fa,종로5가,1001
00:09:b4:61:1b:eb,종로5가,1001
06:30:0d:75:4d:41,종로5가,1001
00:09:b4:61:1c:d6,종로5가,1001
00:40:5a:bc:28:6a,종로5가,1001
02:09:b4:61:13:e7,종로5가,1001
00:30:0d:75:4d:50,종로5가,1001
02:09:b4:61:13:e6,종로5가,1001
00:40:5a:bc:46:d3,종로5가,1001
02:09:b4:61:1c:d6,종로5가,1001
00:40:5a:bf:ac:bb,월곡,1006
00:30:0d:84:38:30,신길,1005
00:30:0D:61:02:66,을지로입구,1002
00:30:0D:75:BE:E0,서울대입구,1002
00:30:0D:75:CB:00,서울대입구,1002
00:30:0D:75:41:E0,서울대입구,1002
00:30:0D:7B:FC:40,서울대입구,1002
00:30:0D:57:D3:C3,봉천,1002
00:30:0D:57:D3:BB,봉천,1002
00:30:0D:57:D2:1F,봉천,1002
00:30:0D:63:86:1E,봉천,1002
10:E3:C7:05:1A:82,신림,1002
00:30:0D:61:3D:52,신림,1002
00:30:0D:61:2E:B2,신림,1002
00:30:0D:54:C8:C7,신림,1002
00:30:0D:61:3D:4A,신림,1002
00:30:0D:61:2D:82,신림,1002
00:17:B2:01:AB:B0,신대방,1002
00:17:B2:01:A9:A0,신대방,1002
00:17:B2:01:AA:80,신대방,1002
00:17:B2:01:AA:A0,신대방,1002
00:17:B2:01:AB:48,신대방,1002
00:17:B2:01:AB:E0,신대방,1002
00:17:B2:01:AC:90,구로디지털단지,1002
00:17:B2:01:A8:58,구로디지털단지,1002
00:17:B2:01:AA:50,구로디지털단지,1002
00:17:B2:01:AC:C0,구로디지털단지,1002
00:17:B2:01:A9:78,구로디지털단지,1002
00:17:B2:01:A8:C8,구로디지털단지,1002
00:17:B2:01:AC:C8,대림,1002
00:17:B2:01:AC:E8,대림,1002
00:17:B2:01:AA:F0,대림,1002
00:17:B2:01:AA:18,대림,1002
00:17:B2:01:AA:78,대림,1002
00:17:B2:01:AC:88,대림,1002
00:30:0D:73:47:80,신도림,1002
00:30:0D:72:BC:20,신도림,1002
00:30:0D:72:BC:80,신도림,1002
00:30:0D:74:74:E0,신도림,1002
00:27:1C:09:E3:59,신도림,1002
00:30:0D:76:F7:A0,신도림,1002
00:30:0D:60:E9:5C,신도림,1002
00:30:0D:74:4C:80,신도림,1002
00:30:0D:73:5D:E0,신도림,1002
00:30:0D:73:13:C0,신도림,1002
00:30:0D:73:09:60,신도림,1002
00:27:1C:13:36:43,신도림,1002
00:30:0D:77:FD:80,신도림,1002
00:30:0D:78:43:60,신도림,1002
00:30:0D:61:29:5E,문래,1002
00:30:0D:61:34:A2,문래,1002
00:30:0D:61:02:9F,도림천,1002
00:30:0D:61:25:FB,양천구청,1002
00:30:0D:61:1F:F5,양천구청,1002
00:30:0D:61:22:81,양천구청,1002
00:30:0D:61:31:41,양천구청,1002
00:30:0D:61:29:59,양천구청,1002
00:30:0D:61:3C:01,양천구청,1002
00:30:0D:61:38:11,신정네거리,1002
00:30:0D:61:2D:5D,신정네거리,1002
00:30:0D:61:03:6D,신정네거리,1002
00:30:0D:61:38:0B,신정네거리,1002
00:30:0D:61:3D:87,신정네거리,1002
00:30:0D:61:3C:91,신정네거리,1002
00:30:0D:74:55:0F,까치산,1002
00:30:0D:74:C5:CF,까치산,1002
00:30:0D:74:DB:E0,시청,1002
00:30:0D:74:C4:C0,시청,1002
00:30:0D:74:61:40,시청,1002
00:30:0D:74:61:A0,시청,1002
00:30:0D:74:C3:E0,시청,1002
00:30:0D:74:46:C0,시청,1002
00:30:0D:74:CA:80,시청,1002
00:30:0D:74:47:40,시청,1002
00:30:0D:74:DC:20,시청,1002
00:30:0D:7C:8C:A0,시청,1002
00:30:0D:71:F0:80,을지로입구,1002
00:30:0D:75:CD:20,을지로입구,1002
00:30:0D:72:FF:20,을지로입구,1002
00:30:0D:75:4E:60,을지로입구,1002
00:30:0D:61:0E:8E,을지로입구,1002
00:30:0D:61:03:B6,을지로입구,1002
00:30:0D:61:0E:6C,을지로입구,1002
00:30:0D:60:D6:1C,을지로입구,1002
00:40:5a:ba:ce:03,고덕,1005
00:40:5a:ba:e8:9a,고덕,1005
10:e3:c7:05:38:92,고덕,1005
10:e3:c7:05:38:a2,고덕,1005
00:25:a6:a5:03:37,고덕,1005
00:25:a6:a5:2a:46,고덕,1005
22:e3:c7:05:38:96,고덕,1005
00:40:5a:ba:ce:02,고덕,1005
00:17:b2:02:96:2a,대림,1002
02:07:89:0f:d5:0c,대림,1002
00:40:5a:9e:13:4a,대림,1002
00:30:0d:74:df:d0,동대문역사문화공원,1002
00:40:5a:c4:0b:32,동대문역사문화공원,1002
0a:30:0d:74:df:d1,동대문역사문화공원,1002
00:09:b4:61:21:52,동대문역사문화공원,1002
06:30:0d:74:df:c1,동대문역사문화공원,1002
00:09:b4:61:21:53,동대문역사문화공원,1002
00:09:b4:61:20:a7,동대문역사문화공원,1002
0a:30:0d:74:64:71,동대문역사문화공원,1002
00:09:b4:61:20:c7,동대문역사문화공원,1002
06:30:0d:74:64:71,동대문역사문화공원,1002
00:40:5a:c3:e9:7a,동대문역사문화공원,1002
00:09:b4:61:20:a6,동대문역사문화공원,1002
00:40:5a:c3:e6:fa,동대문역사문화공원,1002
00:09:b4:61:20:93,동대문역사문화공원,1002
0a:30:0d:74:e0:51,동대문역사문화공원,1002
0a:30:0d:73:3b:51,동대문역사문화공원,1002
00:40:5a:c3:e1:5a,동대문역사문화공원,1002
00:40:5a:c4:0b:33,동대문역사문화공원,1002
02:09:b4:61:21:53,동대문역사문화공원,1002
02:09:b4:61:21:52,동대문역사문화공원,1002
00:30:0d:74:df:c0,동대문역사문화공원,1002
02:09:b4:61:20:a7,동대문역사문화공원,1002
00:40:5a:c3:e9:7b,동대문역사문화공원,1002
00:30:0d:74:64:70,동대문역사문화공원,1002
00:30:0d:74:64:60,동대문역사문화공원,1002
02:09:b4:61:20:a6,동대문역사문화공원,1002
00:40:5a:c3:e6:fb,동대문역사문화공원,1002
00:40:5a:c3:df:fb,동대문역사문화공원,1002
00:30:0d:73:3b:40,동대문역사문화공원,1002
00:30:0d:73:3b:50,동대문역사문화공원,1002
02:09:b4:61:20:92,동대문역사문화공원,1002
00:40:5a:c4:09:8b,동대문역사문화공원,1002
02:09:b4:61:20:c6,동대문역사문화공원,1002
00:40:5a:bb:c0:a2,동대문역사문화공원,1002
06:30:0d:74:e0:41,동대문역사문화공원,1002
00:09:b4:61:21:ba,동대문역사문화공원,1002
06:30:0d:74:65:21,동대문역사문화공원,1002
02:09:b4:61:20:c7,동대문역사문화공원,1002
02:09:b4:61:21:bb,동대문역사문화공원,1002
00:30:0D:74:D0:F0,종로3가,1001
00:30:0D:74:D1:10,종로3가,1001
00:30:0D:74:54:90,종로3가,1001
00:30:0D:74:D0:D0,종로3가,1001
00:30:0D:74:55:70,종로3가,1001
00:30:0D:74:D0:B0,종로3가,1001
00:30:0D:74:55:B0,시청,1001
00:30:0D:74:D1:90,시청,1001
00:30:0D:74:56:B0,시청,1001
00:30:0D:72:DE:90,시청,1001
00:30:0D:74:D2:10,시청,1001
00:30:0D:74:57:D0,시청,1001
00:30:0D:74:58:50,시청,1001
00:30:0D:74:57:10,시청,1001
00:30:0D:74:4F:70,시청,1001
00:30:0D:74:57:50,시청,1001
00:30:0D:74:CF:B0,시청,1001
00:30:0D:74:59:10,시청,1001
00:30:0D:74:D9:10,서울,1001
00:30:0D:77:73:B0,서울,1001
00:30:0D:76:FA:90,서울,1001
00:30:0D:74:58:10,서울,1001
00:30:0D:74:5F:F0,서울,1001
00:30:0D:75:59:F0,서울,1001
00:30:0D:7F:64:D0,서울,1001
00:30:0D:72:DD:30,서울,1001
00:30:0D:74:E5:A0,연신내,1003
00:30:0D:80:FF:00,압구정,1003
00:30:0D:74:64:20,압구정,1003
00:30:0D:74:63:E0,압구정,1003
00:30:0D:76:6F:00,압구정,1003
00:30:0D:80:FA:00,압구정,1003
00:30:0D:75:47:60,압구정,1003
00:30:0D:75:C0:C0,압구정,1003
00:30:0D:74:DE:80,압구정,1003
00:30:0D:61:37:84,신사,1003
00:30:0D:61:2C:E0,신사,1003
00:30:0D:61:39:F0,신사,1003
00:30:0D:61:37:82,신사,1003
00:30:0D:61:2C:CC,신사,1003
00:30:0D:62:28:44,신사,1003
00:30:0D:61:39:9A,신사,1003
00:30:0D:61:2C:DA,신사,1003
00:30:0D:61:18:E4,잠원,1003
00:30:0D:61:24:24,잠원,1003
00:30:0D:61:1A:CE,잠원,1003
00:30:0D:61:36:5C,잠원,1003
00:30:0D:61:1B:D6,잠원,1003
00:30:0D:61:24:22,잠원,1003
00:30:0D:7E:CE:80,고속터미널,1003
00:30:0D:79:BC:A0,고속터미널,1003
00:30:0D:75:42:C0,고속터미널,1003
00:30:0D:74:48:40,고속터미널,1003
00:30:0D:74:57:A0,고속터미널,1003
00:30:0D:75:44:C0,고속터미널,1003
00:30:0D:74:CF:60,고속터미널,1003
00:30:0D:74:60:00,고속터미널,1003
00:30:0D:81:32:20,고속터미널,1003
00:30:0D:74:48:20,교대,1003
00:30:0D:75:C2:80,교대,1003
00:30:0D:75:4C:80,교대,1003
00:30:0D:75:CD:A0,교대,1003
00:30:0D:74:48:00,교대,1003
00:30:0D:74:4B:A0,교대,1003
00:30:0D:72:13:E0,남부터미널,1003
00:30:0D:75:C2:60,남부터미널,1003
00:30:0D:72:52:C0,남부터미널,1003
00:30:0D:74:30:A0,남부터미널,1003
00:30:0D:73:4F:A0,남부터미널,1003
00:30:0D:71:E9:00,남부터미널,1003
00:30:0D:73:2C:A0,남부터미널,1003
00:30:0D:72:FE:A0,남부터미널,1003
00:30:0D:72:F2:40,남부터미널,1003
00:30:0D:80:FB:00,양재,1003
00:30:0D:75:CB:60,양재,1003
00:30:0D:7B:53:40,양재,1003
00:30:0D:75:CB:20,양재,1003
00:30:0D:7B:86:E0,양재,1003
00:30:0D:61:0D:0C,매봉,1003
00:30:0D:60:EB:18,매봉,1003
00:30:0D:61:0D:06,매봉,1003
00:30:0D:61:21:EE,매봉,1003
00:25:a6:a4:f4:86,신방화,1009
00:25:a6:a4:cf:74,신방화,1009
00:40:5a:b8:3d:9a,신방화,1009
00:40:5a:b8:3d:9b,신방화,1009
00:16:1f:03:5f:ae,신방화,1009
00:25:a6:a4:d7:58,신방화,1009
00:40:5a:b8:45:da,신방화,1009
00:25:a6:a4:e8:48,신방화,1009
00:40:5a:b8:45:db,신방화,1009
00:25:a6:a4:e8:47,신방화,1009
12:16:1f:03:80:ae,신방화,1009
00:40:5a:b8:33:e2,신방화,1009
00:16:1f:03:80:ae,신방화,1009
00:07:89:10:4f:fc,가양,1009
00:25:a6:a4:ef:04,가양,1009
12:16:1f:03:60:2b,가양,1009
00:40:5a:b8:3b:82,가양,1009
12:16:1f:03:6c:e2,가양,1009
12:16:1f:03:60:2a,가양,1009
00:40:5a:b8:81:8a,가양,1009
06:17:b2:04:7b:b6,수락산,1007
00:40:5a:e4:b4:62,수락산,1007
04:17:b2:04:7b:b4,수락산,1007
00:40:5a:e4:b4:63,수락산,1007
00:17:b2:01:aa:42,도봉산,1007
00:40:5a:bf:b1:a2,도봉산,1007
00:25:a6:a5:23:2a,도봉산,1007
00:40:5a:bf:ae:f2,도봉산,1007
00:25:a6:a5:20:05,도봉산,1007
00:17:b2:01:ab:0a,도봉산,1007
00:40:5a:bc:3c:92,도봉산,1007
00:17:b2:01:aa:40,도봉산,1007
00:40:5a:bf:b1:a3,도봉산,1007
00:25:a6:a5:23:2b,도봉산,1007
00:25:a6:a5:20:06,도봉산,1007
00:40:5a:af:7b:33,노들,1009
00:16:1f:03:84:ee,노들,1009
02:07:89:0f:da:c4,디지털미디어시티,1006
00:30:0d:7c:21:10,디지털미디어시티,1006
06:30:0d:7c:5f:01,디지털미디어시티,1006
00:30:0d:7c:5f:00,디지털미디어시티,1006
00:40:5a:bc:2d:eb,디지털미디어시티,1006
02:07:89:0f:da:bc,디지털미디어시티,1006
00:40:5a:bc:2d:ea,디지털미디어시티,1006
0a:30:0d:7c:5f:11,디지털미디어시티,1006
00:30:0d:7c:5f:10,디지털미디어시티,1006
02:07:89:0f:da:a4,디지털미디어시티,1006
00:40:5a:bf:ab:3b,디지털미디어시티,1006
00:07:89:0f:da:a4,디지털미디어시티,1006
12:16:1f:03:4d:17,월드컵경기장,1006
00:25:a6:a5:0c:e6,월드컵경기장,1006
12:16:1f:03:76:bb,월드컵경기장,1006
12:16:1f:03:76:ba,월드컵경기장,1006
00:40:5a:b7:2d:ba,월드컵경기장,1006
12:16:1f:03:55:97,월드컵경기장,1006
00:16:1f:03:c6:a3,제기동,1001
00:40:5a:b0:29:42,제기동,1001
00:07:89:14:6e:a9,제기동,1001
00:07:89:14:6e:9d,제기동,1001
12:16:1f:03:c8:cb,제기동,1001
12:16:1f:03:c8:ca,제기동,1001
12:16:1f:03:c6:a2,제기동,1001
00:07:89:14:6e:a8,제기동,1001
00:40:5a:b0:08:ca,제기동,1001
12:16:1f:03:c8:2a,제기동,1001
12:16:1f:03:c8:2b,제기동,1001
00:40:5a:b0:2b:da,제기동,1001
00:40:5a:b0:29:43,제기동,1001
02:07:89:14:6e:a9,제기동,1001
00:16:1f:03:c8:ca,제기동,1001
02:07:89:14:6e:9d,제기동,1001
00:16:1f:03:c6:a2,제기동,1001
00:16:1f:03:c8:cb,제기동,1001
00:40:5a:b0:08:cb,제기동,1001
02:07:89:14:6e:a8,제기동,1001
00:16:1f:03:c5:ab,제기동,1001
02:07:89:14:6e:9c,제기동,1001
00:16:1f:03:c8:2b,제기동,1001
00:40:5a:b0:2b:db,제기동,1001
00:40:5a:b0:36:aa,제기동,1001
00:07:89:14:6e:91,제기동,1001
12:16:1f:03:a9:6f,제기동,1001
12:16:1f:03:c5:aa,제기동,1001
00:07:89:14:6e:68,제기동,1001
02:07:89:14:6e:91,제기동,1001
00:30:0D:57:CE:CD,문래,1002
00:30:0D:57:D1:0F,문래,1002
00:30:0D:57:D3:29,문래,1002
00:30:0D:57:D5:61,문래,1002
00:30:0D:57:D2:69,문래,1002
00:30:0D:57:CE:D7,문래,1002
00:30:0D:57:D1:95,문래,1002
00:30:0D:74:D2:40,영등포구청,1002
00:30:0D:73:3A:00,영등포구청,1002
00:30:0D:81:0E:C0,영등포구청,1002
00:30:0D:74:53:E0,영등포구청,1002
00:30:0D:74:56:60,영등포구청,1002
00:30:0D:72:D8:A0,영등포구청,1002
00:30:0D:74:D0:20,영등포구청,1002
00:30:0D:78:37:40,영등포구청,1002
00:30:0D:74:CF:80,영등포구청,1002
00:16:1F:03:1D:EA,당산,1002
00:30:0D:75:D9:20,당산,1002
00:30:0D:74:CE:A0,당산,1002
00:30:0D:74:52:E0,당산,1002
00:30:0D:73:03:20,당산,1002
00:30:0D:74:33:40,당산,1002
00:30:0D:75:4C:60,합정,1002
00:30:0D:75:4E:80,합정,1002
00:30:0D:75:4D:20,합정,1002
00:30:0D:75:4C:C0,합정,1002
00:30:0D:74:C9:60,합정,1002
00:30:0D:75:CD:80,합정,1002
00:30:0D:74:5E:A0,합정,1002
00:30:0D:81:07:E0,홍대입구,1002
00:16:1F:03:20:02,홍대입구,1002
00:30:0D:74:C8:40,홍대입구,1002
00:30:0D:74:4C:E0,홍대입구,1002
00:30:0D:74:BB:00,홍대입구,1002
00:30:0D:61:06:74,신촌,1002
00:30:0D:60:F7:7A,신촌,1002
00:30:0D:60:F7:78,신촌,1002
00:30:0D:60:F7:B8,신촌,1002
00:30:0D:54:85:0F,신촌,1002
00:30:0D:60:F7:C0,신촌,1002
00:30:0D:61:06:BC,신촌,1002
00:30:0D:60:F7:B6,신촌,1002
00:30:0D:60:F7:0C,신촌,1002
10:E3:C7:04:2C:23,이대,1002
00:30:0D:74:4E:A0,이대,1002
00:30:0D:74:CF:40,이대,1002
00:30:0D:74:4E:C0,이대,1002
00:30:0D:60:ED:5A,아현,1002
00:30:0D:61:2E:6E,아현,1002
00:30:0D:5D:DB:B0,고속터미널,1009
00:30:0D:5D:D9:88,고속터미널,1009
00:30:0D:5D:CC:00,고속터미널,1009
00:30:0D:5D:CC:10,고속터미널,1009
00:30:0D:5D:DB:B6,고속터미널,1009
00:30:0D:5D:CB:FE,고속터미널,1009
00:30:0D:5D:D7:A6,사평,1009
00:30:0D:5D:D6:DE,사평,1009
00:30:0D:5D:D0:5C,사평,1009
00:30:0D:5D:D0:6E,사평,1009
00:30:0D:5D:D6:D0,사평,1009
00:30:0D:5D:D7:22,사평,1009
00:30:0D:5D:D6:EA,사평,1009
00:30:0D:5D:F0:3C,신논현,1009
00:30:0D:5D:F0:38,신논현,1009
00:30:0D:5D:CF:10,신논현,1009
00:30:0D:5D:EA:F6,신논현,1009
00:30:0D:5D:D1:0C,신논현,1009
00:30:0D:5D:EA:EA,신논현,1009
00:30:0D:5D:DE:A0,신논현,1009
00:30:0D:5D:DE:A4,신논현,1009
00:30:0D:5D:D7:B4,신논현,1009
00:30:0D:5D:CF:0C,신논현,1009
00:30:0D:5D:CF:00,신논현,1009
00:16:1F:03:7D:C7,공항시장,1009
00:16:1F:03:66:83,공항시장,1009
00:16:1F:03:81:F3,공항시장,1009
00:16:1F:03:7E:37,공항시장,1009
00:16:1F:03:82:0F,신방화,1009
00:16:1F:03:80:AF,신방화,1009
00:16:1F:03:81:D3,신방화,1009
00:16:1F:03:2B:7B,신방화,1009
00:16:1F:03:33:C3,신방화,1009
00:16:1F:03:5F:AF,신방화,1009
00:16:1F:03:80:3F,신방화,1009
00:16:1F:03:83:13,양천향교,1009
00:40:5a:bb:c0:a3,동대문역사문화공원,1002
00:30:0d:74:e0:40,동대문역사문화공원,1002
02:09:b4:61:21:ba,동대문역사문화공원,1002
00:30:0d:74:e0:50,동대문역사문화공원,1002
02:09:b4:61:20:93,동대문역사문화공원,1002
00:30:0d:74:65:20,동대문역사문화공원,1002
00:40:5a:c3:e1:5b,동대문역사문화공원,1002
00:09:b4:61:21:bb,동대문역사문화공원,1002
00:09:b4:61:20:c6,동대문역사문화공원,1002
00:40:5a:c3:df:fa,동대문역사문화공원,1002
00:40:5a:c4:09:8a,동대문역사문화공원,1002
00:40:5a:c4:0e:da,동대문역사문화공원,1002
02:09:b4:61:1e:07,동대문역사문화공원,1002
00:40:5a:bb:b1:b2,동대문역사문화공원,1002
02:09:b4:61:21:3b,동대문역사문화공원,1002
00:40:5a:bb:b1:b3,동대문역사문화공원,1002
00:30:0d:74:64:a0,동대문역사문화공원,1002
00:40:5a:c3:84:43,동대문역사문화공원,1002
0a:30:0d:74:65:31,동대문역사문화공원,1002
0a:30:0d:74:64:b1,동대문역사문화공원,1002
00:40:5a:c3:84:42,동대문역사문화공원,1002
00:30:0d:74:65:30,동대문역사문화공원,1002
00:30:0d:74:64:b0,동대문역사문화공원,1002
02:09:b4:61:21:3a,동대문역사문화공원,1002
06:30:0d:71:ff:81,건대입구,1002
0a:30:0d:71:ff:91,건대입구,1002
58:08:fa:00:2c:f3,건대입구,1002
58:08:fa:00:2c:f2,건대입구,1002
58:08:fa:00:2d:07,건대입구,1002
00:40:5a:c4:30:d2,건대입구,1002
58:08:fa:00:2d:06,건대입구,1002
00:07:89:0f:24:02,홍대입구,1002
00:30:0D:73:1B:50,신도림,1001
12:16:1f:03:66:bf,대모산입구,1075
00:16:1f:03:70:c2,대모산입구,1075
00:16:1f:03:66:be,대모산입구,1075
00:07:89:14:61:5c,대모산입구,1075
12:16:1f:03:7f:da,대모산입구,1075
00:16:1f:03:7f:da,대모산입구,1075
02:07:89:14:61:70,대모산입구,1075
00:07:89:14:61:70,대모산입구,1075
00:40:5a:bf:7b:62,대모산입구,1075
00:16:1f:03:66:bf,대모산입구,1075
00:16:1f:03:84:32,대모산입구,1075
00:40:5a:bf:7b:63,대모산입구,1075
02:07:89:14:61:5c,대모산입구,1075
00:16:1f:03:84:33,대모산입구,1075
12:16:1f:03:70:c2,대모산입구,1075
02:07:89:14:62:0c,대모산입구,1075
00:16:1f:03:2f:1e,대모산입구,1075
00:07:89:14:62:0c,대모산입구,1075
00:07:89:0f:d6:c1,수서,1075
02:07:89:0f:d6:c1,수서,1075
00:40:5a:bf:8b:ba,수서,1075
00:16:1f:03:6f:e3,수서,1075
00:40:5a:bf:8b:bb,수서,1075
00:40:5a:c0:34:93,수서,1075
12:16:1f:03:60:fe,수서,1075
00:40:5a:c0:34:92,수서,1075
12:16:1f:03:6f:e3,수서,1075
00:07:89:0f:d6:bd,수서,1075
12:16:1f:03:60:ff,수서,1075
00:16:1f:03:60:ff,수서,1075
00:40:5a:c3:b3:62,수서,1075
12:16:1f:03:6f:e2,수서,1075
12:16:1f:03:82:db,수서,1075
00:16:1f:03:6f:e2,수서,1075
02:07:89:0f:d6:c0,수서,1075
00:40:5a:c3:b3:63,수서,1075
00:40:5a:c0:44:c2,수서,1075
12:16:1f:03:82:da,수서,1075
00:07:89:0f:d6:cd,수서,1075
00:40:5a:c0:4c:ca,수서,1075
12:16:1f:03:85:3e,수서,1075
02:07:89:0f:d6:cd,수서,1075
00:40:5a:c0:44:c3,수서,1075
02:07:89:0f:d6:d8,수서,1075
00:40:5a:c0:4c:cb,수서,1075
00:07:89:0f:d6:bc,수서,1075
12:16:1f:03:85:3f,수서,1075
00:40:5a:c0:41:9a,수서,1075
00:07:89:0f:d6:d9,수서,1075
00:07:89:0f:d6:41,수서,1075
00:40:5a:bf:98:ea,태릉입구,1006
06:30:0d:84:8b:62,태릉입구,1006
00:40:5a:bf:76:a2,태릉입구,1006
00:40:5a:bf:76:a3,태릉입구,1006
00:40:5a:bf:ae:3a,태릉입구,1006
02:09:b4:61:46:62,태릉입구,1006
00:40:5a:bf:78:1a,태릉입구,1006
02:09:b4:61:41:73,태릉입구,1006
00:40:5a:bf:78:1b,태릉입구,1006
00:40:5a:bf:b9:3b,태릉입구,1006
0a:30:0d:84:8b:72,태릉입구,1006
00:40:5a:bf:ae:3b,태릉입구,1006
00:09:b4:61:43:43,태릉입구,1006
02:09:b4:61:43:43,태릉입구,1006
00:30:0d:83:a4:30,태릉입구,1006
00:40:5a:bf:b9:3a,태릉입구,1006
06:30:0d:85:19:c2,태릉입구,1006
00:30:0d:84:8b:60,태릉입구,1006
00:30:0d:84:8b:70,태릉입구,1006
00:09:b4:61:42:fb,태릉입구,1006
02:09:b4:61:42:fb,태릉입구,1006
02:09:b4:61:41:72,태릉입구,1006
00:09:b4:61:41:73,태릉입구,1006
00:09:b4:61:46:62,태릉입구,1006
00:09:b4:61:44:9e,태릉입구,1006
00:09:b4:61:42:fa,태릉입구,1006
00:30:0d:83:a4:20,태릉입구,1006
00:07:89:14:48:8d,화랑대,1006
12:16:1f:03:48:0f,화랑대,1006
00:07:89:14:4b:e5,화랑대,1006
00:40:5a:bf:91:ea,화랑대,1006
02:07:89:14:48:8d,화랑대,1006
02:07:89:14:4b:e5,화랑대,1006
02:07:89:14:48:8c,화랑대,1006
00:16:1f:03:4a:6b,화랑대,1006
00:40:5a:bf:91:eb,화랑대,1006
00:40:5a:bf:c6:eb,화랑대,1006
00:07:89:14:48:65,화랑대,1006
12:16:1f:03:75:23,화랑대,1006
00:07:89:14:47:b1,화랑대,1006
00:07:89:14:47:b0,화랑대,1006
02:07:89:14:47:b1,화랑대,1006
00:40:5a:bf:c0:73,화랑대,1006
02:07:89:14:47:b0,화랑대,1006
00:40:5a:bf:c6:ea,화랑대,1006
00:40:5a:bf:99:43,화랑대,1006
00:40:5a:bf:99:42,화랑대,1006
00:16:1f:03:75:23,화랑대,1006
02:07:89:14:4b:e4,화랑대,1006
00:16:1f:03:48:0f,화랑대,1006
00:40:5a:bf:7c:7b,화랑대,1006
0a:30:0d:74:55:b1,시청,1001
0a:30:0d:84:5e:92,시청,1001
00:30:0d:83:6e:50,홍대입구,1065
00:40:5a:c8:17:db,홍대입구,1065
02:09:b4:61:36:ce,홍대입구,1065
00:09:b4:61:36:26,홍대입구,1065
00:40:5a:c0:48:9a,홍대입구,1065
02:09:b4:61:36:27,홍대입구,1065
02:09:b4:61:36:cf,홍대입구,1065
00:30:0d:62:a3:46,공덕,1065
00:30:0d:62:b0:0e,공덕,1065
02:30:0d:62:97:04,공덕,1065
02:30:0d:62:b0:0e,공덕,1065
00:16:1f:03:7d:27,샛강,1009
00:16:1f:03:47:eb,샛강,1009
00:16:1f:03:74:3b,샛강,1009
00:16:1f:03:40:12,샛강,1009
00:16:1f:03:40:13,샛강,1009
00:16:1f:03:6b:3b,샛강,1009
00:16:1f:03:7d:bb,샛강,1009
00:16:1f:03:47:ea,샛강,1009
00:40:5a:bb:2e:b2,샛강,1009
00:40:5a:ba:f0:6b,샛강,1009
00:16:1f:03:7d:ba,샛강,1009
00:27:1c:09:a5:5b,공항화물청사,1065
02:07:89:14:6d:b1,공항화물청사,1065
02:07:89:14:6d:94,공항화물청사,1065
00:07:89:10:4a:59,공항화물청사,1065
00:27:1c:09:a5:56,공항화물청사,1065
00:27:1c:09:a5:65,공항화물청사,1065
00:07:89:14:60:c0,공항화물청사,1065
00:07:89:14:6d:85,공항화물청사,1065
00:07:89:14:6d:b1,공항화물청사,1065
00:07:89:14:6d:b0,공항화물청사,1065
02:07:89:14:6d:85,공항화물청사,1065
02:07:89:14:6d:84,공항화물청사,1065
00:40:5a:b0:36:ab,제기동,1001
00:16:1f:03:a9:6f,제기동,1001
00:16:1f:03:c5:aa,제기동,1001
02:07:89:14:6e:68,제기동,1001
12:16:1f:03:c5:ab,제기동,1001
00:07:89:14:6e:69,제기동,1001
02:07:89:14:6e:69,제기동,1001
00:16:1f:03:c8:2a,제기동,1001
00:07:89:14:6e:9c,제기동,1001
00:07:89:14:6f:11,제기동,1001
0a:30:0d:84:87:92,신설동,1001
06:30:0d:84:87:82,신설동,1001
0a:30:0d:84:f2:72,신설동,1001
00:09:b4:61:21:8b,신설동,1001
06:30:0d:84:f2:62,신설동,1001
00:40:5a:b0:24:ca,신설동,1001
00:30:0d:84:f2:70,신설동,1001
02:09:b4:61:21:8b,신설동,1001
00:40:5a:b0:24:cb,신설동,1001
00:30:0d:84:f2:60,신설동,1001
00:09:b4:61:1d:87,신설동,1001
00:09:b4:61:1d:86,신설동,1001
00:09:b4:61:21:8a,신설동,1001
00:09:b4:61:21:0f,신설동,1001
02:09:b4:61:1d:87,신설동,1001
02:09:b4:61:21:8a,신설동,1001
02:09:b4:61:20:ef,신설동,1001
0a:30:0d:85:1d:12,신설동,1001
06:30:0d:85:1d:02,신설동,1001
06:30:0d:85:17:62,신설동,1001
12:16:1f:03:82:fe,상수,1006
12:16:1f:03:4a:c2,상수,1006
12:16:1f:03:4a:c3,상수,1006
00:25:a6:a4:e3:29,상수,1006
00:40:5a:b0:3c:b2,상수,1006
00:25:a6:a4:67:14,상수,1006
12:16:1f:03:82:ff,상수,1006
12:16:1f:03:66:3b,상수,1006
12:16:1f:03:66:3a,상수,1006
00:40:5a:af:df:1a,상수,1006
00:16:1f:03:4a:c2,상수,1006
00:40:5a:b8:35:e3,내방,1007
00:40:5a:c7:b4:eb,내방,1007
00:30:0d:84:39:10,고속터미널,1009
02:09:b4:61:08:13,고속터미널,1009
00:30:0d:84:3b:f0,고속터미널,1009
02:09:b4:61:3f:67,고속터미널,1009
00:30:0d:84:3b:e0,고속터미널,1009
02:09:b4:61:14:33,고속터미널,1009
00:40:5a:af:2b:93,고속터미널,1009
00:30:0d:84:3a:a0,고속터미널,1009
00:30:0d:84:3a:b0,고속터미널,1009
02:09:b4:61:07:fb,고속터미널,1009
06:30:0d:84:3c:02,고속터미널,1009
00:40:5a:af:2c:f2,고속터미널,1009
00:09:b4:61:16:d7,고속터미널,1009
00:30:0d:84:3b:d0,고속터미널,1009
0a:30:0d:84:3b:d2,고속터미널,1009
00:40:5a:af:1b:2b,고속터미널,1009
02:09:b4:61:08:12,고속터미널,1009
02:09:b4:61:16:d7,고속터미널,1009
00:07:89:0f:23:43,양재,1003
00:40:5a:af:15:aa,양재,1003
00:40:5a:af:15:ab,양재,1003
0a:30:0d:7b:53:51,양재,1003
00:30:0d:7b:53:50,양재,1003
06:30:0d:7b:53:41,양재,1003
00:30:0d:7b:53:40,양재,1003
00:40:5a:af:3c:32,양재,1003
00:40:5a:af:3c:33,양재,1003
00:30:0d:7b:86:f0,양재,1003
02:07:89:0f:23:2f,양재,1003
00:07:89:0f:24:5f,양재,1003
0a:30:0d:80:fb:11,양재,1003
06:30:0d:80:fb:01,양재,1003
00:30:0d:80:fb:10,양재,1003
00:30:0d:80:fb:00,양재,1003
06:30:0d:7b:86:e1,양재,1003
00:07:89:0f:23:2f,양재,1003
00:07:89:0f:23:3f,양재,1003
02:07:89:0f:23:42,양재,1003
00:30:0d:7b:86:e0,양재,1003
02:07:89:0f:24:5f,양재,1003
02:07:89:0f:23:3f,양재,1003
00:40:5a:af:0e:fa,양재,1003
0a:30:0d:7b:86:f1,양재,1003
00:16:1F:03:7F:2B,가양,1009
00:16:1F:03:6C:E3,가양,1009
00:16:1F:03:80:87,가양,1009
00:16:1F:03:7E:2F,가양,1009
00:16:1F:03:60:2B,가양,1009
00:16:1F:03:18:17,여의도,1009
00:16:1F:03:18:8B,여의도,1009
00:16:1F:03:0B:0F,여의도,1009
00:16:1F:03:0B:13,여의도,1009
00:30:0D:81:64:10,여의도,1009
00:16:1F:03:20:73,여의도,1009
00:30:0D:73:46:90,동작,1009
00:30:0D:73:49:70,동작,1009
10:E3:C7:04:2F:24,동작,1009
00:30:0D:73:19:30,동작,1009
00:30:0D:74:4D:B0,동작,1009
00:30:0D:72:BB:B0,동작,1009
00:30:0D:73:48:50,동작,1009
00:30:0D:73:49:10,동작,1009
00:30:0D:74:4F:B0,동작,1009
00:30:0D:72:BD:70,동작,1009
00:25:a6:a4:60:3a,개화산,1005
00:25:a6:a4:5d:82,개화산,1005
00:25:a6:a4:60:39,개화산,1005
00:25:a6:a4:5d:83,개화산,1005
10:e3:c7:05:3e:06,개화산,1005
00:40:5a:bb:30:6b,개화산,1005
22:e3:c7:05:3d:ff,개화산,1005
00:40:5a:bb:2e:f2,개화산,1005
10:e3:c7:05:3d:ff,개화산,1005
00:40:5a:bb:2e:f3,개화산,1005
06:17:b2:04:71:9e,개화산,1005
00:07:89:10:47:7d,개화산,1005
00:40:5a:bb:23:63,개화산,1005
06:30:0d:7b:e8:e1,김포공항,1005
00:07:89:0f:d8:6d,김포공항,1005
00:07:89:0f:d8:6c,김포공항,1005
0a:30:0d:7b:e8:f1,김포공항,1005
00:40:5a:bb:0e:22,김포공항,1005
00:07:89:0f:d7:0d,김포공항,1005
00:40:5a:bb:10:82,김포공항,1005
0a:30:0d:80:36:71,김포공항,1005
00:40:5a:bb:25:0a,김포공항,1005
00:07:89:0f:d7:f1,김포공항,1005
00:07:89:0f:d7:e1,김포공항,1005
02:07:89:0f:d7:e0,김포공항,1005
00:30:0d:80:36:60,김포공항,1005
00:30:0D:63:5F:44,송파,1008
00:30:0D:61:20:9C,송파,1008
00:30:0D:61:18:26,송파,1008
00:30:0D:72:98:60,가락시장,1008
00:30:0D:73:A4:E0,가락시장,1008
00:30:0D:7A:7C:60,가락시장,1008
00:30:0D:72:73:80,가락시장,1008
00:30:0D:7A:7D:20,가락시장,1008
00:30:0D:72:5A:A0,가락시장,1008
00:30:0D:5D:DB:B8,문정,1008
00:30:0D:5D:D9:DE,문정,1008
00:30:0D:5D:CA:1E,문정,1008
00:30:0D:63:86:C6,문정,1008
00:16:1F:03:1E:BA,문정,1008
00:30:0D:63:54:0C,장지,1008
00:30:0D:60:F6:CA,장지,1008
00:30:0D:60:F7:C4,장지,1008
00:30:0D:60:F7:12,장지,1008
00:30:0D:60:E6:AA,장지,1008
00:30:0D:60:F7:72,복정,1008
00:30:0D:61:0C:7E,복정,1008
00:30:0D:61:06:50,복정,1008
00:30:0D:7A:C7:00,복정,1008
00:30:0D:5D:CD:8C,신흥,1008
00:30:0D:5D:DD:2E,신흥,1008
00:30:0D:5D:DD:24,신흥,1008
00:30:0D:5D:DD:2C,신흥,1008
00:30:0D:5D:CD:84,신흥,1008
00:30:0D:5D:DD:2A,신흥,1008
00:30:0D:61:29:98,수진,1008
00:30:0D:54:5E:DF,수진,1008
00:30:0D:54:C5:33,수진,1008
00:30:0D:5D:D7:FC,수진,1008
00:16:1f:03:60:fe,수서,1075
00:16:1f:03:85:3f,수서,1075
00:40:5a:c0:41:9b,수서,1075
00:16:1f:03:85:3e,수서,1075
02:07:89:0f:d6:bc,수서,1075
02:07:89:0f:d6:cc,수서,1075
12:16:1f:03:68:c6,면목,1007
12:16:1f:03:6c:92,면목,1007
00:16:1f:03:6c:92,면목,1007
00:40:5a:bf:f6:4b,면목,1007
12:16:1f:03:68:c7,면목,1007
00:40:5a:bf:f6:4a,면목,1007
00:25:a6:a5:23:9d,면목,1007
00:25:a6:a5:23:9e,면목,1007
00:16:1f:03:68:c6,면목,1007
0a:30:0d:7c:b4:91,상봉,1007
00:30:0d:7c:b4:90,상봉,1007
00:25:a6:a4:5d:1e,상봉,1007
00:40:5a:c0:0d:d2,상봉,1007
06:30:0d:7c:b4:81,상봉,1007
00:25:a6:a4:5d:1f,상봉,1007
00:40:5a:c0:0d:d3,상봉,1007
00:30:0d:7c:b4:80,상봉,1007
06:30:0d:7a:c6:c1,상봉,1007
00:40:5a:bf:d6:b3,상봉,1007
00:30:0d:7a:c6:c0,상봉,1007
0a:30:0d:7d:09:f1,상봉,1007
00:40:5a:bf:d6:b2,상봉,1007
00:30:0d:7b:fc:30,도곡,1003
00:40:5a:bb:93:f2,도곡,1003
06:30:0d:7b:fc:21,도곡,1003
00:40:5a:bb:93:f3,도곡,1003
02:07:89:0f:d6:08,도곡,1003
00:30:0d:7b:fc:20,도곡,1003
0a:30:0d:7d:28:91,도곡,1003
00:30:0d:7d:28:90,도곡,1003
00:07:89:0f:d6:11,도곡,1003
02:07:89:0f:d6:11,도곡,1003
00:40:5a:bb:c3:e3,도곡,1003
00:40:5a:bb:b4:6a,도곡,1003
00:40:5a:bb:b4:6b,도곡,1003
00:40:5a:bb:c3:e2,도곡,1003
12:16:1f:03:4b:43,이매,1075
00:30:0D:80:33:2F,김포공항,1005
00:30:0D:80:33:4F,김포공항,1005
00:30:0D:7B:E5:AF,김포공항,1005
00:30:0D:7D:16:EF,김포공항,1005
00:30:0D:7E:B1:0F,김포공항,1005
00:30:0D:7B:E8:EF,김포공항,1005
00:30:0D:80:36:6F,김포공항,1005
00:30:0D:62:29:37,송정,1005
00:30:0D:62:29:35,송정,1005
00:30:0D:62:2C:FF,송정,1005
00:30:0D:62:29:4D,송정,1005
00:30:0D:62:2C:FB,송정,1005
00:30:0D:61:06:A1,마곡,1005
00:30:0D:60:F7:77,마곡,1005
00:30:0D:5D:CD:6F,마곡,1005
00:30:0D:60:F7:75,마곡,1005
00:30:0D:5D:D8:73,발산,1005
00:30:0D:63:58:C1,발산,1005
00:30:0D:5D:D8:75,발산,1005
00:30:0D:5D:D6:7D,발산,1005
00:30:0D:61:1C:85,발산,1005
00:30:0D:63:58:BB,발산,1005
00:30:0D:61:34:E7,우장산,1005
00:30:0D:61:2C:89,우장산,1005
00:30:0D:61:34:C7,우장산,1005
00:30:0D:61:29:8F,우장산,1005
00:30:0D:61:2C:8D,우장산,1005
00:30:0D:61:29:AF,우장산,1005
00:30:0D:61:3D:55,화곡,1005
00:30:0D:61:30:05,화곡,1005
00:30:0D:61:3D:51,화곡,1005
00:30:0D:61:2C:25,화곡,1005
00:30:0D:61:2D:8F,화곡,1005
00:30:0D:7F:33:8F,까치산,1005
00:30:0D:80:33:8F,까치산,1005
00:30:0D:80:33:6F,까치산,1005
00:30:0D:7F:B7:AF,까치산,1005
00:30:0D:7F:BA:4F,까치산,1005
00:30:0D:61:2E:8F,신정,1005
00:30:0D:61:25:87,신정,1005
02:07:89:10:4a:59,공항화물청사,1065
02:07:89:14:6d:a8,공항화물청사,1065
00:25:a6:a4:f5:85,운서,1065
00:25:a6:a4:f5:86,운서,1065
00:25:a6:a4:ca:98,운서,1065
00:25:a6:a4:55:ea,운서,1065
00:25:a6:a4:ca:97,운서,1065
02:17:b2:02:45:fa,운서,1065
00:27:1c:09:a0:06,운서,1065
00:40:5a:c3:da:12,검암,1065
00:40:5a:c4:0c:42,검암,1065
00:40:5a:c4:0d:1a,검암,1065
00:40:5a:c3:db:ca,검암,1065
00:25:a6:a5:1e:34,검암,1065
00:40:5a:c3:db:12,검암,1065
00:40:5a:c4:0b:c2,검암,1065
00:40:5a:c3:f4:6a,검암,1065
00:25:a6:a5:8b:6d,검암,1065
00:40:5a:c4:0c:43,검암,1065
00:40:5a:c4:0d:1b,검암,1065
00:40:5a:c3:db:13,검암,1065
00:40:5a:c4:0b:c3,검암,1065
00:40:5a:c3:da:13,검암,1065
00:25:a6:a5:2f:6f,검암,1065
02:09:b4:61:26:b3,국회의사당,1009
00:16:1f:03:6e:c2,국회의사당,1009
00:09:b4:61:09:53,여의도,1009
0a:30:0d:84:f3:12,여의도,1009
00:09:b4:61:07:7b,여의도,1009
00:40:5a:b8:04:82,여의도,1009
00:40:5a:b8:3c:a3,여의도,1009
02:09:b4:61:09:2a,여의도,1009
00:30:0d:84:f3:a0,여의도,1009
00:30:0d:84:f3:b0,여의도,1009
02:09:b4:61:09:8f,여의도,1009
00:30:0d:84:4f:40,여의도,1009
00:30:0d:84:4f:50,여의도,1009
00:40:5a:ba:f1:2b,여의도,1009
00:30:0d:84:f3:30,여의도,1009
00:40:5a:bb:61:1b,여의도,1009
02:09:b4:61:09:4f,여의도,1009
00:30:0d:85:05:40,여의도,1009
00:40:5a:b8:0c:b3,여의도,1009
00:30:0d:84:f3:10,여의도,1009
02:09:b4:61:07:7b,여의도,1009
12:16:1f:03:59:1f,논현,1007
12:16:1f:03:59:1e,논현,1007
12:16:1f:03:76:c3,논현,1007
02:07:89:14:6d:4d,논현,1007
02:07:89:14:4b:f5,논현,1007
00:16:1f:03:59:1f,논현,1007
00:40:5a:b8:3c:43,논현,1007
00:40:5a:b8:3c:42,논현,1007
00:16:1f:03:55:7b,논현,1007
02:07:89:14:4b:f4,논현,1007
02:07:89:14:6d:4c,논현,1007
00:07:89:14:4b:f4,논현,1007
00:40:5a:b8:43:0a,논현,1007
00:16:1f:03:76:c3,논현,1007
00:40:5a:c8:5e:8a,한강진,1006
12:16:1f:03:60:7e,한강진,1006
00:40:5a:c8:5e:8b,한강진,1006
00:16:1f:03:80:16,서현,1075
00:40:5a:c0:21:52,서현,1075
00:07:89:14:61:14,서현,1075
00:40:5a:c0:21:53,서현,1075
00:40:5a:c0:24:ca,서현,1075
00:16:1f:03:80:7e,서현,1075
00:16:1f:03:80:7f,서현,1075
00:17:b2:6e:01:43,서현,1075
12:16:1f:03:4c:d6,수내,1075
12:16:1f:03:4c:d7,수내,1075
00:07:89:14:61:bd,수내,1075
12:16:1f:03:69:02,수내,1075
00:40:5a:c0:52:42,수내,1075
12:16:1f:03:69:03,수내,1075
00:40:5a:c0:4e:6a,수내,1075
00:07:89:14:61:a9,수내,1075
12:16:1f:03:55:6e,수내,1075
00:07:89:14:61:a8,수내,1075
00:07:89:14:61:cd,수내,1075
0a:30:0d:84:f8:72,가락시장,1008
00:30:0d:84:f1:30,가락시장,1008
00:30:0d:84:f8:70,가락시장,1008
00:07:89:0f:d9:ec,가락시장,1008
00:40:5a:ba:ea:da,가락시장,1008
00:40:5a:ba:d4:12,가락시장,1008
02:07:89:0f:d9:ec,가락시장,1008
00:07:89:0f:d9:f4,가락시장,1008
00:40:5a:af:36:7b,양재,1003
00:40:5a:af:36:7a,양재,1003
00:07:89:0f:23:3e,양재,1003
02:07:89:0f:23:3e,양재,1003
00:40:5a:af:38:42,양재,1003
00:07:89:0f:23:2a,양재,1003
00:40:5a:af:0e:fb,양재,1003
00:40:5a:af:38:43,양재,1003
00:1e:b2:92:c2:aa,양재,1003
00:40:5a:af:24:ab,양재,1003
00:07:89:0f:23:2b,양재,1003
00:40:5a:af:24:aa,양재,1003
00:07:89:0f:23:42,양재,1003
00:16:1f:03:64:7f,서현,1075
00:40:5a:c0:20:c2,서현,1075
00:40:5a:c0:20:c3,서현,1075
00:07:89:14:61:00,서현,1075
00:16:1f:03:82:93,서현,1075
00:16:1f:03:64:7e,서현,1075
00:17:b2:6e:01:9f,서현,1075
00:07:89:14:61:25,서현,1075
00:07:89:14:61:3d,서현,1075
12:16:1f:03:6a:bf,서현,1075
00:40:5a:c0:24:d2,서현,1075
02:07:89:14:61:25,서현,1075
02:07:89:14:61:3d,서현,1075
00:16:1f:03:6a:bf,서현,1075
00:40:5a:c0:24:d3,서현,1075
12:16:1f:03:64:7e,서현,1075
12:16:1f:03:82:92,서현,1075
12:16:1f:03:82:93,서현,1075
00:40:5a:c0:25:f2,서현,1075
12:16:1f:03:6a:be,서현,1075
12:16:1f:03:87:3e,서현,1075
00:40:5a:af:29:43,흑석,1009
12:16:1f:03:58:1f,흑석,1009
00:16:1f:03:58:1f,흑석,1009
00:40:5a:af:56:9a,흑석,1009
00:40:5a:af:46:7b,흑석,1009
00:40:5a:c3:79:0a,흑석,1009
00:07:89:10:4c:30,흑석,1009
00:40:5a:af:0f:13,흑석,1009
00:09:b4:61:18:63,동작,1009
0a:30:0d:84:4b:92,동작,1009
00:40:5a:af:47:5a,동작,1009
00:07:89:0e:bb:db,동작,1009
0a:30:0d:84:4c:12,동작,1009
00:30:0d:71:e9:10,남부터미널,1003
02:07:89:0f:24:13,남부터미널,1003
02:07:89:0f:24:1a,남부터미널,1003
00:40:5a:af:37:eb,남부터미널,1003
00:40:5a:af:37:ea,남부터미널,1003
00:30:0d:71:e9:00,남부터미널,1003
00:07:89:0f:24:26,남부터미널,1003
02:07:89:0f:24:26,남부터미널,1003
00:07:89:0f:24:32,남부터미널,1003
00:07:89:0f:24:12,남부터미널,1003
06:30:0d:72:13:e1,남부터미널,1003
00:40:5a:af:17:0a,남부터미널,1003
00:30:0d:72:13:f0,남부터미널,1003
00:40:5a:af:17:0b,남부터미널,1003
02:07:89:0f:24:2b,남부터미널,1003
00:07:89:0f:24:2b,남부터미널,1003
0a:30:0d:72:52:d1,남부터미널,1003
00:30:0d:72:52:d0,남부터미널,1003
00:40:5a:af:3a:23,남부터미널,1003
0a:30:0d:72:f2:51,남부터미널,1003
00:30:0d:72:f2:50,남부터미널,1003
00:16:1f:03:54:ae,미금,1075
00:16:1f:03:54:af,미금,1075
02:07:89:14:61:45,미금,1075
00:40:5a:c7:b0:33,미금,1075
00:16:1f:03:5e:96,미금,1075
00:40:5a:c8:5a:eb,미금,1075
00:40:5a:c0:50:b3,미금,1075
12:16:1f:03:7d:07,미금,1075
00:16:1f:03:7d:07,미금,1075
12:16:1f:03:5e:97,미금,1075
00:07:89:14:61:09,미금,1075
12:16:1f:03:6b:ef,미금,1075
02:07:89:14:61:44,미금,1075
12:16:1f:03:7d:06,미금,1075
12:16:1f:03:41:43,미금,1075
00:40:5a:c0:21:22,미금,1075
00:16:1f:03:5e:97,미금,1075
00:16:1f:03:7d:06,미금,1075
00:16:1f:03:61:83,미금,1075
00:16:1f:03:61:82,미금,1075
00:30:0D:54:60:49,수진,1008
00:30:0D:61:3B:C4,수진,1008
00:30:0D:54:60:E5,모란,1008
00:30:0D:54:54:69,모란,1008
00:30:0D:63:5D:66,모란,1008
00:30:0D:5D:FA:88,모란,1008
00:27:1C:08:C5:0A,모란,1008
00:30:0D:7E:52:10,천호,1008
00:30:0D:7E:40:B0,천호,1008
00:30:0D:7E:24:D0,천호,1008
00:30:0D:7E:51:B0,천호,1008
00:30:0D:7E:5D:30,천호,1008
00:30:0D:74:31:70,잠실,1008
00:30:0D:75:C7:50,잠실,1008
00:30:0D:72:22:70,잠실,1008
00:30:0D:74:65:50,잠실,1008
00:30:0D:74:49:F0,잠실,1008
00:30:0D:7E:46:B0,잠실,1008
00:30:0D:73:1A:30,잠실,1008
00:30:0D:81:05:F0,잠실,1008
00:30:0D:79:EC:10,석촌,1008
00:30:0D:72:98:70,가락시장,1008
00:30:0D:73:A4:F0,가락시장,1008
00:30:0D:7A:7C:70,가락시장,1008
00:30:0D:72:73:90,가락시장,1008
00:30:0D:7A:7D:30,가락시장,1008
00:30:0D:72:5A:B0,가락시장,1008
00:16:1F:03:1E:BB,문정,1008
00:30:0D:7A:C7:10,복정,1008
00:16:1F:03:80:50,공항시장,1009
00:16:1F:03:7D:C4,공항시장,1009
00:16:1F:03:5E:AC,공항시장,1009
00:16:1F:03:66:80,공항시장,1009
00:16:1F:03:81:F0,공항시장,1009
00:16:1F:03:7E:34,공항시장,1009
00:16:1F:03:82:0C,신방화,1009
00:16:1F:03:80:AC,신방화,1009
00:16:1F:03:81:D0,신방화,1009
00:16:1F:03:2B:78,신방화,1009
00:16:1F:03:33:C0,신방화,1009
00:16:1F:03:5F:AC,신방화,1009
00:16:1F:03:80:3C,신방화,1009
00:16:1F:03:7F:FC,양천향교,1009
00:16:1F:03:7D:CC,양천향교,1009
00:16:1F:03:81:60,양천향교,1009
00:16:1F:03:81:64,양천향교,1009
00:16:1F:03:83:10,양천향교,1009
00:16:1F:03:3D:AC,양천향교,1009
00:16:1F:03:7F:28,가양,1009
00:30:0D:5D:D7:A3,가양,1009
00:30:0D:5D:D9:8A,청담,1007
00:30:0D:5D:DA:8E,청담,1007
00:30:0D:5D:DA:CA,청담,1007
00:30:0D:5D:C9:EC,청담,1007
00:30:0D:5D:D9:D0,청담,1007
00:30:0D:5D:CA:14,청담,1007
00:30:0D:5D:D9:86,청담,1007
00:30:0D:57:D6:53,강남구청,1007
00:27:1C:13:82:A6,강남구청,1007
00:30:0D:57:D3:47,강남구청,1007
00:30:0D:57:D6:57,강남구청,1007
00:30:0D:57:D5:65,강남구청,1007
00:30:0D:57:D3:3D,강남구청,1007
00:30:0D:57:D3:41,강남구청,1007
00:30:0D:57:D5:67,강남구청,1007
00:30:0D:61:2D:96,학동,1007
00:30:0D:61:3C:76,학동,1007
00:30:0D:61:38:56,학동,1007
00:30:0D:7B:0D:A0,학동,1007
00:30:0D:61:1F:1A,학동,1007
00:30:0D:61:39:AC,학동,1007
00:30:0D:5D:D7:52,논현,1007
00:30:0D:63:59:B0,논현,1007
00:30:0D:62:35:B4,논현,1007
00:30:0D:5D:CB:EA,논현,1007
00:30:0D:61:1C:BA,논현,1007
00:30:0D:61:21:3C,반포,1007
00:30:0D:61:18:22,반포,1007
00:30:0D:61:1D:33,신정,1005
00:30:0D:61:20:91,신정,1005
00:30:0D:61:20:93,신정,1005
00:30:0D:61:03:9D,목동,1005
00:30:0D:61:0C:F9,목동,1005
00:30:0D:60:F3:99,목동,1005
00:30:0D:61:03:8F,목동,1005
00:30:0D:61:03:A1,목동,1005
00:30:0D:61:1D:A9,오목교,1005
00:30:0D:61:25:C1,오목교,1005
00:30:0D:61:1D:6B,오목교,1005
00:30:0D:61:1D:A7,오목교,1005
00:30:0D:61:36:FF,오목교,1005
00:30:0D:60:F5:27,양평,1005
00:30:0D:60:F5:07,양평,1005
00:30:0D:60:EB:39,양평,1005
00:30:0D:61:0D:1B,양평,1005
00:30:0D:60:EB:3D,양평,1005
00:30:0D:60:F5:0F,양평,1005
00:30:0D:75:4E:2F,영등포구청,1005
00:30:0D:73:2E:8F,영등포구청,1005
00:30:0D:73:02:0F,영등포구청,1005
00:30:0D:71:C7:EF,영등포구청,1005
00:30:0D:75:50:AF,영등포구청,1005
00:30:0D:72:24:6F,영등포구청,1005
00:30:0D:76:DB:AF,영등포구청,1005
00:30:0D:61:25:59,영등포시장,1005
00:30:0D:61:29:29,영등포시장,1005
00:30:0D:61:25:51,영등포시장,1005
00:30:0D:61:1D:07,영등포시장,1005
00:30:0D:61:36:D3,영등포시장,1005
00:30:0D:61:1D:01,영등포시장,1005
00:30:0D:61:1D:03,영등포시장,1005
00:30:0D:61:29:B1,영등포시장,1005
00:16:1F:03:1F:B8,신길,1005
00:16:1F:03:0D:F8,신길,1005
00:16:1F:03:1E:C4,신길,1005
00:16:1F:03:12:44,신길,1005
00:16:1F:03:1F:14,신길,1005
00:16:1F:03:20:6C,신길,1005
00:16:1F:03:08:90,신길,1005
00:16:1F:03:1E:88,신길,1005
00:30:0D:61:2F:DB,면목,1007
00:30:0D:61:2C:83,면목,1007
00:30:0D:60:ED:55,면목,1007
00:30:0D:61:2A:3B,면목,1007
00:30:0D:61:37:31,면목,1007
00:30:0D:61:2C:CF,면목,1007
00:30:0D:61:06:5F,사가정,1007
00:30:0D:61:06:4B,사가정,1007
00:30:0D:60:F7:3F,사가정,1007
00:30:0D:60:F7:1B,사가정,1007
00:30:0D:61:06:63,사가정,1007
00:30:0D:61:36:A1,용마산,1007
00:30:0D:61:36:F5,용마산,1007
00:30:0D:61:2B:AD,용마산,1007
00:30:0D:61:36:97,용마산,1007
00:30:0D:61:29:49,중곡,1007
00:30:0D:61:29:B3,중곡,1007
00:30:0D:61:2C:1D,중곡,1007
00:30:0D:61:2B:E3,중곡,1007
00:30:0D:61:29:9F,중곡,1007
00:30:0D:80:25:CF,군자,1007
00:30:0D:80:18:AF,군자,1007
00:30:0D:7E:9F:2F,군자,1007
00:30:0D:7E:B4:CF,군자,1007
00:30:0D:7F:1D:2F,군자,1007
00:30:0D:7F:35:CF,군자,1007
00:30:0D:57:D6:36,어린이대공원,1007
00:30:0D:57:D1:F8,어린이대공원,1007
00:30:0D:57:D3:26,어린이대공원,1007
00:30:0D:57:D5:16,어린이대공원,1007
00:30:0D:57:D1:FA,어린이대공원,1007
00:30:0D:57:D1:FC,어린이대공원,1007
00:30:0D:57:D5:18,어린이대공원,1007
00:30:0D:72:E3:AF,건대입구,1007
00:30:0D:72:E3:6F,건대입구,1007
02:07:89:0f:da:01,가락시장,1008
00:40:5a:ba:ea:db,가락시장,1008
02:07:89:0f:d9:ed,가락시장,1008
02:07:89:0f:d9:e5,가락시장,1008
00:40:5a:bb:22:f2,가락시장,1008
00:40:5a:bb:22:f3,가락시장,1008
00:30:0d:84:f6:10,가락시장,1008
06:30:0d:84:f8:c2,가락시장,1008
02:17:b2:02:68:ae,문정,1008
12:16:1f:03:82:83,문정,1008
00:40:5a:ba:e9:d2,문정,1008
12:16:1f:03:82:82,문정,1008
00:07:89:14:6c:85,문정,1008
00:07:89:14:6c:71,문정,1008
12:16:1f:03:5c:7f,문정,1008
00:16:1f:03:82:83,문정,1008
00:16:1f:03:82:82,문정,1008
00:40:5a:ba:e9:d3,문정,1008
02:07:89:14:6c:85,문정,1008
02:07:89:14:6c:71,문정,1008
00:16:1f:03:5c:7f,문정,1008
00:16:1f:03:80:d2,문정,1008
12:16:1f:03:5c:7e,문정,1008
00:07:89:14:6c:49,문정,1008
02:07:89:14:6c:49,문정,1008
12:16:1f:03:80:d3,문정,1008
00:16:1f:03:5c:7e,문정,1008
00:07:89:14:6c:84,문정,1008
02:07:89:0f:d8:68,총신대입구(이수),1007
00:30:0d:84:fb:30,총신대입구(이수),1007
00:40:5a:bc:3c:9b,총신대입구(이수),1007
00:40:5a:bf:78:db,총신대입구(이수),1007
00:07:89:0f:d8:60,총신대입구(이수),1007
00:07:89:0f:d8:70,총신대입구(이수),1007
0a:30:0d:84:e9:d2,총신대입구(이수),1007
00:40:5a:bf:78:da,총신대입구(이수),1007
02:07:89:0f:d8:70,총신대입구(이수),1007
00:40:5a:bc:45:93,총신대입구(이수),1007
00:07:89:0f:d8:64,총신대입구(이수),1007
00:40:5a:bf:81:0a,총신대입구(이수),1007
02:07:89:0f:d8:64,총신대입구(이수),1007
02:07:89:0f:d8:65,총신대입구(이수),1007
00:40:5a:bf:a5:6b,총신대입구(이수),1007
0a:30:0d:84:55:52,총신대입구(이수),1007
00:40:5a:bf:81:0b,총신대입구(이수),1007
00:07:89:0f:d8:61,총신대입구(이수),1007
00:09:b4:61:42:4b,고속터미널,1003
02:09:b4:61:42:4b,고속터미널,1003
02:09:b4:61:42:4a,고속터미널,1003
0a:30:0d:83:9f:32,고속터미널,1003
0a:30:0d:83:93:d2,고속터미널,1003
00:09:b4:61:42:4a,고속터미널,1003
06:30:0d:83:9f:22,고속터미널,1003
00:30:0d:83:93:d0,고속터미널,1003
00:09:b4:61:4d:ef,고속터미널,1003
00:40:5a:af:3b:e2,고속터미널,1003
06:30:0d:83:a0:e2,고속터미널,1003
00:30:0d:83:9f:20,고속터미널,1003
06:30:0d:83:6c:e2,고속터미널,1003
12:16:1f:03:28:0e,반포,1007
00:07:89:14:49:61,반포,1007
06:30:0d:7c:c0:41,상봉,1007
00:25:a6:a4:33:bb,상봉,1007
0a:30:0d:7c:ad:51,상봉,1007
0a:30:0d:7c:c0:51,상봉,1007
00:40:5a:bf:e8:2a,상봉,1007
00:30:0d:7c:c0:40,상봉,1007
00:25:a6:a5:2c:04,상봉,1007
00:30:0d:7c:ad:50,상봉,1007
00:30:0d:7c:c0:50,상봉,1007
00:25:a6:a4:5c:fb,상봉,1007
00:25:a6:a4:5c:fc,상봉,1007
02:09:b4:61:47:a3,상봉,1007
00:25:a6:a4:58:73,상봉,1007
00:40:5a:c0:59:9a,상봉,1007
12:16:1f:03:6f:2b,중화,1007
12:16:1f:03:78:07,중화,1007
00:16:1f:03:78:07,중화,1007
00:25:a6:a4:2d:03,중화,1007
00:40:5a:c0:10:42,중화,1007
12:16:1f:03:78:06,중화,1007
00:25:a6:a4:2d:04,중화,1007
00:40:5a:b7:7b:43,염창,1009
00:16:1f:03:87:a6,염창,1009
00:25:a6:a4:f3:32,염창,1009
00:40:5a:c0:21:23,미금,1075
00:07:89:14:61:31,미금,1075
00:40:5a:c7:b0:c2,미금,1075
02:07:89:14:61:31,미금,1075
02:07:89:14:61:09,미금,1075
00:40:5a:c7:b0:c3,미금,1075
00:07:89:14:61:44,미금,1075
00:07:89:14:61:2d,미금,1075
12:16:1f:03:61:82,미금,1075
00:40:5a:c0:24:a2,미금,1075
00:16:1f:03:6b:ef,미금,1075
00:16:1f:03:41:43,미금,1075
02:07:89:14:61:2d,미금,1075
00:40:5a:c0:24:a3,미금,1075
00:07:89:14:61:1c,미금,1075
00:16:1f:03:41:42,미금,1075
12:16:1f:03:6b:ee,미금,1075
02:17:b2:02:4b:3a,인천국제공항,1065
02:07:89:14:60:c5,인천국제공항,1065
04:17:b2:04:4b:38,인천국제공항,1065
04:17:b2:04:4b:2c,인천국제공항,1065
00:25:a6:a3:ef:71,인천국제공항,1065
02:07:89:14:6d:8d,인천국제공항,1065
02:07:89:14:60:c4,인천국제공항,1065
04:17:b2:04:4b:50,인천국제공항,1065
00:25:a6:a3:ef:74,인천국제공항,1065
02:17:b2:02:4b:38,인천국제공항,1065
02:07:89:10:50:6c,인천국제공항,1065
00:07:89:14:60:bd,인천국제공항,1065
00:25:a6:a3:ef:72,인천국제공항,1065
00:07:89:14:6d:c1,인천국제공항,1065
06:40:5a:cd:73:0a,인천국제공항,1065
00:40:5a:e4:c2:23,인천국제공항,1065
02:07:89:14:60:bd,인천국제공항,1065
02:07:89:14:6d:c1,인천국제공항,1065
00:07:89:14:6d:8d,인천국제공항,1065
00:40:5a:e4:c2:22,인천국제공항,1065
00:09:b4:61:3d:57,고속터미널,1007
00:40:5a:b7:a2:62,고속터미널,1007
00:09:b4:61:3d:56,고속터미널,1007
02:09:b4:61:3c:cb,고속터미널,1007
02:09:b4:61:3c:ca,고속터미널,1007
00:40:5a:b7:a2:63,고속터미널,1007
02:07:89:14:48:89,반포,1007
00:16:1f:03:28:0e,반포,1007
00:40:5a:b7:97:fa,반포,1007
12:16:1f:03:69:36,반포,1007
12:16:1f:03:69:37,반포,1007
00:07:89:14:48:88,반포,1007
00:07:89:14:49:7d,반포,1007
12:16:1f:03:28:0f,반포,1007
00:40:5a:c0:50:f2,모란,1075
00:40:5a:c0:51:72,모란,1075
00:30:0d:76:6f:10,압구정,1003
00:40:5a:af:2e:1b,압구정,1003
02:07:89:0f:23:52,압구정,1003
00:40:5a:af:23:13,압구정,1003
00:07:89:0f:23:52,압구정,1003
00:40:5a:af:1f:5a,압구정,1003
00:07:89:0f:23:57,압구정,1003
00:40:5a:b0:21:c2,압구정,1003
00:40:5a:af:0c:92,압구정,1003
0a:30:0d:75:47:71,압구정,1003
00:07:89:0f:23:56,압구정,1003
06:30:0d:75:47:61,압구정,1003
00:40:5a:af:2e:32,압구정,1003
06:30:0d:80:ff:01,압구정,1003
02:07:89:0f:23:53,압구정,1003
00:40:5a:af:1f:5b,압구정,1003
00:30:0d:76:6f:00,압구정,1003
00:40:5a:b0:21:c3,압구정,1003
02:07:89:0f:23:57,압구정,1003
00:07:89:14:61:0d,이매,1075
02:07:89:14:61:0d,이매,1075
00:40:5a:c0:32:2b,이매,1075
00:40:5a:c0:32:2a,이매,1075
12:16:1f:03:4b:42,이매,1075
00:40:5a:c0:32:52,이매,1075
00:16:1f:03:2a:9b,이매,1075
00:40:5a:c0:2e:6a,이매,1075
00:40:5a:c0:2e:6b,이매,1075
00:07:89:14:61:10,이매,1075
12:16:1f:03:3a:ae,이매,1075
00:16:1f:03:4b:42,이매,1075
00:16:1f:03:2a:9a,이매,1075
12:16:1f:03:2a:9a,이매,1075
12:16:1f:03:7d:83,이매,1075
00:30:0D:61:20:88,반포,1007
00:30:0D:61:21:2C,반포,1007
00:30:0D:81:4F:60,고속터미널,1007
00:30:0D:72:1F:80,고속터미널,1007
00:30:0D:72:DE:40,고속터미널,1007
00:30:0D:80:FF:20,고속터미널,1007
00:30:0D:72:E5:C0,고속터미널,1007
00:30:0D:75:CC:80,고속터미널,1007
00:30:0D:72:E0:A0,고속터미널,1007
00:30:0D:74:36:00,고속터미널,1007
00:30:0D:74:D9:80,고속터미널,1007
00:30:0D:63:5E:08,내방,1007
00:30:0D:63:63:0C,내방,1007
00:30:0D:63:64:F2,내방,1007
00:30:0D:62:29:92,내방,1007
00:30:0D:75:50:20,총신대입구(이수),1007
10:E3:C7:04:2F:27,총신대입구(이수),1007
00:30:0D:75:50:00,총신대입구(이수),1007
00:30:0D:75:51:00,총신대입구(이수),1007
00:30:0D:75:CF:20,총신대입구(이수),1007
00:30:0D:73:0B:A0,총신대입구(이수),1007
00:30:0D:74:4F:E0,총신대입구(이수),1007
00:30:0D:81:64:60,총신대입구(이수),1007
00:30:0D:61:18:CA,남성,1007
00:30:0D:61:18:30,남성,1007
00:16:1F:03:1C:DE,남성,1007
00:30:0D:61:18:C8,남성,1007
00:30:0D:61:18:CC,남성,1007
00:30:0D:57:D2:45,숭실대입구,1007
00:30:0D:57:D6:55,숭실대입구,1007
00:30:0D:5D:EA:76,숭실대입구,1007
00:30:0D:57:D2:49,숭실대입구,1007
00:30:0D:57:D5:6F,숭실대입구,1007
00:30:0D:57:D2:B1,숭실대입구,1007
00:30:0D:5D:EF:78,상도,1007
00:30:0D:5D:EA:F0,상도,1007
00:30:0D:5D:EA:E6,상도,1007
00:30:0D:5D:F0:1C,상도,1007
00:30:0D:5D:EA:F2,상도,1007
00:30:0D:5D:EA:E4,상도,1007
00:30:0D:61:29:F2,장승배기,1007
00:30:0D:61:29:AA,장승배기,1007
00:30:0D:61:1C:F4,장승배기,1007
00:30:0D:61:25:0E,장승배기,1007
00:30:0D:61:34:E8,장승배기,1007
00:30:0D:61:34:D4,장승배기,1007
00:30:0D:61:34:DC,장승배기,1007
00:30:0D:61:29:E6,장승배기,1007
00:30:0D:63:7C:46,신대방삼거리,1007
00:30:0D:5D:CB:E6,신대방삼거리,1007
00:30:0D:5D:CB:F8,신대방삼거리,1007
00:30:0D:5D:DB:9E,신대방삼거리,1007
00:30:0D:75:D9:A0,삼각지,1004
00:30:0D:5D:CC:3C,신대방삼거리,1007
00:30:0D:61:29:88,미아삼거리,1004
00:30:0D:81:12:E0,길음,1004
00:30:0D:61:1D:EE,길음,1004
00:30:0D:61:26:2A,길음,1004
00:30:0D:61:2B:CC,길음,1004
00:30:0D:61:24:14,길음,1004
00:1D:93:0B:B0:98,성신여대입구,1004
00:30:0D:7A:98:80,성신여대입구,1004
00:30:0D:7A:F6:80,성신여대입구,1004
00:30:0D:7D:07:C0,성신여대입구,1004
00:30:0D:7C:0F:C0,성신여대입구,1004
00:30:0D:7D:08:80,성신여대입구,1004
00:30:0D:7A:C6:20,성신여대입구,1004
00:30:0D:78:4E:20,성신여대입구,1004
00:30:0D:78:0C:00,성신여대입구,1004
00:30:0D:7B:98:C0,성신여대입구,1004
00:30:0D:61:2C:50,한성대입구,1004
00:30:0D:60:FB:36,한성대입구,1004
00:30:0D:60:E7:06,한성대입구,1004
00:30:0D:61:30:28,한성대입구,1004
00:30:0D:61:39:B0,한성대입구,1004
00:30:0D:72:E3:8F,건대입구,1007
00:30:0D:73:3A:CF,건대입구,1007
00:17:B2:00:BD:D8,뚝섬유원지,1007
00:17:B2:00:BE:A2,뚝섬유원지,1007
00:17:B2:00:BE:24,뚝섬유원지,1007
00:17:B2:00:BD:BA,뚝섬유원지,1007
00:17:B2:00:BE:7E,뚝섬유원지,1007
00:17:B2:00:BE:4E,뚝섬유원지,1007
00:30:0D:5D:CD:95,청담,1007
00:30:0D:61:16:D3,청담,1007
00:30:0D:5D:DD:21,청담,1007
00:30:0D:61:2D:A5,청담,1007
00:30:0D:5D:CB:D9,청담,1007
00:30:0D:5D:D9:8B,청담,1007
00:30:0D:5D:DA:8F,청담,1007
00:30:0D:5D:DA:CB,청담,1007
00:30:0D:5D:C9:ED,청담,1007
00:30:0D:5D:D9:D1,청담,1007
00:30:0D:5D:CA:15,청담,1007
00:30:0D:5D:D9:87,청담,1007
00:30:0D:57:D6:54,강남구청,1007
00:27:1C:13:82:A4,강남구청,1007
00:30:0D:57:D3:48,강남구청,1007
00:30:0D:57:D6:58,강남구청,1007
00:30:0D:57:D5:66,강남구청,1007
00:30:0D:57:D3:3E,강남구청,1007
00:30:0D:57:D3:42,강남구청,1007
00:30:0D:57:D5:68,강남구청,1007
00:30:0D:61:2D:97,학동,1007
00:30:0D:61:3C:77,학동,1007
00:30:0D:61:38:57,학동,1007
00:30:0D:7B:0D:AF,학동,1007
00:30:0D:61:1F:1B,학동,1007
00:30:0D:61:39:AD,학동,1007
00:30:0D:5D:D7:53,논현,1007
00:30:0D:63:59:B1,논현,1007
00:30:0D:62:35:B5,논현,1007
00:30:0D:5D:D0:BD,논현,1007
00:30:0D:5D:D9:A7,논현,1007
00:30:0D:5D:DA:85,논현,1007
00:30:0D:5D:CB:EB,논현,1007
00:30:0D:61:1C:BB,논현,1007
00:30:0D:61:20:8B,반포,1007
00:30:0D:61:18:1D,반포,1007
00:30:0D:61:21:3D,반포,1007
00:30:0D:61:39:E1,반포,1007
00:17:B2:01:AE:C0,금정,1001
00:30:0D:72:BB:50,신도림,1001
00:30:0D:73:5E:30,신도림,1001
00:30:0D:72:E7:90,신도림,1001
00:30:0D:73:0C:10,신도림,1001
00:30:0D:73:5E:B0,신도림,1001
00:30:0D:73:1B:30,신도림,1001
00:30:0D:72:E6:30,신도림,1001
00:30:0D:74:DB:EF,시청,1002
00:30:0D:74:C4:CF,시청,1002
00:30:0D:74:61:4F,시청,1002
00:30:0D:74:61:AF,시청,1002
00:30:0D:74:C3:EF,시청,1002
00:30:0D:74:46:CF,시청,1002
00:30:0D:74:CA:8F,시청,1002
00:30:0D:74:47:4F,시청,1002
00:30:0D:74:DC:2F,시청,1002
00:30:0D:7C:8C:AF,시청,1002
00:30:0D:71:F0:8F,을지로입구,1002
00:30:0D:75:CD:2F,을지로입구,1002
00:30:0D:72:FF:2F,을지로입구,1002
00:30:0D:75:4E:6F,을지로입구,1002
00:30:0D:61:0E:8F,을지로입구,1002
00:30:0D:61:03:B7,을지로입구,1002
00:30:0D:61:0E:6D,을지로입구,1002
00:30:0D:60:D6:1D,을지로입구,1002
00:30:0D:61:02:67,을지로입구,1002
00:30:0D:74:C8:0F,을지로입구,1002
00:30:0D:72:2C:AF,을지로입구,1002
00:30:0D:71:BF:0F,을지로입구,1002
00:30:0D:71:BB:4F,을지로입구,1002
00:30:0D:54:85:2A,을지로입구,1002
00:30:0D:75:C2:4F,을지로3가,1002
00:30:0D:78:45:AF,을지로3가,1002
00:30:0D:73:37:CF,을지로3가,1002
00:30:0D:61:03:BB,을지로3가,1002
00:30:0D:60:F5:1F,을지로3가,1002
12:16:1f:03:4e:0a,염창,1009
00:40:5a:b7:7b:5a,염창,1009
00:40:5a:b7:6d:db,염창,1009
00:40:5a:b7:6d:da,염창,1009
00:40:5a:b7:7b:42,염창,1009
00:40:5a:b7:d9:f2,염창,1009
00:30:0d:58:8c:4c,염창,1009
00:40:5a:b7:6b:da,염창,1009
00:25:a6:a4:f3:33,염창,1009
02:07:89:10:55:3d,염창,1009
00:16:1f:03:4e:0a,염창,1009
00:25:a6:a4:d3:8e,염창,1009
12:16:1f:03:87:a7,염창,1009
00:25:a6:a4:f1:2a,염창,1009
00:25:a6:a4:f3:eb,염창,1009
00:07:89:10:55:3d,염창,1009
00:25:a6:a4:d3:8f,염창,1009
00:40:5a:b7:7b:5b,염창,1009
00:16:1f:03:35:f2,염창,1009
00:40:5a:b7:d9:f3,염창,1009
00:25:a6:a4:f3:ec,염창,1009
00:25:a6:a4:f1:2b,염창,1009
02:17:b2:02:55:e2,신목동,1009
06:17:b2:04:55:e2,신목동,1009
06:17:b2:04:50:4e,신목동,1009
04:17:b2:04:55:e0,신목동,1009
02:17:b2:02:55:e0,신목동,1009
04:17:b2:04:50:4c,신목동,1009
12:16:1f:03:6d:6b,신목동,1009
00:25:a6:a4:d3:2a,신목동,1009
00:40:5a:bb:25:3a,신목동,1009
12:16:1f:03:6d:6a,신목동,1009
00:40:5a:bb:10:da,신목동,1009
12:16:1f:03:6f:bf,신목동,1009
12:16:1f:03:34:0b,신목동,1009
10:e3:c7:05:0b:aa,대치,1003
00:40:5a:af:3b:db,대치,1003
02:07:89:14:48:b5,대치,1003
02:07:89:14:48:a8,대치,1003
10:e3:c7:05:67:67,대치,1003
10:e3:c7:05:67:66,대치,1003
00:07:89:14:48:e0,대치,1003
00:40:5a:af:0d:6a,대치,1003
22:e3:c7:05:67:66,대치,1003
00:07:89:14:48:b4,대치,1003
12:16:1f:03:3d:ea,대치,1003
02:07:89:14:48:e0,대치,1003
00:40:5a:af:3e:9b,대치,1003
00:40:5a:af:0d:6b,대치,1003
02:07:89:14:48:b4,대치,1003
00:16:1f:03:3d:eb,대치,1003
00:40:5a:af:15:3b,대치,1003
00:40:5a:af:15:3a,대치,1003
12:16:1f:03:3d:eb,대치,1003
00:07:89:0f:d6:09,도곡,1003
0a:30:0d:7b:fc:31,도곡,1003
02:07:89:0f:d6:09,도곡,1003
02:09:b4:61:09:53,여의도,1009
00:30:0d:84:f3:20,여의도,1009
02:09:b4:61:09:4e,여의도,1009
00:30:0d:84:fd:e0,여의도,1009
00:40:5a:b8:25:8b,여의도,1009
00:40:5a:b8:04:83,여의도,1009
0a:30:0d:84:f3:32,여의도,1009
00:09:b4:61:09:4e,여의도,1009
00:09:b4:61:09:52,여의도,1009
02:09:b4:61:09:52,여의도,1009
0a:30:0d:84:4f:52,여의도,1009
00:09:b4:61:09:8f,여의도,1009
00:09:b4:61:09:2a,여의도,1009
0a:30:0d:85:05:52,여의도,1009
00:16:1f:03:71:9b,신목동,1009
58:08:fa:00:03:8e,선정릉,1075
5a:08:fa:00:03:8f,선정릉,1075
58:08:fa:00:08:7b,선정릉,1075
58:08:fa:00:3f:c3,선정릉,1075
12:e3:c7:04:2b:d4,선정릉,1075
0a:0e:47:01:29:f2,선정릉,1075
10:e3:c7:04:2b:e4,선정릉,1075
5a:08:fa:00:08:7b,선정릉,1075
10:e3:c7:04:2b:e3,선정릉,1075
10:e3:c7:04:2b:dc,선정릉,1075
5a:08:fa:00:3f:c3,선정릉,1075
10:e3:c7:04:2b:d4,선정릉,1075
0e:0e:47:01:29:f2,선정릉,1075
5a:08:fa:00:03:8e,선정릉,1075
5a:08:fa:00:3f:c2,선정릉,1075
12:e3:c7:04:2b:dc,선정릉,1075
02:07:89:14:61:0c,이매,1075
02:07:89:14:61:34,이매,1075
02:17:b2:02:3c:42,이매,1075
00:16:1f:03:5d:db,이매,1075
00:07:89:14:61:20,이매,1075
02:07:89:14:61:20,이매,1075
00:40:5a:c0:32:53,이매,1075
00:07:89:14:61:34,이매,1075
02:07:89:14:60:fd,이매,1075
00:16:1f:03:3a:ae,이매,1075
00:16:1f:03:3a:af,이매,1075
00:40:5a:c0:24:63,이매,1075
00:40:5a:c0:4c:fb,이매,1075
02:07:89:14:61:01,서현,1075
00:07:89:14:61:01,서현,1075
12:16:1f:03:75:5a,서현,1075
12:16:1f:03:75:5b,서현,1075
00:40:5a:c0:21:4a,서현,1075
00:16:1f:03:75:5b,서현,1075
00:16:1f:03:75:5a,서현,1075
00:40:5a:c0:21:4b,서현,1075
12:16:1f:03:64:7f,서현,1075
00:25:a6:a3:df:15,중계,1007
00:40:5a:bf:c1:7a,중계,1007
02:07:89:14:71:f9,중계,1007
00:25:a6:a3:df:16,중계,1007
00:40:5a:bf:c1:7b,중계,1007
00:40:5a:bf:aa:3a,중계,1007
00:40:5a:bf:aa:3b,중계,1007
00:07:89:0f:d8:bc,노원,1007
0a:30:0d:84:6a:12,노원,1007
00:07:89:0f:d8:bd,노원,1007
00:40:5a:bf:ab:c2,노원,1007
06:30:0d:84:6a:02,노원,1007
0a:30:0d:84:74:12,노원,1007
02:07:89:0f:d8:bc,노원,1007
02:07:89:0f:d8:bd,노원,1007
00:30:0d:84:6a:10,노원,1007
00:40:5a:bf:ab:c3,노원,1007
00:30:0d:84:6a:00,노원,1007
00:30:0d:84:74:10,노원,1007
00:40:5a:bc:2e:0b,노원,1007
00:07:89:0f:d8:b1,노원,1007
00:40:5a:bc:2e:0a,노원,1007
00:16:1f:03:7f:53,정자,1077
02:09:b4:61:00:67,정자,1077
02:09:b4:61:00:b3,정자,1077
02:09:b4:61:00:b2,정자,1077
02:09:b4:61:03:27,정자,1077
00:09:b4:61:00:66,정자,1077
02:09:b4:61:00:66,정자,1077
00:16:1f:03:87:27,정자,1077
12:16:1f:03:5a:df,정자,1077
0a:0e:47:01:3e:4a,정자,1077
0e:0e:47:01:3e:4a,정자,1077
00:16:1f:03:5a:df,정자,1077
02:09:b4:61:00:ab,정자,1077
00:09:b4:61:01:be,정자,1077
00:09:b4:61:00:ab,정자,1077
0a:0e:47:01:40:92,정자,1077
02:09:b4:61:00:aa,정자,1077
02:17:b2:02:7d:36,정자,1077
02:09:b4:61:00:9f,정자,1077
00:09:b4:61:01:bf,정자,1077
02:09:b4:61:01:bf,정자,1077
00:09:b4:61:00:9f,정자,1077
02:09:b4:61:00:9e,정자,1077
02:09:b4:61:01:be,정자,1077
00:17:b2:01:ac:98,옥수,1003
02:07:89:0f:d6:7d,옥수,1003
00:07:89:0f:d6:7c,옥수,1003
00:40:5a:c3:bf:e3,옥수,1003
00:07:89:0f:d6:90,옥수,1003
00:40:5a:c4:01:2b,옥수,1003
02:07:89:0f:d7:c4,옥수,1003
00:07:89:0f:d6:8d,옥수,1003
00:17:b2:01:ad:6a,옥수,1003
02:07:89:0f:d6:7c,옥수,1003
00:17:b2:01:ad:68,옥수,1003
02:07:89:0f:fd:f5,죽전,1075
02:09:b4:61:14:32,고속터미널,1009
00:40:5a:af:1c:6a,고속터미널,1009
00:40:5a:af:1f:b2,고속터미널,1009
00:40:5a:af:1f:b3,고속터미널,1009
06:30:0d:84:3b:c2,고속터미널,1009
0a:30:0d:84:de:92,고속터미널,1009
00:30:0d:84:de:90,고속터미널,1009
00:40:5a:af:19:03,고속터미널,1009
00:40:5a:af:19:02,고속터미널,1009
00:30:0D:76:D6:A0,혜화,1004
00:30:0D:74:C7:20,혜화,1004
00:30:0D:74:5F:60,혜화,1004
00:30:0D:74:D9:E0,혜화,1004
00:30:0D:74:54:00,혜화,1004
00:30:0D:75:44:00,혜화,1004
00:30:0D:74:C9:20,동대문,1004
00:30:0D:74:65:00,동대문,1004
00:30:0D:75:C6:60,동대문,1004
00:30:0D:74:DF:40,동대문,1004
00:30:0D:74:DE:C0,동대문,1004
00:30:0D:81:3E:C0,동대문,1004
00:30:0D:75:C1:40,동대문,1004
00:30:0D:72:50:A0,동대문,1004
00:30:0D:79:C8:80,동대문,1004
00:30:0D:74:4B:60,동대문역사문화공원,1004
00:30:0D:75:50:80,동대문역사문화공원,1004
00:30:0D:73:38:00,동대문역사문화공원,1004
00:30:0D:72:E2:00,동대문역사문화공원,1004
00:30:0D:75:59:20,동대문역사문화공원,1004
00:30:0D:74:46:A0,동대문역사문화공원,1004
00:30:0D:75:CF:60,동대문역사문화공원,1004
00:30:0D:77:66:80,동대문역사문화공원,1004
00:30:0D:78:4B:40,충무로,1004
00:30:0D:74:DD:C0,충무로,1004
00:30:0D:74:5F:C0,충무로,1004
00:30:0D:75:5A:A0,충무로,1004
00:30:0D:74:CB:80,충무로,1004
00:30:0D:74:C8:C0,충무로,1004
00:30:0D:74:C9:A0,충무로,1004
00:30:0D:74:DF:80,충무로,1004
00:30:0D:75:41:C0,충무로,1004
00:30:0D:74:5E:C0,충무로,1004
00:30:0D:77:61:C0,명동,1004
00:30:0D:74:4D:20,명동,1004
00:30:0D:74:4F:80,명동,1004
00:30:0D:74:60:60,명동,1004
00:30:0D:74:C9:40,명동,1004
00:30:0D:74:CC:20,명동,1004
00:16:1F:03:14:26,명동,1004
00:30:0D:61:30:A4,회현,1004
00:30:0D:61:3A:56,회현,1004
00:30:0D:63:7B:38,회현,1004
00:30:0D:61:30:80,회현,1004
00:30:0D:4F:38:CF,회현,1004
00:30:0D:61:3A:28,회현,1004
00:30:0D:74:C7:00,서울,1004
00:30:0D:74:71:80,서울,1004
00:30:0D:75:39:A0,서울,1004
00:30:0D:74:4C:20,서울,1004
00:30:0D:74:CD:40,서울,1004
00:30:0D:74:64:C0,서울,1004
00:30:0D:75:C0:A0,서울,1004
00:30:0D:61:25:2A,숙대입구,1004
00:30:0D:61:24:B2,숙대입구,1004
00:30:0D:61:25:1A,숙대입구,1004
00:30:0D:61:2C:B6,숙대입구,1004
00:30:0D:61:19:80,숙대입구,1004
00:30:0D:78:37:E0,삼각지,1004
00:30:0D:75:43:E0,삼각지,1004
00:30:0D:74:55:C0,삼각지,1004
00:30:0D:75:5A:C0,삼각지,1004
00:30:0D:74:C9:00,삼각지,1004
00:30:0D:60:E8:1E,신용산,1004
00:30:0D:60:FC:A8,신용산,1004
00:30:0D:60:E8:28,신용산,1004
00:30:0D:61:03:26,신용산,1004
00:30:0D:60:F3:3C,신용산,1004
00:30:0D:61:03:2C,신용산,1004
00:30:0D:60:E8:1C,신용산,1004
00:30:0D:60:F3:4A,신용산,1004
00:30:0D:4F:72:C1,이촌,1004
00:30:0D:74:C5:80,이촌,1004
00:30:0D:74:DE:40,이촌,1004
00:30:0D:78:36:A0,이촌,1004
00:30:0D:74:DD:E0,이촌,1004
00:30:0D:74:DE:60,이촌,1004
00:30:0D:60:F2:33,을지로3가,1002
00:30:0D:75:D8:AF,을지로3가,1002
00:30:0D:75:D8:6F,을지로3가,1002
00:30:0D:73:0B:4F,을지로3가,1002
00:30:0D:75:44:8F,을지로3가,1002
00:30:0D:57:D5:86,을지로4가,1002
00:30:0D:75:40:EF,을지로4가,1002
00:30:0D:61:02:5B,을지로4가,1002
00:30:0D:61:01:D7,을지로4가,1002
00:30:0D:60:F2:0D,을지로4가,1002
00:30:0D:61:03:B1,을지로4가,1002
00:30:0D:61:0D:69,을지로4가,1002
00:30:0D:60:F2:31,을지로4가,1002
00:30:0D:61:02:63,을지로4가,1002
00:30:0D:60:F2:23,을지로4가,1002
00:30:0D:60:E8:21,을지로4가,1002
00:30:0D:74:5F:4F,을지로4가,1002
00:30:0D:75:D8:0F,을지로4가,1002
00:30:0D:74:D0:4F,을지로4가,1002
00:30:0D:74:4F:CF,을지로4가,1002
00:30:0D:75:BE:0F,을지로4가,1002
00:30:0D:75:59:4F,을지로4가,1002
00:30:0D:74:56:0F,을지로4가,1002
00:30:0D:72:12:CF,을지로4가,1002
00:30:0D:73:3B:4F,동대문역사문화공원,1002
00:30:0D:74:DF:CF,동대문역사문화공원,1002
00:30:0D:74:65:2F,동대문역사문화공원,1002
00:30:0D:74:DF:EF,동대문역사문화공원,1002
00:30:0D:74:64:AF,동대문역사문화공원,1002
00:30:0D:74:64:6F,동대문역사문화공원,1002
00:30:0D:74:E0:4F,동대문역사문화공원,1002
00:30:0D:74:4C:0F,신당,1002
00:30:0D:75:59:6F,신당,1002
00:30:0D:75:BE:CF,신당,1002
00:30:0D:75:41:AF,신당,1002
00:30:0D:75:BF:AF,신당,1002
00:30:0D:73:3B:2F,신당,1002
00:30:0D:78:50:AF,신당,1002
00:30:0D:74:4A:4F,신당,1002
00:30:0D:61:28:1F,상왕십리,1002
00:30:0D:61:33:E3,상왕십리,1002
00:30:0D:61:28:01,상왕십리,1002
00:30:0D:61:33:E5,상왕십리,1002
00:30:0D:61:28:17,상왕십리,1002
00:30:0D:61:1A:BD,상왕십리,1002
00:30:0D:61:33:DB,상왕십리,1002
00:30:0D:61:2C:AF,상왕십리,1002
00:30:0D:61:33:E1,상왕십리,1002
00:30:0D:75:41:6F,왕십리,1002
00:30:0D:74:C6:CF,왕십리,1002
00:30:0D:74:C4:8F,왕십리,1002
00:30:0D:81:07:0F,왕십리,1002
00:30:0D:74:48:8F,왕십리,1002
00:30:0D:74:50:6F,왕십리,1002
00:30:0D:74:4E:2F,왕십리,1002
00:30:0D:74:4F:0F,왕십리,1002
00:30:0D:74:47:6F,왕십리,1002
00:17:B2:01:A8:F0,옥수,1003
00:30:0D:61:27:04,수내,1075
00:30:0D:54:CB:A1,정자,1075
00:30:0D:57:D6:5D,정자,1075
00:30:0D:54:C5:C7,정자,1075
00:30:0D:54:82:A1,정자,1075
00:30:0D:54:C8:7D,정자,1075
00:30:0D:61:0A:54,정자,1075
00:30:0D:60:F3:C6,정자,1075
00:30:0D:5D:E9:3E,정자,1075
00:30:0D:54:C8:21,정자,1075
00:30:0D:61:04:C6,미금,1075
00:30:0D:5D:F4:50,미금,1075
00:30:0D:61:08:48,미금,1075
00:30:0D:60:EA:EE,미금,1075
00:30:0D:62:25:36,미금,1075
00:30:0D:61:27:0A,미금,1075
00:30:0D:62:1B:E2,미금,1075
00:30:0D:63:53:9A,미금,1075
00:30:0D:52:C7:38,미금,1075
00:30:0D:61:29:DA,오리,1075
00:30:0D:61:28:3C,오리,1075
00:30:0D:61:1C:4E,오리,1075
00:30:0D:61:09:72,오리,1075
00:30:0D:61:1A:34,오리,1075
00:30:0D:61:24:BE,오리,1075
00:30:0D:57:D8:01,보정,1075
00:30:0D:61:25:7A,보정,1075
58:08:fa:00:03:0f,선정릉,1075
12:e3:c7:04:2b:c4,선정릉,1075
00:25:a6:a4:d7:c1,샛강,1009
12:16:1f:03:40:12,샛강,1009
00:40:5a:b8:0b:5a,샛강,1009
00:40:5a:ba:f0:6a,샛강,1009
12:16:1f:03:6b:3a,샛강,1009
00:16:1f:03:6b:3a,샛강,1009
00:40:5a:b8:0b:5b,샛강,1009
00:40:5a:bb:0f:5b,샛강,1009
00:25:a6:a4:d7:c2,샛강,1009
12:16:1f:03:7d:ba,샛강,1009
00:40:5a:bb:2e:b3,샛강,1009
12:16:1f:03:73:7b,샛강,1009
12:16:1f:03:73:7a,샛강,1009
00:16:1f:03:73:7b,샛강,1009
12:16:1f:03:7d:bb,샛강,1009
00:25:a6:a4:f1:ed,샛강,1009
00:40:5a:bb:2f:7a,샛강,1009
00:40:5a:bb:31:8b,샛강,1009
00:16:1f:03:74:3a,샛강,1009
00:40:5a:ba:ef:b3,샛강,1009
00:25:a6:a4:c7:36,샛강,1009
00:40:5a:bb:31:8a,샛강,1009
00:40:5a:ba:ef:b2,샛강,1009
00:40:5a:bb:0f:5a,샛강,1009
00:25:a6:a4:d8:9e,샛강,1009
00:25:a6:a4:f4:73,샛강,1009
00:25:a6:a4:f4:72,샛강,1009
00:40:5a:bb:0f:7a,샛강,1009
00:25:a6:a4:d4:16,샛강,1009
00:25:a6:a4:f1:ee,샛강,1009
00:16:1f:03:73:7a,샛강,1009
00:40:5a:bb:2f:7b,샛강,1009
00:25:a6:a4:c7:37,샛강,1009
00:25:a6:a4:d4:15,샛강,1009
00:40:5a:af:12:5b,노들,1009
00:40:5a:af:2e:bb,노들,1009
12:16:1f:03:87:7e,노들,1009
00:25:a6:a4:f1:c1,노들,1009
00:40:5a:af:7a:aa,노들,1009
00:40:5a:af:46:5a,노들,1009
00:40:5a:af:7a:ab,노들,1009
00:40:5a:af:46:5b,노들,1009
00:40:5a:af:48:eb,노들,1009
00:40:5a:af:47:22,노들,1009
12:16:1f:03:7c:6e,노들,1009
00:16:1f:03:7c:6e,노들,1009
00:25:a6:a4:f8:4b,노들,1009
12:16:1f:03:7c:6f,노들,1009
00:16:1f:03:7c:6f,노들,1009
02:30:0d:58:8b:78,노들,1009
00:40:5a:af:54:2a,노들,1009
00:25:a6:a4:f1:c0,노들,1009
12:16:1f:03:53:3a,흑석,1009
12:16:1f:03:53:3b,흑석,1009
00:09:b4:61:07:3f,흑석,1009
00:40:5a:af:45:fa,흑석,1009
00:09:b4:61:07:37,흑석,1009
12:16:1f:03:4d:ae,흑석,1009
00:09:b4:61:07:1f,흑석,1009
12:16:1f:03:4d:af,흑석,1009
10:e3:c7:05:37:fe,매봉,1003
12:16:1f:03:a3:f2,매봉,1003
22:e3:c7:05:0f:57,매봉,1003
22:e3:c7:05:0f:56,매봉,1003
00:07:89:14:6f:bd,매봉,1003
00:07:89:14:6f:f4,매봉,1003
02:07:89:14:6f:dc,매봉,1003
02:07:89:14:6f:b9,매봉,1003
10:e3:c7:05:0f:57,매봉,1003
10:e3:c7:05:0f:56,매봉,1003
02:07:89:14:6f:f4,매봉,1003
10:e3:c7:05:1c:72,매봉,1003
00:40:5a:a4:cf:f2,매봉,1003
02:07:89:14:6f:d0,일원,1003
00:16:1f:03:39:36,일원,1003
12:16:1f:03:39:37,일원,1003
00:40:5a:bb:af:a2,일원,1003
00:40:5a:bb:4c:e3,일원,1003
00:16:1f:03:54:03,일원,1003
00:40:5a:bb:4d:4b,일원,1003
00:40:5a:bb:4d:4a,일원,1003
00:40:5a:bb:97:03,일원,1003
00:40:5a:bb:af:a3,일원,1003
12:16:1f:03:2f:87,대청,1003
00:07:89:14:6f:45,대청,1003
00:40:5a:bb:8d:72,대청,1003
00:40:5a:bb:9f:9a,대청,1003
00:07:89:14:6e:99,대청,1003
00:30:0d:84:de:80,고속터미널,1009
00:09:b4:61:16:d6,고속터미널,1009
00:09:b4:61:14:32,고속터미널,1009
02:09:b4:61:16:d6,고속터미널,1009
02:09:b4:61:48:83,고속터미널,1009
00:09:b4:61:48:83,고속터미널,1009
02:09:b4:61:07:fa,고속터미널,1009
0a:30:0d:84:3a:b2,고속터미널,1009
00:09:b4:61:48:82,고속터미널,1009
00:09:b4:61:07:fa,고속터미널,1009
00:40:5a:af:2c:f3,고속터미널,1009
00:30:0d:84:3c:00,고속터미널,1009
00:30:0d:84:3b:c0,고속터미널,1009
00:09:b4:61:07:fb,고속터미널,1009
00:09:b4:61:3f:66,고속터미널,1009
00:40:5a:af:23:6a,고속터미널,1009
02:09:b4:61:48:82,고속터미널,1009
00:40:5a:af:36:aa,고속터미널,1009
0a:30:0d:84:3c:12,고속터미널,1009
00:40:5a:af:36:ab,고속터미널,1009
00:30:0d:84:3c:10,고속터미널,1009
00:09:b4:61:08:12,고속터미널,1009
00:40:5a:af:1c:6b,고속터미널,1009
00:40:5a:af:0c:7a,고속터미널,1009
00:40:5a:af:23:6b,고속터미널,1009
00:40:5a:af:0c:7b,고속터미널,1009
02:09:b4:61:3f:66,고속터미널,1009
12:16:1f:03:31:0a,복정,1008
00:40:5a:bb:36:a2,복정,1008
00:40:5a:bb:1d:e2,복정,1008
00:07:89:0f:d9:fd,복정,1008
00:40:5a:bb:27:aa,복정,1008
0a:30:0d:7a:c7:11,복정,1008
06:30:0d:7a:c7:01,복정,1008
00:16:1f:03:31:0b,복정,1008
00:16:1f:03:3c:87,복정,1008
00:40:5a:ba:d2:4b,복정,1008
00:16:1f:03:31:0a,복정,1008
02:07:89:0f:d9:dd,복정,1008
02:07:89:0f:d9:f1,복정,1008
02:07:89:0f:d9:f0,복정,1008
00:40:5a:ba:ce:7b,복정,1008
00:40:5a:bb:2e:0b,복정,1008
00:40:5a:bb:1d:e3,복정,1008
02:07:89:0f:d4:69,복정,1008
00:30:0d:7a:c7:10,복정,1008
00:30:0d:7a:c7:00,복정,1008
0a:30:0d:73:be:b1,가락시장,1003
00:40:5a:bb:86:03,가락시장,1003
00:07:89:0f:d9:c5,가락시장,1003
02:07:89:0f:d9:c5,가락시장,1003
06:30:0d:73:be:a1,가락시장,1003
00:30:0d:73:be:a0,가락시장,1003
0a:30:0d:73:87:b1,가락시장,1003
00:30:0d:73:87:b0,가락시장,1003
00:07:89:0f:d9:71,가락시장,1003
00:40:5a:a4:e0:6b,가락시장,1003
00:07:89:0f:d9:b4,가락시장,1003
02:07:89:0f:d9:15,가락시장,1003
00:30:0d:72:3f:80,가락시장,1003
00:07:89:0f:d9:b9,가락시장,1003
00:16:1f:03:3d:a2,사평,1009
12:16:1f:03:45:83,사평,1009
00:30:0d:85:16:10,동묘앞,1001
00:30:0d:85:16:00,동묘앞,1001
00:30:0d:84:78:90,동묘앞,1001
0a:30:0d:84:78:92,동묘앞,1001
00:09:b4:61:36:3f,동묘앞,1001
00:09:b4:61:42:2f,동묘앞,1001
0a:30:0d:85:18:12,동묘앞,1001
00:40:5a:bf:79:9a,동묘앞,1001
06:30:0d:85:18:02,동묘앞,1001
02:09:b4:61:3d:1f,동묘앞,1001
00:30:0d:84:78:80,동묘앞,1001
00:40:5a:bf:79:9b,동묘앞,1001
00:30:0d:85:18:10,동묘앞,1001
00:30:0d:85:18:00,동묘앞,1001
06:30:0d:84:78:82,동묘앞,1001
00:40:5a:bc:52:53,동묘앞,1001
00:40:5a:bc:52:52,동묘앞,1001
00:09:b4:61:38:82,동묘앞,1001
00:09:b4:61:3d:5f,동묘앞,1001
00:40:5a:af:39:72,남부터미널,1003
06:30:0d:72:52:c1,남부터미널,1003
00:07:89:0f:24:2f,남부터미널,1003
06:30:0d:72:f2:41,남부터미널,1003
00:30:0D:7C:8D:C0,이촌,1004
00:30:0D:74:50:40,이촌,1004
00:30:0D:74:63:60,이촌,1004
00:17:B2:01:A9:D0,동작,1004
00:17:B2:01:AC:B0,동작,1004
00:17:B2:01:AB:E8,동작,1004
00:17:B2:01:AC:70,동작,1004
00:17:B2:01:AD:28,동작,1004
00:17:B2:01:AD:40,동작,1004
00:30:0D:75:43:00,총신대입구(이수),1004
00:30:0D:7E:38:60,총신대입구(이수),1004
00:30:0D:81:0E:E0,총신대입구(이수),1004
00:30:0D:75:5A:40,총신대입구(이수),1004
10:E3:C7:04:2F:0B,총신대입구(이수),1004
00:30:0D:74:60:80,총신대입구(이수),1004
00:30:0D:75:C1:E0,총신대입구(이수),1004
00:30:0D:74:71:A0,총신대입구(이수),1004
00:30:0D:75:5A:60,총신대입구(이수),1004
00:30:0D:75:BD:E0,사당,1004
00:30:0D:75:42:40,사당,1004
00:30:0D:75:42:00,사당,1004
00:30:0D:75:42:E0,사당,1004
00:30:0D:78:EC:C0,사당,1004
00:30:0D:75:C0:40,사당,1004
00:30:0D:75:43:40,사당,1004
00:30:0D:75:43:20,사당,1004
00:30:0D:75:C0:80,사당,1004
00:30:0D:75:41:00,사당,1004
00:30:0D:61:06:6E,남태령,1004
00:30:0D:62:33:52,남태령,1004
00:30:0D:61:06:86,남태령,1004
00:30:0D:60:F7:68,남태령,1004
00:30:0D:60:EB:40,남태령,1004
00:30:0D:61:03:74,남태령,1004
00:30:0D:61:34:9A,남태령,1004
00:30:0D:60:F6:FE,남태령,1004
00:30:0D:63:87:F2,과천,1004
00:30:0D:57:D2:59,과천,1004
00:30:0D:57:D6:13,과천,1004
00:30:0D:57:D2:FB,과천,1004
00:30:0D:57:D2:FF,과천,1004
00:30:0D:61:22:92,과천,1004
00:30:0D:57:D5:77,과천,1004
00:30:0D:81:12:F0,길음,1004
00:30:0D:7A:98:90,성신여대입구,1004
00:30:0D:7A:F6:90,성신여대입구,1004
00:30:0D:7D:07:D0,성신여대입구,1004
00:30:0D:7C:0F:D0,성신여대입구,1004
00:30:0D:7D:08:90,성신여대입구,1004
00:30:0D:7A:C6:30,성신여대입구,1004
00:30:0D:78:4E:30,성신여대입구,1004
00:30:0D:78:0C:10,성신여대입구,1004
00:30:0D:7B:98:D0,성신여대입구,1004
00:30:0D:76:D6:B0,혜화,1004
00:30:0D:74:C7:30,혜화,1004
00:30:0D:74:5F:70,혜화,1004
00:30:0D:74:D9:F0,혜화,1004
00:30:0D:74:54:10,혜화,1004
00:30:0D:75:44:10,혜화,1004
00:30:0D:74:C9:30,동대문,1004
00:30:0D:74:65:10,동대문,1004
00:30:0D:75:C6:70,동대문,1004
00:30:0D:74:DF:50,동대문,1004
00:30:0D:74:56:70,영등포구청,1002
00:30:0D:72:D8:B0,영등포구청,1002
00:30:0D:74:D0:30,영등포구청,1002
00:30:0D:78:37:50,영등포구청,1002
00:30:0D:74:CF:90,영등포구청,1002
00:16:1F:03:1D:EB,당산,1002
00:30:0D:75:D9:30,당산,1002
00:30:0D:74:CE:B0,당산,1002
00:30:0D:74:52:F0,당산,1002
00:30:0D:73:03:30,당산,1002
00:30:0D:74:33:50,당산,1002
00:30:0D:75:4C:70,합정,1002
00:30:0D:75:4E:90,합정,1002
00:30:0D:75:4D:30,합정,1002
00:30:0D:75:4C:D0,합정,1002
00:30:0D:74:C9:70,합정,1002
00:30:0D:75:CD:90,합정,1002
00:30:0D:60:FF:3E,보정,1075
00:30:0D:61:27:22,보정,1075
00:30:0D:60:FF:50,보정,1075
00:30:0D:62:33:3C,보정,1075
00:30:0D:62:2D:92,보정,1075
00:30:0D:61:0D:58,보정,1075
00:30:0D:61:03:6E,보정,1075
00:30:0D:63:57:94,보정,1075
00:30:0D:60:EB:26,구성,1075
00:30:0D:61:0D:46,구성,1075
00:30:0D:5D:D1:A4,구성,1075
00:30:0D:54:C8:C9,구성,1075
00:30:0D:61:06:7C,구성,1075
00:30:0D:57:CE:ED,구성,1075
00:30:0D:61:29:BC,구성,1075
00:30:0D:61:1C:C4,구성,1075
00:30:0D:61:2C:CA,구성,1075
00:30:0D:61:37:3E,신갈,1075
00:30:0D:5D:CD:46,신갈,1075
00:30:0D:61:2C:86,신갈,1075
00:30:0D:61:28:1C,신갈,1075
00:30:0D:61:2B:32,신갈,1075
00:30:0D:61:37:34,신갈,1075
00:30:0D:61:2B:2E,신갈,1075
00:30:0D:61:37:90,신갈,1075
00:30:0D:5D:DC:DE,신갈,1075
00:30:0D:5D:EA:72,신갈,1075
00:30:0D:5D:DD:68,신갈,1075
00:30:0D:5D:CB:34,신갈,1075
00:30:0D:54:8A:67,기흥,1075
00:30:0D:61:06:7E,기흥,1075
00:30:0D:57:D2:99,기흥,1075
00:30:0D:61:34:B8,기흥,1075
00:30:0D:54:8A:75,기흥,1075
00:30:0D:54:8A:63,기흥,1075
00:30:0D:57:D5:33,기흥,1075
00:30:0D:54:5D:93,기흥,1075
00:30:0D:57:D4:DD,기흥,1075
00:30:0D:57:D3:B5,기흥,1075
00:30:0D:74:C7:D0,선릉,1075
00:30:0D:75:BF:30,선릉,1075
00:30:0D:74:D9:70,선릉,1075
00:30:0D:75:BF:70,선릉,1075
00:30:0D:81:03:B0,선릉,1075
00:30:0D:80:F3:B0,선릉,1075
00:30:0D:81:03:70,선릉,1075
00:30:0D:80:F3:70,선릉,1075
00:30:0D:73:3B:90,선릉,1075
10:E3:C7:04:0E:B0,선릉,1075
00:30:0D:71:D5:B0,선릉,1075
00:30:0D:7A:C6:B0,도곡,1075
00:16:1F:03:20:5B,모란,1075
00:16:1F:03:20:9F,모란,1075
00:30:0D:7F:3A:8F,서울(공항철도),1065
00:30:0D:7F:34:6F,서울(공항철도),1065
00:30:0D:7F:3A:4F,서울(공항철도),1065
00:30:0D:61:1D:D3,마장,1005
00:30:0D:5D:D1:93,마포구청,1006
00:30:0D:72:E4:AF,합정,1006
00:30:0D:74:51:6F,합정,1006
00:27:1C:13:1D:91,합정,1006
00:30:0D:75:43:8F,합정,1006
10:E3:C7:04:2C:35,합정,1006
00:30:0D:75:D3:4F,합정,1006
00:30:0D:61:1C:AF,상수,1006
00:30:0D:61:25:3D,상수,1006
00:30:0D:61:1C:DD,상수,1006
00:30:0D:61:25:3B,상수,1006
00:30:0D:61:1D:29,광흥창,1006
00:30:0D:61:25:81,광흥창,1006
00:30:0D:61:29:D7,광흥창,1006
00:30:0D:61:29:C1,광흥창,1006
00:30:0D:61:29:C5,광흥창,1006
00:30:0D:61:25:83,광흥창,1006
00:30:0D:57:D2:56,대흥,1006
00:30:0D:57:D1:7E,대흥,1006
00:30:0D:57:CE:DA,대흥,1006
00:30:0D:57:D0:D8,대흥,1006
00:30:0D:7F:36:8F,대흥,1006
00:07:89:14:6e:85,대청,1003
12:16:1f:03:78:22,대청,1003
12:16:1f:03:78:23,대청,1003
12:16:1f:03:51:33,대청,1003
12:16:1f:03:4d:5b,대청,1003
12:16:1f:03:51:32,대청,1003
00:40:5a:bb:95:b2,대청,1003
00:40:5a:c0:2e:82,수내,1075
12:16:1f:03:55:6f,수내,1075
12:16:1f:03:33:fe,수내,1075
00:16:1f:03:4c:d6,수내,1075
02:07:89:14:61:bd,수내,1075
00:40:5a:c0:52:43,수내,1075
00:16:1f:03:69:02,수내,1075
00:16:1f:03:69:03,수내,1075
00:40:5a:c0:4e:6b,수내,1075
02:07:89:14:61:a9,수내,1075
00:40:5a:c0:31:2b,수내,1075
02:07:89:14:61:cd,수내,1075
00:16:1f:03:55:6e,수내,1075
00:40:5a:c0:2e:83,수내,1075
00:16:1f:03:55:6f,수내,1075
00:40:5a:c0:32:32,수내,1075
00:40:5a:c0:31:2a,수내,1075
00:07:89:14:61:e1,수내,1075
12:16:1f:03:33:ff,수내,1075
02:07:89:14:61:e1,수내,1075
00:16:1f:03:33:ff,수내,1075
00:40:5a:c0:31:32,수내,1075
00:16:1f:03:33:fe,수내,1075
00:40:5a:c0:31:33,수내,1075
00:40:5a:c0:32:33,수내,1075
00:16:1f:03:4c:d7,수내,1075
02:07:89:14:61:bc,수내,1075
02:07:89:14:61:a8,수내,1075
02:07:89:14:61:cc,수내,1075
00:07:89:14:61:cc,수내,1075
00:16:1f:03:69:8e,수내,1075
00:07:89:14:61:bc,수내,1075
00:16:1f:03:6c:56,수내,1075
00:07:89:14:61:e0,수내,1075
02:07:89:14:61:e0,수내,1075
12:16:1f:03:69:8f,수내,1075
00:09:b4:61:44:2b,정자,1075
00:40:5a:e4:8d:b2,수락산,1007
12:16:1f:03:72:92,수락산,1007
00:40:5a:e4:69:3a,수락산,1007
00:25:a6:a4:59:e6,수락산,1007
00:40:5a:e4:8d:b3,수락산,1007
00:16:1f:03:72:92,수락산,1007
00:16:1f:03:74:67,수락산,1007
00:40:5a:e4:69:3b,수락산,1007
00:40:5a:e4:7f:bb,수락산,1007
00:40:5a:e4:7f:ba,수락산,1007
12:16:1f:03:74:67,수락산,1007
00:25:a6:a4:5a:f8,수락산,1007
00:16:1f:03:72:93,수락산,1007
00:25:a6:a4:5a:f9,수락산,1007
00:25:a6:a4:5a:53,수락산,1007
12:16:1f:03:74:66,수락산,1007
00:25:a6:a4:63:32,수락산,1007
00:25:a6:a4:5a:54,수락산,1007
00:16:1f:03:74:66,수락산,1007
00:25:a6:a4:60:61,수락산,1007
00:25:a6:a4:60:62,수락산,1007
00:40:5a:bb:3d:12,가락시장,1008
06:30:0d:84:f8:62,가락시장,1008
00:07:89:0f:d9:f5,가락시장,1008
06:30:0d:84:f4:82,가락시장,1008
0a:30:0d:84:f4:92,가락시장,1008
00:30:0d:84:f8:60,가락시장,1008
00:40:5a:bb:3d:13,가락시장,1008
02:07:89:0f:d9:f5,가락시장,1008
00:40:5a:bb:31:9a,가락시장,1008
00:07:89:0f:d9:e9,가락시장,1008
00:40:5a:ba:cd:2a,가락시장,1008
00:30:0d:84:f4:90,가락시장,1008
00:07:89:0f:d9:e8,가락시장,1008
02:07:89:0f:d9:e9,가락시장,1008
00:16:1f:03:30:de,정자,1075
12:16:1f:03:87:27,정자,1075
00:40:5a:af:15:92,교대,1003
02:07:89:0f:d9:bc,교대,1003
00:07:89:0f:d9:bc,교대,1003
00:40:5a:af:34:22,교대,1003
02:07:89:0f:d5:f8,교대,1003
00:40:5a:af:34:23,교대,1003
00:30:0d:84:f9:00,교대,1003
00:30:0d:72:13:e0,남부터미널,1003
00:40:5a:af:39:73,남부터미널,1003
00:30:0d:72:52:c0,남부터미널,1003
00:30:0d:72:f2:40,남부터미널,1003
02:07:89:0f:24:2f,남부터미널,1003
00:07:89:0f:24:2e,남부터미널,1003
02:07:89:0f:24:12,남부터미널,1003
02:07:89:0f:24:32,남부터미널,1003
00:40:5a:af:39:1b,남부터미널,1003
00:40:5a:af:39:1a,남부터미널,1003
00:40:5a:b8:13:8a,암사,1008
12:16:1f:03:65:ef,암사,1008
00:07:89:14:6c:c1,암사,1008
12:16:1f:03:65:ee,암사,1008
00:07:89:14:6c:c0,암사,1008
00:40:5a:b8:14:b2,암사,1008
12:16:1f:03:6f:6f,암사,1008
02:07:89:14:6c:c1,암사,1008
02:07:89:14:6c:99,암사,1008
00:40:5a:b8:14:b3,암사,1008
02:07:89:14:6c:ad,암사,1008
00:16:1f:03:6f:6f,암사,1008
02:07:89:14:6c:ac,암사,1008
00:40:5a:b8:13:8b,암사,1008
12:16:1f:03:6f:6e,암사,1008
00:16:1f:03:6f:6e,암사,1008
00:07:89:14:6c:98,암사,1008
00:40:5a:b8:0c:12,암사,1008
00:40:5a:b8:13:6a,암사,1008
00:07:89:14:6c:d4,암사,1008
00:07:89:14:6c:d5,암사,1008
00:40:5a:c8:3c:52,정자,1075
00:40:5a:c8:1e:4a,정자,1075
00:40:5a:c8:1e:92,정자,1075
00:09:b4:61:3f:bb,정자,1075
00:40:5a:c8:3c:9a,정자,1075
02:09:b4:61:44:2b,정자,1075
00:40:5a:c8:3c:53,정자,1075
00:40:5a:c8:1e:93,정자,1075
00:40:5a:c8:41:ab,정자,1075
00:09:b4:61:3c:6b,정자,1075
00:40:5a:c8:41:aa,정자,1075
06:30:0d:54:c8:7d,정자,1075
00:40:5a:c8:1e:4b,정자,1075
00:17:b2:6e:01:4d,정자,1075
00:17:b2:6e:01:4f,정자,1075
00:09:b4:61:3f:ba,정자,1075
00:40:5a:c8:1f:22,정자,1075
06:30:0d:57:d6:5d,정자,1075
06:30:0d:61:0a:54,정자,1075
00:40:5a:c8:3c:9b,정자,1075
00:30:0d:57:d6:5d,정자,1075
02:09:b4:61:3f:ba,정자,1075
00:40:5a:ba:ea:a3,문정,1008
00:16:1f:03:7c:1f,문정,1008
02:07:89:14:6d:64,문정,1008
12:16:1f:03:7c:1f,문정,1008
02:07:89:14:6d:05,장지,1008
00:40:5a:bb:3e:22,장지,1008
00:07:89:14:6d:05,장지,1008
12:16:1f:03:7d:13,장지,1008
12:16:1f:03:7d:12,장지,1008
00:40:5a:b8:08:0a,장지,1008
00:40:5a:bb:3e:23,장지,1008
00:16:1f:03:7d:13,장지,1008
02:07:89:14:6c:dd,장지,1008
00:07:89:14:6c:dd,장지,1008
00:40:5a:af:23:72,학여울,1003
22:e3:c7:05:67:7a,학여울,1003
10:e3:c7:05:67:7a,학여울,1003
00:40:5a:af:23:73,학여울,1003
10:e3:c7:05:67:6f,학여울,1003
10:e3:c7:05:67:6e,학여울,1003
22:e3:c7:05:67:6e,학여울,1003
22:e3:c7:05:67:6f,학여울,1003
00:40:5a:af:1a:7a,학여울,1003
00:07:89:14:6e:3c,학여울,1003
02:07:89:14:6e:50,학여울,1003
00:07:89:14:6e:59,학여울,1003
22:e3:c7:05:67:6b,학여울,1003
00:40:5a:af:39:43,학여울,1003
02:07:89:14:6e:59,학여울,1003
10:e3:c7:05:67:6b,학여울,1003
00:07:89:14:6f:4d,학여울,1003
00:07:89:14:6e:51,학여울,1003
22:e3:c7:05:67:6a,학여울,1003
00:40:5a:af:1a:7b,학여울,1003
10:e3:c7:05:67:6a,학여울,1003
00:07:89:14:6e:50,학여울,1003
00:30:0D:74:5E:B0,합정,1002
00:30:0D:81:07:F0,홍대입구,1002
00:16:1F:03:20:03,홍대입구,1002
00:30:0D:74:C8:50,홍대입구,1002
00:30:0D:74:4C:F0,홍대입구,1002
00:30:0D:74:BB:10,홍대입구,1002
10:E3:C7:04:2C:24,이대,1002
00:30:0D:74:4E:B0,이대,1002
00:30:0D:74:CF:50,이대,1002
00:30:0D:74:4E:D0,이대,1002
00:30:0D:7C:BE:50,충정로,1002
00:30:0D:7D:04:30,충정로,1002
00:30:0D:7D:02:B0,충정로,1002
00:30:0D:7C:BD:B0,충정로,1002
00:30:0D:7C:C1:B0,충정로,1002
00:30:0D:7D:13:10,충정로,1002
00:30:0D:74:63:50,신설동,1002
00:30:0D:75:4D:B0,신설동,1002
00:30:0D:75:4F:D0,신설동,1002
00:30:0D:75:CC:30,신설동,1002
00:30:0D:75:58:B0,신설동,1002
00:30:0D:81:0C:10,신설동,1002
00:30:0D:74:C5:D0,까치산,1002
00:30:0D:7F:34:8F,서울(공항철도),1065
00:30:0D:7E:B1:CF,서울(공항철도),1065
00:30:0D:7F:3A:6F,서울(공항철도),1065
00:30:0D:7E:B4:4F,서울(공항철도),1065
00:30:0D:76:F6:4F,홍대입구,1065
00:30:0D:76:F6:8F,홍대입구,1065
00:30:0D:76:F6:6F,홍대입구,1065
00:30:0D:77:6B:2F,홍대입구,1065
00:30:0D:7E:9D:EF,디지털미디어시티,1065
00:30:0D:7E:8E:4F,디지털미디어시티,1065
00:30:0D:7F:1C:EF,디지털미디어시티,1065
00:30:0D:7F:80:2F,디지털미디어시티,1065
00:30:0D:7F:1C:CF,디지털미디어시티,1065
00:30:0D:7F:F8:AF,디지털미디어시티,1065
00:30:0D:7F:3A:80,서울(공항철도),1065
00:30:0D:7F:34:60,서울(공항철도),1065
00:30:0D:7F:3A:40,서울(공항철도),1065
00:30:0D:7F:34:80,서울(공항철도),1065
00:30:0D:7E:B1:C0,서울(공항철도),1065
00:30:0D:7F:3A:60,서울(공항철도),1065
00:30:0D:7E:B4:40,서울(공항철도),1065
00:30:0D:76:F6:40,홍대입구,1065
00:30:0D:76:F6:80,홍대입구,1065
00:30:0D:76:F6:60,홍대입구,1065
00:30:0D:77:6B:20,홍대입구,1065
00:30:0D:7E:9D:E0,디지털미디어시티,1065
00:30:0D:7E:8E:40,디지털미디어시티,1065
00:30:0D:7F:1C:E0,디지털미디어시티,1065
00:30:0D:7F:80:20,디지털미디어시티,1065
00:30:0D:7F:1C:C0,디지털미디어시티,1065
00:30:0D:7F:F8:A0,디지털미디어시티,1065
00:30:0D:7F:3A:90,서울(공항철도),1065
00:30:0D:7F:34:70,서울(공항철도),1065
00:30:0D:7F:3A:50,서울(공항철도),1065
00:30:0D:7F:34:90,서울(공항철도),1065
00:30:0D:7E:B1:D0,서울(공항철도),1065
00:30:0D:7F:3A:70,서울(공항철도),1065
00:30:0D:7E:B4:50,서울(공항철도),1065
00:30:0D:76:F6:50,홍대입구,1065
00:30:0D:76:F6:90,홍대입구,1065
00:30:0D:76:F6:70,홍대입구,1065
00:30:0D:77:6B:30,홍대입구,1065
00:30:0D:7E:9D:F0,디지털미디어시티,1065
00:30:0D:7E:8E:50,디지털미디어시티,1065
00:30:0D:74:C9:2F,동대문,1004
00:30:0D:5D:CB:C4,신대방삼거리,1007
00:27:1C:10:6E:DB,신대방삼거리,1007
00:30:0D:5D:D1:72,보라매,1007
00:30:0D:63:64:AA,신풍,1007
00:30:0D:63:62:BE,신풍,1007
00:30:0D:63:62:C6,신풍,1007
00:30:0D:63:62:C2,신풍,1007
00:30:0D:63:63:D2,신풍,1007
10:E3:C7:04:01:33,대림,1007
10:E3:C7:04:04:4B,대림,1007
00:30:0D:7F:F3:4F,공덕,1006
00:30:0D:7E:9F:6F,공덕,1006
00:30:0D:7E:9E:8F,공덕,1006
00:30:0D:80:06:AF,공덕,1006
00:30:0D:80:11:0F,공덕,1006
00:30:0D:7F:F3:2F,공덕,1006
00:30:0D:61:29:31,효창공원앞,1006
00:30:0D:61:29:C3,효창공원앞,1006
00:30:0D:61:34:9D,효창공원앞,1006
00:30:0D:60:F3:05,효창공원앞,1006
00:30:0D:61:29:27,효창공원앞,1006
00:30:0D:72:25:4F,삼각지,1006
00:30:0D:75:CC:EF,삼각지,1006
00:30:0D:78:1A:0F,삼각지,1006
00:30:0D:74:31:CF,삼각지,1006
00:30:0D:75:CE:2F,삼각지,1006
00:30:0D:75:48:CF,삼각지,1006
00:30:0D:74:C6:AF,삼각지,1006
00:30:0D:75:50:4F,삼각지,1006
00:30:0D:75:CF:0F,삼각지,1006
00:30:0D:61:18:63,녹사평,1006
00:30:0D:61:34:99,녹사평,1006
00:30:0D:61:16:D1,녹사평,1006
00:30:0D:62:29:8B,녹사평,1006
00:30:0D:61:18:35,녹사평,1006
00:30:0D:61:16:CF,녹사평,1006
00:30:0D:61:3C:A5,녹사평,1006
00:30:0D:61:16:C9,녹사평,1006
00:30:0D:57:D9:96,이태원,1006
00:30:0D:57:D6:5C,이태원,1006
00:30:0D:57:D3:40,이태원,1006
00:30:0D:57:D5:6C,이태원,1006
00:30:0D:57:D2:4C,이태원,1006
00:30:0D:57:D3:44,이태원,1006
00:30:0D:63:64:F1,한강진,1006
00:30:0D:63:62:DF,한강진,1006
00:30:0D:63:64:DD,한강진,1006
00:30:0D:63:63:0F,한강진,1006
00:30:0D:63:64:F9,한강진,1006
00:30:0D:61:1C:B3,버티고개,1006
00:30:0D:61:25:21,버티고개,1006
00:30:0D:61:25:65,버티고개,1006
00:30:0D:61:25:1D,버티고개,1006
00:30:0D:61:37:5D,버티고개,1006
00:30:0D:61:25:23,버티고개,1006
00:30:0D:61:1C:B7,버티고개,1006
00:30:0D:77:62:2F,약수,1006
00:30:0D:77:61:EF,약수,1006
00:30:0D:76:EC:0F,약수,1006
00:30:0D:77:61:8F,약수,1006
00:30:0D:74:49:0F,약수,1006
00:30:0D:78:A6:2F,약수,1006
00:30:0D:78:06:8F,약수,1006
00:30:0D:77:63:0F,약수,1006
00:30:0D:72:1F:CF,청구,1006
00:30:0D:71:C7:4F,청구,1006
00:30:0D:74:DE:2F,청구,1006
00:30:0D:71:EA:AF,청구,1006
00:30:0D:75:D9:6F,청구,1006
00:30:0D:75:59:8F,청구,1006
00:17:B2:00:C1:E4,회기,1001
00:30:0D:74:52:6F,왕십리,1002
00:17:B2:00:C0:5A,뚝섬,1002
00:17:B2:00:BF:48,뚝섬,1002
00:17:B2:00:BF:42,뚝섬,1002
00:17:B2:00:C0:6C,뚝섬,1002
00:17:B2:00:C0:8A,뚝섬,1002
00:17:B2:00:BD:48,뚝섬,1002
00:17:B2:00:C0:7E,성수,1002
00:17:B2:00:BF:18,성수,1002
00:17:B2:00:BE:D2,성수,1002
00:17:B2:00:C0:72,성수,1002
00:17:B2:00:BD:54,성수,1002
00:17:B2:00:BD:8A,성수,1002
00:30:0D:77:C4:8F,건대입구,1002
00:30:0D:71:FF:8F,건대입구,1002
00:30:0D:75:4D:CF,건대입구,1002
00:30:0D:75:4F:AF,건대입구,1002
00:30:0D:80:5A:4F,건대입구,1002
00:30:0D:75:D4:4F,건대입구,1002
00:30:0D:72:18:2F,건대입구,1002
02:07:89:0f:d9:d0,교대,1003
00:07:89:10:59:83,김포공항,1009
04:17:b2:04:57:08,김포공항,1009
02:07:89:10:52:49,김포공항,1009
06:17:b2:04:57:0a,김포공항,1009
00:07:89:0f:21:a3,김포공항,1009
00:07:89:0f:21:9f,김포공항,1009
00:40:5a:b7:6d:d2,김포공항,1009
00:40:5a:b7:7c:d2,김포공항,1009
02:07:89:0f:21:a3,김포공항,1009
00:40:5a:b7:7c:d3,김포공항,1009
00:40:5a:b7:6d:d3,김포공항,1009
12:16:1f:03:33:c3,신방화,1009
00:40:5a:b8:45:6a,신방화,1009
12:16:1f:03:33:c2,신방화,1009
00:25:a6:a4:d1:e5,신방화,1009
00:40:5a:b8:1a:3a,신방화,1009
00:40:5a:b8:1a:32,신방화,1009
12:16:1f:03:81:d3,신방화,1009
12:16:1f:03:82:0f,신방화,1009
12:16:1f:03:80:3f,신방화,1009
00:40:5a:b8:06:3a,신방화,1009
12:16:1f:03:81:d2,신방화,1009
12:16:1f:03:80:3e,신방화,1009
12:16:1f:03:82:0e,신방화,1009
00:40:5a:b8:13:ea,신방화,1009
12:16:1f:03:5f:af,신방화,1009
00:16:1f:03:33:c3,신방화,1009
00:16:1f:03:33:c2,신방화,1009
00:40:5a:b8:45:6b,신방화,1009
00:25:a6:a4:d1:e6,신방화,1009
00:40:5a:b8:1a:3b,신방화,1009
00:16:1f:03:81:d3,신방화,1009
00:16:1f:03:82:0f,신방화,1009
00:40:5a:b8:1a:33,신방화,1009
00:40:5a:b8:13:eb,신방화,1009
00:16:1f:03:80:3f,신방화,1009
00:25:a6:a4:d7:59,신방화,1009
00:16:1f:03:80:3e,신방화,1009
00:16:1f:03:81:d2,신방화,1009
00:25:a6:a4:f4:87,신방화,1009
00:16:1f:03:82:0e,신방화,1009
00:40:5a:b8:06:3b,신방화,1009
00:16:1f:03:5f:af,신방화,1009
00:16:1f:03:2b:7a,신방화,1009
12:16:1f:03:5f:ae,신방화,1009
00:40:5a:a4:ac:f2,가락시장,1003
0a:30:0d:73:86:b1,가락시장,1003
00:40:5a:a4:d8:72,가락시장,1003
06:30:0d:73:86:a1,가락시장,1003
00:40:5a:a4:ac:f3,가락시장,1003
02:07:89:0f:d9:88,가락시장,1003
00:30:0d:72:3f:90,가락시장,1003
00:40:5a:a4:d8:73,가락시장,1003
00:30:0d:73:86:b0,가락시장,1003
00:30:0d:73:86:a0,가락시장,1003
00:07:89:0f:d6:95,수서,1003
00:40:5a:bb:52:42,수서,1003
06:30:0d:7f:06:a1,수서,1003
0a:30:0d:7f:06:b1,수서,1003
00:07:89:0f:d6:9d,수서,1003
00:40:5a:bb:49:aa,수서,1003
00:40:5a:bb:49:d2,수서,1003
06:30:0d:80:23:81,수서,1003
0a:30:0d:80:23:91,수서,1003
0a:30:0d:80:10:51,수서,1003
00:40:5a:bb:9e:92,수서,1003
02:07:89:0f:d6:95,수서,1003
00:25:a6:a4:e4:7e,공릉,1007
00:25:a6:a4:d8:df,공릉,1007
00:40:5a:bf:b5:13,공릉,1007
00:25:a6:a4:d8:de,공릉,1007
12:16:1f:03:6e:d3,공릉,1007
00:40:5a:bf:75:0a,공릉,1007
00:25:a6:a4:d0:1e,공릉,1007
00:16:1f:03:6e:d3,공릉,1007
00:40:5a:bf:75:0b,공릉,1007
00:16:1f:03:72:ff,공릉,1007
12:16:1f:03:72:ff,공릉,1007
12:16:1f:03:6e:d2,공릉,1007
00:40:5a:bc:2b:3a,공릉,1007
00:25:a6:a4:d0:1f,공릉,1007
00:30:0d:74:4f:80,명동,1004
00:07:89:0f:22:1a,명동,1004
02:07:89:0f:d9:0c,천호,1008
00:40:5a:bb:2d:da,천호,1008
00:40:5a:ba:cf:72,천호,1008
00:40:5a:bc:3a:c2,천호,1008
00:30:0d:75:47:70,압구정,1003
00:30:0d:75:47:60,압구정,1003
00:40:5a:af:0c:93,압구정,1003
00:30:0d:80:ff:00,압구정,1003
00:40:5a:af:23:ea,압구정,1003
00:07:89:0f:23:4a,압구정,1003
0a:30:0d:80:ff:11,압구정,1003
0a:30:0d:75:c0:d1,압구정,1003
00:40:5a:af:23:12,압구정,1003
00:40:5a:af:2e:33,압구정,1003
00:40:5a:af:23:eb,압구정,1003
00:30:0d:80:ff:10,압구정,1003
00:30:0d:75:c0:d0,압구정,1003
02:07:89:0f:23:4a,압구정,1003
02:07:89:0f:23:4e,압구정,1003
00:30:0d:74:63:e0,압구정,1003
06:30:0d:74:63:e1,압구정,1003
0a:30:0d:74:63:f1,압구정,1003
00:30:0d:74:63:f0,압구정,1003
00:07:89:0f:23:62,압구정,1003
02:07:89:0f:23:62,압구정,1003
12:16:1f:03:43:4f,신사,1003
12:16:1f:03:74:fb,신사,1003
02:09:b4:61:46:f6,신사,1003
12:16:1f:03:58:7f,신사,1003
00:16:1f:03:74:fb,신사,1003
00:16:1f:03:58:7e,신사,1003
02:09:b4:61:55:fb,신사,1003
00:09:b4:61:55:fb,신사,1003
12:16:1f:03:58:7e,신사,1003
00:30:0d:81:3e:30,신사,1003
0a:30:0d:81:3e:31,신사,1003
00:30:0d:81:3e:20,신사,1003
02:09:b4:61:48:4b,신사,1003
00:40:5a:af:33:82,신사,1003
00:16:1f:03:58:7f,신사,1003
00:40:5a:af:2f:4a,신사,1003
00:40:5a:af:33:83,신사,1003
00:09:b4:61:48:4b,신사,1003
02:09:b4:61:55:fa,신사,1003
02:07:89:10:4e:3f,고속터미널,1009
12:16:1f:03:45:82,사평,1009
00:40:5a:af:2c:72,사평,1009
12:16:1f:03:69:07,사평,1009
12:16:1f:03:69:06,사평,1009
12:16:1f:03:6d:cb,사평,1009
12:16:1f:03:7d:53,사평,1009
12:16:1f:03:7d:52,사평,1009
00:40:5a:af:1a:ea,사평,1009
12:16:1f:03:3b:c2,사평,1009
00:40:5a:af:1a:f2,사평,1009
00:16:1f:03:45:83,사평,1009
00:40:5a:af:2c:73,사평,1009
00:16:1f:03:45:82,사평,1009
00:25:a6:a5:2c:54,사평,1009
00:16:1f:03:69:07,사평,1009
00:16:1f:03:69:06,사평,1009
00:16:1f:03:3b:c3,사평,1009
12:16:1f:03:66:82,공항시장,1009
00:40:5a:b8:2b:52,공항시장,1009
12:16:1f:03:7e:37,공항시장,1009
02:17:b2:02:55:ca,공항시장,1009
00:40:5a:b8:33:5a,공항시장,1009
12:16:1f:03:7e:36,공항시장,1009
12:16:1f:03:7d:c6,공항시장,1009
00:25:a6:a5:1d:9a,공항시장,1009
00:16:1f:03:81:f2,공항시장,1009
00:40:5a:b8:0e:0b,공항시장,1009
00:16:1f:03:66:83,공항시장,1009
00:16:1f:03:81:f3,공항시장,1009
00:16:1f:03:66:82,공항시장,1009
00:25:a6:a5:0c:28,망원,1006
22:e3:c7:05:0e:f2,망원,1006
00:30:0d:72:e3:80,건대입구,1007
00:40:5a:c0:56:5a,건대입구,1007
06:30:0d:73:3a:c1,건대입구,1007
00:40:5a:c0:3a:62,건대입구,1007
00:40:5a:c0:56:5b,건대입구,1007
00:30:0d:73:3a:c0,건대입구,1007
02:07:89:0f:da:69,건대입구,1007
00:40:5a:c0:39:d3,건대입구,1007
00:07:89:0f:d8:d0,건대입구,1007
00:40:5a:c0:39:d2,건대입구,1007
00:40:5a:c0:39:ba,건대입구,1007
02:07:89:0f:d8:d0,건대입구,1007
02:07:89:0f:d8:e0,건대입구,1007
00:40:5a:c0:3a:63,건대입구,1007
10:E3:C7:04:01:E7,대림,1007
10:E3:C7:04:01:23,대림,1007
10:E3:C7:04:01:1F,대림,1007
10:E3:C7:04:03:13,대림,1007
00:30:0D:63:5F:2A,남구로,1007
00:30:0D:63:64:A4,남구로,1007
00:30:0D:73:84:C0,남구로,1007
00:30:0D:5D:D1:26,남구로,1007
00:30:0D:5D:D8:80,남구로,1007
00:30:0D:5D:D7:A0,남구로,1007
00:30:0D:5D:D8:7E,남구로,1007
00:30:0D:5D:D8:82,남구로,1007
00:30:0D:5D:D1:F4,남구로,1007
00:30:0D:76:9B:20,가산디지털단지,1007
10:E3:C7:04:03:03,가산디지털단지,1007
00:30:0D:76:99:E0,가산디지털단지,1007
10:E3:C7:04:03:07,가산디지털단지,1007
10:E3:C7:04:06:37,가산디지털단지,1007
10:E3:C7:04:01:3B,가산디지털단지,1007
10:E3:C7:04:02:FF,가산디지털단지,1007
10:E3:C7:04:03:0F,가산디지털단지,1007
00:30:0D:5D:D6:80,철산,1007
00:30:0D:5D:D1:EC,철산,1007
00:30:0D:5D:D1:28,철산,1007
00:30:0D:5D:D6:84,철산,1007
00:30:0D:5D:CF:F8,철산,1007
00:30:0D:5D:CF:E6,철산,1007
00:30:0D:63:64:D2,광명사거리,1007
00:30:0D:63:63:D0,광명사거리,1007
00:30:0D:63:61:EC,광명사거리,1007
00:30:0D:63:5B:CC,광명사거리,1007
00:30:0D:63:62:B4,광명사거리,1007
00:30:0D:63:63:00,광명사거리,1007
00:30:0D:63:64:FA,광명사거리,1007
00:30:0D:63:64:AC,광명사거리,1007
00:30:0D:63:5B:C6,천왕,1007
00:30:0D:63:63:C8,천왕,1007
00:30:0D:63:5D:9A,천왕,1007
00:30:0D:63:5E:1E,천왕,1007
00:30:0D:63:59:08,천왕,1007
00:16:1F:03:18:C2,온수,1007
00:30:0D:61:1F:E6,온수,1007
00:30:0D:61:34:A0,온수,1007
00:30:0D:61:17:74,온수,1007
00:30:0D:61:28:F8,온수,1007
00:1D:93:0E:F3:E8,온수,1007
00:30:0D:74:CB:50,노원,1007
00:30:0D:71:C4:10,노원,1007
00:30:0D:75:43:D0,노원,1007
00:30:0D:7F:48:B0,노원,1007
00:30:0D:75:4C:F0,노원,1007
00:30:0D:7F:12:B0,태릉입구,1007
00:30:0D:7F:7A:F0,태릉입구,1007
00:30:0D:74:DA:90,태릉입구,1007
00:30:0D:74:55:50,태릉입구,1007
00:30:0D:74:D1:50,태릉입구,1007
00:30:0D:74:CE:10,태릉입구,1007
00:30:0D:73:7D:10,태릉입구,1007
00:30:0D:7B:E0:30,상봉,1007
00:30:0D:7C:B4:90,상봉,1007
00:30:0D:7A:C6:D0,상봉,1007
00:30:0D:7C:AD:50,상봉,1007
00:30:0D:7D:09:F0,상봉,1007
00:30:0D:7C:C0:50,상봉,1007
00:30:0D:7B:5E:D0,상봉,1007
00:30:0D:73:DE:90,상봉,1007
00:30:0D:7C:35:70,상봉,1007
00:30:0D:80:25:D0,군자,1007
00:30:0D:80:18:B0,군자,1007
00:30:0D:7E:9F:30,군자,1007
00:30:0D:7E:B4:D0,군자,1007
00:30:0D:72:BA:30,신도림,1001
00:17:B2:00:BE:9C,의왕,1001
00:17:B2:00:C1:12,성균관대,1001
00:17:B2:00:BE:F0,성균관대,1001
00:17:B2:00:BE:B4,성균관대,1001
00:17:B2:00:C1:1E,성균관대,1001
00:17:B2:00:BE:BA,성균관대,1001
00:30:0D:76:79:6F,건대입구,1002
00:17:B2:00:BD:66,구의,1002
00:17:B2:00:BF:30,구의,1002
00:17:B2:00:BD:6C,구의,1002
00:17:B2:00:C0:BA,구의,1002
00:17:B2:00:BD:2A,구의,1002
00:17:B2:00:C0:90,구의,1002
00:17:B2:00:BD:36,강변,1002
00:17:B2:00:BF:C0,강변,1002
00:17:B2:00:BF:36,강변,1002
00:17:B2:00:BF:5A,강변,1002
00:17:B2:00:BD:4E,강변,1002
00:17:B2:00:BF:BA,강변,1002
00:30:0D:7B:76:4F,잠실,1002
00:30:0D:75:41:8F,잠실,1002
00:30:0D:74:CB:CF,잠실,1002
00:30:0D:57:D1:40,잠실,1002
00:30:0D:54:C9:50,잠실,1002
00:30:0D:54:5D:92,잠실,1002
10:E3:C7:04:2D:BD,잠실,1002
00:30:0D:75:C0:0F,잠실,1002
00:30:0D:75:44:AF,잠실,1002
10:E3:C7:04:2D:AD,잠실,1002
10:E3:C7:04:2D:B9,잠실,1002
00:30:0D:71:DE:8F,잠실,1002
00:30:0D:75:65:CF,잠실,1002
00:30:0D:71:BD:CF,잠실,1002
00:30:0D:61:29:E9,신천,1002
00:30:0D:4F:72:98,신천,1002
00:30:0D:60:EB:63,신천,1002
00:30:0D:61:36:0F,신천,1002
00:30:0D:61:2D:95,신천,1002
00:30:0D:60:F2:99,신천,1002
00:30:0D:54:59:BA,종합운동장,1002
00:30:0D:54:5E:AE,종합운동장,1002
00:30:0D:54:5D:96,종합운동장,1002
00:30:0D:54:5E:A6,종합운동장,1002
00:30:0D:54:8A:66,종합운동장,1002
00:30:0D:54:5D:9C,종합운동장,1002
00:30:0D:54:59:C0,종합운동장,1002
00:30:0D:54:5D:98,종합운동장,1002
00:30:0D:57:D2:64,종합운동장,1002
00:30:0D:74:CC:8F,삼성,1002
00:30:0D:74:CB:AF,삼성,1002
00:30:0D:74:CA:EF,삼성,1002
00:30:0D:81:0A:8F,삼성,1002
00:30:0D:74:51:4F,삼성,1002
00:30:0D:74:4E:6F,삼성,1002
00:30:0D:75:40:AF,선릉,1002
00:30:0D:75:C1:6F,선릉,1002
00:30:0D:75:BE:4F,선릉,1002
00:30:0D:81:2A:6F,선릉,1002
00:30:0D:81:4F:CF,선릉,1002
00:30:0D:81:2A:EF,선릉,1002
00:30:0D:75:BE:8F,선릉,1002
00:30:0D:81:2C:0F,선릉,1002
00:30:0D:75:CE:EF,선릉,1002
00:30:0D:74:C4:0F,역삼,1002
00:30:0D:74:33:6F,역삼,1002
00:30:0D:81:50:8F,역삼,1002
00:30:0D:74:4C:4F,역삼,1002
00:30:0D:74:DB:4F,역삼,1002
00:30:0D:74:48:AF,역삼,1002
00:30:0D:7C:5C:2F,역삼,1002
00:30:0D:61:2D:9D,강남,1002
00:30:0D:61:20:87,강남,1002
00:30:0D:4F:4C:BE,강남,1002
00:30:0D:74:CB:6F,강남,1002
10:E3:C7:04:1F:7D,강남,1002
00:30:0D:74:47:0F,강남,1002
00:30:0D:74:CA:0F,강남,1002
00:30:0D:74:D9:CF,강남,1002
00:30:0D:74:4E:EF,교대,1002
00:30:0D:74:C9:EF,교대,1002
00:30:0D:74:50:CF,교대,1002
00:30:0D:75:44:2F,교대,1002
00:30:0D:7E:DB:EF,교대,1002
00:30:0D:74:C7:EF,교대,1002
00:30:0D:61:2C:C6,대청,1003
00:30:0D:74:5E:90,을지로3가,1003
00:30:0D:74:C8:90,을지로3가,1003
00:30:0D:74:C9:90,을지로3가,1003
00:30:0D:77:66:F0,을지로3가,1003
00:30:0D:71:E6:50,을지로3가,1003
00:30:0D:74:61:10,을지로3가,1003
00:30:0D:75:D8:D0,을지로3가,1003
00:30:0D:75:BF:D0,충무로,1003
00:30:0D:74:C9:D0,충무로,1003
00:30:0D:74:51:30,충무로,1003
00:30:0D:75:4D:10,약수,1003
00:30:0D:75:4C:50,약수,1003
00:40:5a:bb:2d:db,천호,1008
00:40:5a:ba:cf:73,천호,1008
02:07:89:0f:d8:f4,천호,1008
00:40:5a:bc:3a:c3,천호,1008
00:07:89:0f:d8:f0,천호,1008
00:07:89:0f:d8:f5,천호,1008
00:1d:93:2b:1a:a1,천호,1008
00:07:89:0f:d9:0c,천호,1008
00:40:5a:c3:95:8a,천호,1008
02:07:89:0f:d9:0d,천호,1008
02:07:89:0f:d8:f5,천호,1008
00:40:5a:bf:97:bb,천호,1008
00:07:89:0f:d8:f4,천호,1008
00:40:5a:c3:95:8b,천호,1008
02:07:89:0f:d8:f0,천호,1008
00:40:5a:bf:97:ba,천호,1008
04:17:b2:04:7d:d4,강동구청,1008
58:08:fa:00:03:0e,선정릉,1075
12:e3:c7:04:2b:cf,선정릉,1075
12:e3:c7:04:2b:d0,선정릉,1075
58:08:fa:00:02:d2,선정릉,1075
58:08:fa:00:3f:c2,선정릉,1075
12:e3:c7:04:2b:c3,선정릉,1075
10:e3:c7:04:2b:db,선정릉,1075
5a:08:fa:00:03:0f,선정릉,1075
10:e3:c7:04:2b:c4,선정릉,1075
5a:08:fa:00:02:d3,선정릉,1075
5a:08:fa:00:03:0e,선정릉,1075
10:e3:c7:04:2b:c3,선정릉,1075
10:e3:c7:04:2b:cf,선정릉,1075
10:e3:c7:04:2b:d0,선정릉,1075
5a:08:fa:00:02:d2,선정릉,1075
58:08:fa:00:03:a7,선정릉,1075
58:08:fa:00:03:a6,선정릉,1075
5a:08:fa:00:03:a7,선정릉,1075
5a:08:fa:00:03:a6,선정릉,1075
58:08:fa:00:03:7f,선정릉,1075
12:e3:c7:04:2b:c8,선정릉,1075
58:08:fa:00:03:7e,선정릉,1075
12:e3:c7:04:2b:d3,선정릉,1075
12:e3:c7:04:2b:c7,선정릉,1075
5a:08:fa:00:08:7a,선정릉,1075
5a:08:fa:00:03:7f,선정릉,1075
10:e3:c7:04:2b:c8,선정릉,1075
5a:08:fa:00:03:7e,선정릉,1075
06:0e:47:01:29:f2,선정릉,1075
10:e3:c7:04:2b:c7,선정릉,1075
10:e3:c7:04:2b:d3,선정릉,1075
00:25:a6:a5:05:58,뚝섬유원지,1007
00:17:b2:01:a9:92,뚝섬유원지,1007
00:40:5a:c0:50:32,뚝섬유원지,1007
00:40:5a:bf:df:4a,뚝섬유원지,1007
00:25:a6:a5:05:57,뚝섬유원지,1007
00:40:5a:bf:ab:02,뚝섬유원지,1007
00:40:5a:c0:50:33,뚝섬유원지,1007
00:17:b2:01:a9:90,뚝섬유원지,1007
00:17:b2:01:aa:28,뚝섬유원지,1007
00:40:5a:bf:df:4b,뚝섬유원지,1007
00:40:5a:bf:ab:03,뚝섬유원지,1007
00:40:5a:bf:87:a2,뚝섬유원지,1007
00:40:5a:c0:13:ba,건대입구,1007
00:07:89:0f:d8:78,건대입구,1007
00:07:89:0f:d8:79,건대입구,1007
00:40:5a:bf:d3:2a,건대입구,1007
00:07:89:0f:d8:e1,건대입구,1007
00:07:89:0f:d8:d1,건대입구,1007
00:07:89:0f:d8:95,건대입구,1007
00:40:5a:c0:00:02,건대입구,1007
0a:30:0d:73:3a:d1,건대입구,1007
02:07:89:0f:d8:78,건대입구,1007
00:40:5a:c0:13:bb,건대입구,1007
00:07:89:0f:fc:21,죽전,1075
00:07:89:0f:fd:29,죽전,1075
00:40:5a:e5:75:62,죽전,1075
00:07:89:0f:fb:3d,죽전,1075
00:07:89:0f:fd:28,죽전,1075
00:40:5a:e5:57:82,죽전,1075
00:07:89:0f:fd:39,죽전,1075
00:40:5a:e5:71:aa,죽전,1075
00:40:5a:e5:66:d2,죽전,1075
00:40:5a:e5:74:42,죽전,1075
00:07:89:0f:fd:f5,죽전,1075
00:07:89:0f:fc:19,죽전,1075
02:07:89:0f:fc:21,죽전,1075
02:07:89:0f:fd:29,죽전,1075
02:07:89:0f:fb:3d,죽전,1075
00:40:5a:e5:75:63,죽전,1075
00:40:5a:e5:57:83,죽전,1075
00:40:5a:c0:39:bb,건대입구,1007
00:07:89:0f:d8:e0,건대입구,1007
0a:30:0d:72:e3:71,건대입구,1007
00:40:5a:e4:b5:02,건대입구,1007
00:40:5a:c0:39:a2,건대입구,1007
02:07:89:0f:fc:19,죽전,1075
00:40:5a:e5:6a:f2,죽전,1075
00:40:5a:e5:6a:f3,죽전,1075
00:40:5a:e5:71:ab,죽전,1075
00:07:89:0f:fc:2d,죽전,1075
00:07:89:0f:fc:20,죽전,1075
02:07:89:0f:fb:3c,죽전,1075
00:07:89:0f:fb:3c,죽전,1075
00:07:89:0f:fd:38,죽전,1075
02:07:89:0f:fc:2c,죽전,1075
02:07:89:0f:fc:18,죽전,1075
00:07:89:0f:fc:2c,죽전,1075
02:07:89:0f:fd:38,죽전,1075
00:07:89:0f:fd:31,죽전,1075
02:07:89:0f:fd:f4,죽전,1075
00:07:89:0f:fd:f4,죽전,1075
00:07:89:0f:fc:18,죽전,1075
02:07:89:0f:fc:2d,죽전,1075
02:07:89:0f:fd:28,죽전,1075
02:17:b2:02:45:f4,계양,1065
06:40:5a:cd:74:0e,계양,1065
00:40:5a:cd:73:92,계양,1065
00:40:5a:cd:74:0e,계양,1065
00:40:5a:c3:d7:3a,계양,1065
00:40:5a:c4:0c:22,계양,1065
06:27:1c:09:9f:0c,계양,1065
00:40:5a:c4:0e:2a,계양,1065
00:40:5a:cd:71:a6,계양,1065
00:40:5a:cd:75:0a,계양,1065
00:27:1c:09:9f:0c,계양,1065
00:40:5a:c4:0c:23,계양,1065
00:40:5a:c3:d7:3b,계양,1065
00:40:5a:c4:0e:2b,계양,1065
00:40:5a:cd:71:a5,계양,1065
06:40:5a:cd:74:0d,계양,1065
00:25:a6:a5:2a:73,계양,1065
00:07:89:0f:21:af,김포공항,1065
0a:30:0d:7f:1c:d1,디지털미디어시티,1065
00:09:b4:61:44:07,디지털미디어시티,1065
00:09:b4:61:3d:ca,디지털미디어시티,1065
00:30:0d:7f:1c:d0,디지털미디어시티,1065
00:30:0d:7f:1c:c0,디지털미디어시티,1065
06:30:0d:7f:1c:c1,디지털미디어시티,1065
02:09:b4:61:42:23,디지털미디어시티,1065
00:09:b4:61:42:23,디지털미디어시티,1065
00:09:b4:61:44:47,디지털미디어시티,1065
0a:30:0d:7f:f8:b1,디지털미디어시티,1065
0a:30:0d:7f:80:31,디지털미디어시티,1065
06:30:0d:7f:80:21,디지털미디어시티,1065
0a:30:0d:7f:1c:f1,디지털미디어시티,1065
06:30:0d:7f:f8:a1,디지털미디어시티,1065
06:30:0d:7f:1c:e1,디지털미디어시티,1065
02:09:b4:61:42:22,디지털미디어시티,1065
02:09:b4:61:44:47,디지털미디어시티,1065
02:09:b4:61:44:46,디지털미디어시티,1065
00:30:0d:7f:f8:b0,디지털미디어시티,1065
02:09:b4:61:3d:2f,디지털미디어시티,1065
00:30:0d:7f:80:30,디지털미디어시티,1065
00:30:0d:7f:80:20,디지털미디어시티,1065
00:30:0d:7f:f8:a0,디지털미디어시티,1065
00:30:0d:7f:1c:e0,디지털미디어시티,1065
02:09:b4:61:44:7e,디지털미디어시티,1065
00:09:b4:61:44:46,디지털미디어시티,1065
00:09:b4:61:3d:2f,디지털미디어시티,1065
00:09:b4:61:41:a7,디지털미디어시티,1065
00:09:b4:61:3d:2e,디지털미디어시티,1065
02:09:b4:61:41:a7,디지털미디어시티,1065
00:30:0d:7f:1c:f0,디지털미디어시티,1065
02:09:b4:61:3d:2e,디지털미디어시티,1065
00:09:b4:61:42:22,디지털미디어시티,1065
00:30:0d:7d:28:80,도곡,1003
06:30:0d:7d:28:81,도곡,1003
00:40:5a:bb:52:52,도곡,1003
02:07:89:0f:d6:0d,도곡,1003
06:30:0d:7d:20:01,도곡,1003
00:07:89:0f:d6:14,도곡,1003
00:07:89:0f:d6:10,도곡,1003
00:07:89:0f:d6:15,도곡,1003
0a:30:0d:7d:20:11,도곡,1003
00:07:89:0f:d6:01,도곡,1003
00:17:B2:00:BE:72,성균관대,1001
00:17:B2:00:C1:18,화서,1001
00:17:B2:00:BE:CC,화서,1001
00:17:B2:00:C1:5A,화서,1001
00:17:B2:00:C1:48,화서,1001
00:17:B2:00:BF:12,화서,1001
00:17:B2:00:C1:24,화서,1001
00:17:B2:01:AE:E0,회기,1001
00:17:B2:01:AE:40,회기,1001
00:17:B2:01:A8:50,회기,1001
00:17:B2:01:AE:68,회기,1001
00:17:B2:01:AF:40,회기,1001
00:17:B2:01:A9:B8,회기,1001
00:30:0D:74:61:C0,청량리,1001
00:30:0D:74:4D:E0,청량리,1001
00:30:0D:74:4D:60,청량리,1001
00:30:0D:74:4D:40,청량리,1001
00:30:0D:74:4D:80,청량리,1001
00:30:0D:75:41:40,청량리,1001
00:30:0D:61:39:BC,제기동,1001
00:30:0D:61:37:8E,제기동,1001
00:30:0D:61:1E:F6,제기동,1001
00:30:0D:61:38:3E,제기동,1001
00:30:0D:61:2D:7E,제기동,1001
00:30:0D:61:1F:3A,제기동,1001
00:30:0D:61:2D:7A,제기동,1001
00:30:0D:61:38:40,제기동,1001
00:30:0D:75:D7:60,신설동,1001
00:30:0D:75:59:C0,신설동,1001
00:30:0D:74:DE:00,신설동,1001
00:30:0D:75:D7:A0,신설동,1001
00:30:0D:75:59:00,신설동,1001
00:30:0D:73:42:80,신설동,1001
00:30:0D:74:D9:40,신설동,1001
00:30:0D:75:D7:80,신설동,1001
00:30:0D:7B:76:C0,동묘앞,1001
00:30:0D:7A:9C:20,동묘앞,1001
00:30:0D:7B:98:60,동묘앞,1001
00:30:0D:7A:55:E0,동묘앞,1001
00:30:0D:74:2B:80,동묘앞,1001
00:30:0D:7C:EA:00,동묘앞,1001
00:30:0D:7B:81:A0,동묘앞,1001
00:30:0D:76:D0:40,동대문,1001
00:30:0D:74:CC:00,동대문,1001
00:30:0D:74:DF:00,동대문,1001
00:30:0D:74:60:E0,동대문,1001
00:30:0D:74:55:20,동대문,1001
00:30:0D:72:15:C0,동대문,1001
00:30:0D:72:2C:80,동대문,1001
00:30:0D:72:28:00,동대문,1001
00:30:0D:75:4D:40,종로5가,1001
00:30:0D:75:CB:A0,종로5가,1001
00:30:0D:75:4C:A0,종로5가,1001
00:30:0D:75:CD:60,종로5가,1001
00:30:0D:81:43:20,종로5가,1001
00:30:0D:61:0E:84,종로5가,1001
00:30:0D:61:03:E6,종로5가,1001
00:30:0D:75:CB:40,종로5가,1001
00:30:0D:74:D0:80,종로3가,1001
00:30:0D:74:55:E0,종로3가,1001
00:30:0D:74:54:60,종로3가,1001
00:30:0D:74:56:40,종로3가,1001
00:30:0D:74:CB:00,종로3가,1001
00:30:0D:74:4E:40,종로3가,1001
00:30:0D:74:D0:E0,종로3가,1001
00:30:0D:74:D1:00,종로3가,1001
00:30:0D:74:54:80,종로3가,1001
00:30:0D:74:D0:C0,종로3가,1001
00:30:0D:74:55:60,종로3가,1001
00:30:0D:74:D0:A0,종로3가,1001
00:30:0D:61:2D:92,종각,1001
00:30:0D:60:F3:82,종각,1001
00:30:0D:61:38:32,종각,1001
00:30:0D:61:30:3E,종각,1001
00:30:0D:61:2D:9E,종각,1001
00:30:0D:61:2D:3A,종각,1001
00:30:0D:61:39:A4,종각,1001
00:27:1C:09:A1:5A,종각,1001
00:30:0D:61:04:BC,종각,1001
00:30:0D:74:55:A0,시청,1001
00:30:0D:74:D1:80,시청,1001
00:30:0D:74:56:A0,시청,1001
00:30:0D:72:DE:80,시청,1001
00:30:0D:74:D2:00,시청,1001
00:30:0D:74:57:C0,시청,1001
00:30:0D:74:58:40,시청,1001
00:30:0D:60:EC:10,시청,1001
00:30:0D:61:02:78,시청,1001
00:30:0D:60:F2:A0,시청,1001
00:30:0D:61:02:00,시청,1001
00:30:0D:74:57:00,시청,1001
00:30:0D:61:30:16,수내,1075
00:30:0D:74:57:40,시청,1001
00:30:0D:74:DB:10,약수,1003
00:30:0D:72:12:50,약수,1003
00:30:0D:80:FF:10,압구정,1003
00:30:0D:74:64:30,압구정,1003
00:30:0D:74:63:F0,압구정,1003
00:30:0D:76:6F:10,압구정,1003
00:30:0D:80:FA:10,압구정,1003
00:30:0D:75:47:70,압구정,1003
00:30:0D:75:C0:D0,압구정,1003
00:30:0D:74:DE:90,압구정,1003
00:30:0D:7E:CE:90,고속터미널,1003
00:30:0D:79:BC:B0,고속터미널,1003
00:30:0D:75:42:D0,고속터미널,1003
00:30:0D:74:48:50,고속터미널,1003
00:30:0D:74:57:B0,고속터미널,1003
00:30:0D:75:44:D0,고속터미널,1003
00:30:0D:74:CF:70,고속터미널,1003
00:30:0D:74:60:10,고속터미널,1003
00:30:0D:81:32:30,고속터미널,1003
00:30:0D:74:48:30,교대,1003
00:30:0D:75:C2:90,교대,1003
00:30:0D:75:4C:90,교대,1003
00:30:0D:75:CD:B0,교대,1003
00:30:0D:74:48:10,교대,1003
00:30:0D:74:4B:B0,교대,1003
00:30:0D:72:13:F0,남부터미널,1003
00:30:0D:75:C2:70,남부터미널,1003
00:30:0D:72:52:D0,남부터미널,1003
00:30:0D:74:30:B0,남부터미널,1003
00:30:0D:73:4F:B0,남부터미널,1003
00:30:0D:71:E9:10,남부터미널,1003
00:30:0D:73:2C:B0,남부터미널,1003
00:30:0D:72:FE:B0,남부터미널,1003
00:30:0D:72:F2:50,남부터미널,1003
00:30:0D:80:FB:10,양재,1003
00:30:0D:75:CB:70,양재,1003
00:30:0D:7B:53:50,양재,1003
00:30:0D:75:CB:30,양재,1003
00:30:0D:7B:86:F0,양재,1003
00:30:0D:7F:79:50,도곡,1003
00:30:0D:7D:20:10,도곡,1003
00:30:0D:7B:FC:30,도곡,1003
00:30:0D:7D:28:90,도곡,1003
00:30:0D:7C:C7:B0,도곡,1003
00:30:0D:7C:65:90,도곡,1003
00:30:0D:7F:A9:10,수서,1003
00:30:0D:80:0F:B0,수서,1003
00:30:0D:80:23:70,수서,1003
00:30:0D:80:10:50,수서,1003
00:30:0D:80:23:90,수서,1003
00:30:0D:7F:06:B0,수서,1003
00:30:0D:7F:95:F0,수서,1003
00:30:0D:80:50:D0,수서,1003
00:30:0D:7F:A9:30,수서,1003
00:30:0D:73:86:B0,가락시장,1003
00:30:0D:78:00:D0,가락시장,1003
00:30:0D:79:EB:F0,가락시장,1003
00:30:0D:73:81:50,가락시장,1003
00:30:0D:73:BE:B0,가락시장,1003
00:30:0D:73:87:B0,가락시장,1003
00:30:0D:72:40:D0,가락시장,1003
00:30:0D:72:52:F0,가락시장,1003
00:30:0D:72:3F:90,가락시장,1003
00:30:0D:7E:4C:10,오금,1003
00:30:0D:81:02:B0,오금,1003
00:30:0D:80:F2:50,오금,1003
00:30:0D:80:F3:F0,오금,1003
00:30:0D:81:02:90,오금,1003
00:30:0D:7E:1D:30,오금,1003
00:30:0D:7E:0D:F0,오금,1003
00:30:0D:81:0E:EF,총신대입구(이수),1004
00:30:0D:75:5A:4F,총신대입구(이수),1004
10:E3:C7:04:2F:09,총신대입구(이수),1004
00:30:0D:74:60:8F,총신대입구(이수),1004
00:30:0D:75:C1:EF,총신대입구(이수),1004
00:30:0D:74:71:AF,총신대입구(이수),1004
00:30:0D:75:5A:6F,총신대입구(이수),1004
00:40:5a:e5:74:43,죽전,1075
02:07:89:0f:fd:39,죽전,1075
00:40:5a:e5:66:d3,죽전,1075
06:40:5a:cd:74:01,계양,1065
00:40:5a:b7:73:4a,김포공항,1065
02:07:89:0f:21:af,김포공항,1065
02:07:89:0f:21:96,김포공항,1065
00:16:1f:03:6e:c3,국회의사당,1009
02:09:b4:61:1a:13,국회의사당,1009
5a:08:fa:00:11:6f,국회의사당,1009
00:16:1f:03:60:be,국회의사당,1009
00:40:5a:bb:26:5b,국회의사당,1009
02:09:b4:61:1a:12,국회의사당,1009
00:40:5a:bb:61:83,국회의사당,1009
00:40:5a:ba:ef:aa,국회의사당,1009
00:40:5a:ba:f2:0a,국회의사당,1009
00:09:b4:61:1a:83,국회의사당,1009
00:40:5a:ba:ef:ab,국회의사당,1009
00:40:5a:bb:0c:c3,국회의사당,1009
5a:08:fa:00:11:6e,국회의사당,1009
02:09:b4:61:1a:83,국회의사당,1009
02:07:89:14:6f:45,대청,1003
00:40:5a:bb:8d:73,대청,1003
00:40:5a:bb:9f:9b,대청,1003
02:07:89:14:6e:99,대청,1003
00:16:1f:03:78:22,대청,1003
02:07:89:14:6f:49,대청,1003
00:16:1f:03:51:32,대청,1003
00:40:5a:bb:95:b3,대청,1003
00:40:5a:bb:4e:92,대청,1003
00:40:5a:bb:96:0a,대청,1003
12:16:1f:03:4d:5a,대청,1003
00:07:89:14:6f:39,대청,1003
12:16:1f:03:4a:02,대청,1003
12:16:1f:03:4a:03,대청,1003
00:40:5a:bb:96:0b,대청,1003
00:16:1f:03:4d:5a,대청,1003
00:16:1f:03:4d:5b,대청,1003
00:16:1f:03:4a:02,대청,1003
00:40:5a:bb:4e:93,대청,1003
02:07:89:14:6f:39,대청,1003
00:16:1f:03:4a:03,대청,1003
02:07:89:14:6f:38,대청,1003
00:07:89:14:6e:98,대청,1003
12:16:1f:03:2f:86,대청,1003
00:07:89:14:6f:49,대청,1003
00:07:89:14:6f:38,대청,1003
02:07:89:14:6e:98,대청,1003
00:16:1f:03:78:23,대청,1003
00:16:1f:03:2f:87,대청,1003
00:16:1f:03:51:33,대청,1003
02:07:89:14:6e:84,대청,1003
02:07:89:14:6f:48,대청,1003
02:07:89:14:6f:15,대청,1003
00:16:1f:03:79:da,대청,1003
00:40:5a:bb:97:2b,대청,1003
02:07:89:0f:d6:bd,수서,1075
00:40:5a:c0:0c:cb,수서,1075
00:40:5a:c0:0c:ca,수서,1075
02:07:89:0f:d6:41,수서,1075
00:07:89:0f:d6:cc,수서,1075
00:07:89:0f:d6:c0,수서,1075
00:07:89:0f:d6:d8,수서,1075
02:07:89:0f:d6:d9,수서,1075
00:16:1f:03:82:db,수서,1075
00:40:5a:c0:0f:5b,복정,1075
00:40:5a:c0:02:fa,복정,1075
00:07:89:0f:d6:39,복정,1075
00:16:1f:03:39:3b,복정,1075
00:07:89:0f:d4:74,복정,1075
12:16:1f:03:39:3a,복정,1075
12:16:1f:03:6b:a2,복정,1075
02:07:89:0f:d6:39,복정,1075
02:07:89:0f:d4:74,복정,1075
00:07:89:0f:d6:28,복정,1075
00:16:1f:03:6b:a2,복정,1075
00:40:5a:c0:11:f2,복정,1075
00:07:89:0f:d6:38,복정,1075
00:40:5a:c0:0c:02,복정,1075
06:30:0d:75:c2:61,남부터미널,1003
00:30:0d:75:c2:60,남부터미널,1003
00:07:89:0f:24:1b,남부터미널,1003
00:40:5a:af:17:e3,남부터미널,1003
0a:30:0d:75:c2:71,남부터미널,1003
00:40:5a:af:11:93,남부터미널,1003
00:07:89:0f:24:27,남부터미널,1003
00:40:5a:af:11:92,남부터미널,1003
02:07:89:0f:24:27,남부터미널,1003
0a:30:0d:7c:65:91,도곡,1003
00:40:5a:bb:4b:c2,도곡,1003
06:30:0d:7c:65:81,도곡,1003
00:07:89:0f:d6:0d,도곡,1003
02:07:89:0f:d6:10,도곡,1003
02:07:89:0f:d6:14,도곡,1003
00:30:0d:7d:20:00,도곡,1003
00:30:0d:7d:20:10,도곡,1003
02:07:89:0f:d6:01,도곡,1003
00:40:5a:b2:2c:9a,옥수,1003
00:40:5a:bf:df:4a,뚝섬유원지,1007
00:17:b2:01:aa:6a,뚝섬유원지,1007
00:07:89:10:5a:76,뚝섬유원지,1007
00:25:a6:a4:3f:a0,뚝섬유원지,1007
02:17:b2:02:80:ba,뚝섬유원지,1007
00:40:5a:c0:50:32,뚝섬유원지,1007
00:17:b2:01:aa:2a,뚝섬유원지,1007
00:40:5a:bf:87:a2,뚝섬유원지,1007
02:17:b2:02:7f:76,뚝섬유원지,1007
00:17:b2:01:aa:9a,뚝섬유원지,1007
00:07:89:10:58:df,뚝섬유원지,1007
00:17:b2:01:aa:68,뚝섬유원지,1007
00:25:a6:a5:05:58,뚝섬유원지,1007
00:40:5a:bf:ab:03,뚝섬유원지,1007
00:40:5a:bf:df:4b,뚝섬유원지,1007
00:25:a6:a4:3f:a1,뚝섬유원지,1007
02:07:89:10:5a:76,뚝섬유원지,1007
02:17:b2:02:80:b8,뚝섬유원지,1007
04:17:b2:04:80:b8,뚝섬유원지,1007
00:40:5a:c0:50:33,뚝섬유원지,1007
00:17:b2:01:aa:28,뚝섬유원지,1007
00:40:5a:bf:87:a3,뚝섬유원지,1007
02:17:b2:02:80:bc,뚝섬유원지,1007
00:17:b2:01:aa:98,뚝섬유원지,1007
02:07:89:10:58:df,뚝섬유원지,1007
00:40:5a:bf:c8:6b,뚝섬유원지,1007
06:17:b2:04:80:ba,뚝섬유원지,1007
02:17:b2:02:80:be,뚝섬유원지,1007
02:17:b2:02:7f:72,뚝섬유원지,1007
04:17:b2:04:80:bc,뚝섬유원지,1007
02:07:89:10:45:0b,뚝섬유원지,1007
02:07:89:10:5a:49,뚝섬유원지,1007
00:1d:93:0b:c6:50,뚝섬유원지,1007
00:40:5a:c0:2b:22,뚝섬유원지,1007
00:1d:93:0b:c6:52,뚝섬유원지,1007
00:25:a6:a4:66:c4,뚝섬유원지,1007
00:1d:93:0b:ac:66,뚝섬유원지,1007
00:40:5a:c0:2b:23,뚝섬유원지,1007
00:25:a6:a4:66:c5,뚝섬유원지,1007
00:1d:93:0b:ac:64,뚝섬유원지,1007
00:25:a6:a3:9b:c7,뚝섬유원지,1007
00:25:a6:a3:9b:c8,뚝섬유원지,1007
00:40:5a:bf:d3:2a,건대입구,1007
00:07:89:0f:d8:78,건대입구,1007
00:07:89:0f:d8:79,건대입구,1007
06:30:0d:72:e3:61,건대입구,1007
06:30:0d:72:e3:a1,건대입구,1007
00:40:5a:bf:d3:2b,건대입구,1007
00:30:0d:72:e3:60,건대입구,1007
00:30:0d:72:e3:90,건대입구,1007
00:07:89:0f:d8:94,건대입구,1007
00:1e:b2:93:26:ec,건대입구,1007
00:40:5a:bf:f0:a2,건대입구,1007
00:07:89:0f:d8:95,건대입구,1007
0a:30:0d:72:e3:91,건대입구,1007
00:07:89:0f:d8:d0,건대입구,1007
00:07:89:0f:d8:d1,건대입구,1007
00:30:0d:72:e3:a0,건대입구,1007
00:40:5a:bf:f0:a3,건대입구,1007
00:07:89:0f:d8:e1,건대입구,1007
00:40:5a:c0:00:03,건대입구,1007
00:30:0d:72:e3:b0,건대입구,1007
00:40:5a:c0:13:bb,건대입구,1007
00:40:5a:c0:00:02,건대입구,1007
00:07:89:0f:d9:85,건대입구,1007
02:07:89:0f:d8:78,건대입구,1007
00:40:5a:c0:13:ba,건대입구,1007
02:07:89:0f:d8:79,건대입구,1007
00:40:5a:c0:39:ba,건대입구,1007
02:07:89:0f:d8:94,건대입구,1007
00:30:0D:74:CF:A0,시청,1001
00:30:0D:74:59:00,시청,1001
00:30:0D:74:D9:00,서울,1001
00:30:0D:77:73:A0,서울,1001
00:30:0D:76:FA:80,서울,1001
00:30:0D:74:58:00,서울,1001
00:30:0D:74:5F:E0,서울,1001
00:30:0D:75:59:E0,서울,1001
00:30:0D:7F:64:C0,서울,1001
00:30:0D:72:DD:20,서울,1001
00:1D:93:0B:CD:24,용산,1001
00:1D:93:0B:C7:80,용산,1001
00:1D:93:08:C2:E8,용산,1001
00:1D:93:08:AF:D8,용산,1001
00:1D:93:0B:A7:58,용산,1001
00:1D:93:0B:F5:38,용산,1001
00:1D:93:21:B6:60,용산,1001
00:1D:93:0B:A6:DC,용산,1001
00:1D:93:08:C0:54,용산,1001
00:1D:93:0B:B2:38,용산,1001
00:1D:93:21:BB:58,노량진,1001
00:1D:93:08:BC:78,노량진,1001
00:1D:93:00:5E:00,노량진,1001
00:1D:93:0B:C4:E4,노량진,1001
00:1D:93:08:C6:8C,대방,1001
00:1D:93:0B:BA:D0,대방,1001
00:1D:93:21:B5:74,대방,1001
00:1D:93:00:54:C4,대방,1001
00:1D:93:0B:BA:18,신길,1001
00:1D:93:00:54:28,신길,1001
00:1D:93:0B:CB:90,신길,1001
00:1D:93:0B:C0:DC,신길,1001
00:1D:93:00:56:B8,신길,1001
00:1D:93:08:CE:B0,신길,1001
00:30:0D:72:BA:20,신도림,1001
00:30:0D:73:1B:40,신도림,1001
00:30:0D:72:BB:40,신도림,1001
00:30:0D:73:5E:20,신도림,1001
00:30:0D:72:E7:80,신도림,1001
00:30:0D:73:0C:00,신도림,1001
00:30:0D:73:5E:A0,신도림,1001
00:30:0D:73:1B:20,신도림,1001
00:30:0D:72:E6:20,신도림,1001
00:17:B2:03:3F:20,구로,1001
00:1D:93:21:BA:C8,구로,1001
00:1D:93:0B:B0:A0,구로,1001
00:1D:93:0B:CA:18,구로,1001
00:1D:93:21:C0:04,구로,1001
00:1D:93:0B:C9:2C,구로,1001
00:1D:93:0E:F3:E4,구로,1001
00:1D:93:00:56:28,구로,1001
00:17:B2:01:AA:70,부평,1001
00:17:B2:01:A9:C8,부평,1001
00:17:B2:01:AE:00,부평,1001
00:17:B2:01:AA:C0,부평,1001
00:17:B2:01:AB:20,부평,1001
00:17:B2:01:A9:F8,부평,1001
00:17:B2:01:AE:70,가산디지털단지,1001
00:17:B2:01:AE:D0,가산디지털단지,1001
00:17:B2:01:AD:A8,가산디지털단지,1001
00:17:B2:01:AF:00,가산디지털단지,1001
00:17:B2:01:AE:B0,가산디지털단지,1001
00:17:B2:01:AF:58,가산디지털단지,1001
00:17:B2:01:AA:E8,독산,1001
00:17:B2:01:AA:00,독산,1001
00:17:B2:01:AF:20,독산,1001
00:17:B2:01:AE:20,독산,1001
00:17:B2:01:AF:18,독산,1001
00:17:B2:01:AE:A0,독산,1001
00:17:B2:01:A8:A0,금천구청,1001
00:17:B2:01:AE:B8,금천구청,1001
00:17:B2:01:AE:50,금천구청,1001
00:17:B2:01:AE:30,금천구청,1001
00:17:B2:01:AE:38,금천구청,1001
00:17:B2:01:AE:60,금천구청,1001
00:17:B2:01:AF:38,석수,1001
00:17:B2:01:AE:C8,석수,1001
00:17:B2:01:AB:40,석수,1001
00:17:B2:01:AF:70,석수,1001
00:17:B2:01:A8:60,석수,1001
00:17:B2:01:AF:A0,관악,1001
00:17:B2:01:AE:78,관악,1001
00:17:B2:01:A8:78,관악,1001
00:17:B2:01:AE:E8,관악,1001
00:17:B2:01:A8:68,관악,1001
00:17:B2:01:AD:90,관악,1001
00:17:B2:01:AE:D8,명학,1001
00:17:B2:01:AF:10,명학,1001
00:17:B2:01:A8:80,명학,1001
00:17:B2:01:AD:80,명학,1001
00:17:B2:01:AF:A8,명학,1001
00:17:B2:01:AE:80,명학,1001
00:17:B2:01:AF:C8,금정,1001
00:30:0D:75:BD:EF,사당,1004
00:30:0D:75:42:4F,사당,1004
00:30:0D:75:42:0F,사당,1004
00:30:0D:75:42:EF,사당,1004
00:30:0D:78:EC:CF,사당,1004
00:30:0D:75:C0:4F,사당,1004
00:30:0D:75:43:4F,사당,1004
00:30:0D:75:43:2F,사당,1004
00:30:0D:75:C0:8F,사당,1004
00:30:0D:75:41:0F,사당,1004
00:30:0D:61:06:6F,남태령,1004
00:30:0D:62:33:53,남태령,1004
00:30:0D:61:06:87,남태령,1004
00:30:0D:60:F7:69,남태령,1004
00:30:0D:60:EB:41,남태령,1004
00:30:0D:61:03:75,남태령,1004
00:30:0D:61:34:9B,남태령,1004
00:30:0D:60:F6:FF,남태령,1004
00:30:0D:63:87:F3,과천,1004
00:30:0D:57:D2:5A,과천,1004
00:30:0D:57:D6:14,과천,1004
00:30:0D:57:D2:FC,과천,1004
00:30:0D:57:D3:00,과천,1004
00:30:0D:61:22:93,과천,1004
00:30:0D:57:D5:78,과천,1004
00:17:B2:01:AC:00,당고개,1004
00:17:B2:01:AD:10,당고개,1004
00:17:B2:01:AB:F8,당고개,1004
00:17:B2:01:AC:B8,당고개,1004
00:17:B2:01:A9:08,당고개,1004
00:17:B2:01:A9:20,당고개,1004
00:17:B2:01:AB:C8,상계,1004
00:17:B2:01:AC:50,상계,1004
00:17:B2:01:A9:50,상계,1004
00:17:B2:01:AC:20,상계,1004
00:17:B2:01:AD:60,상계,1004
00:17:B2:01:AD:48,상계,1004
00:17:B2:01:AC:68,노원,1004
00:17:B2:01:AB:F0,노원,1004
00:17:B2:01:AC:18,노원,1004
00:17:B2:01:AB:90,노원,1004
00:17:B2:01:AC:A0,노원,1004
00:17:B2:01:AC:28,노원,1004
00:17:B2:01:AB:A8,창동,1004
00:17:B2:01:AC:58,창동,1004
00:17:B2:01:AB:C0,창동,1004
00:17:B2:01:AB:98,창동,1004
00:17:B2:01:AD:50,창동,1004
00:17:B2:01:AB:D0,창동,1004
00:30:0D:61:29:3A,쌍문,1004
00:30:0D:61:29:BA,쌍문,1004
00:30:0D:61:39:B8,쌍문,1004
00:30:0D:61:32:E4,쌍문,1004
00:30:0D:61:34:E0,쌍문,1004
00:30:0D:61:29:36,쌍문,1004
00:30:0D:61:34:AE,쌍문,1004
00:30:0D:61:34:E2,쌍문,1004
00:30:0D:60:F2:F6,수유,1004
00:30:0D:61:04:A8,수유,1004
00:30:0D:61:02:9C,수유,1004
00:30:0D:61:0D:40,수유,1004
00:30:0D:60:EB:5E,수유,1004
00:30:0D:61:0D:1C,수유,1004
00:30:0D:61:37:2E,미아,1004
00:30:0D:61:37:78,미아,1004
00:30:0D:61:29:8C,미아,1004
00:30:0D:61:1C:FC,미아,1004
00:30:0D:61:34:C8,미아,1004
00:30:0D:61:29:A0,미아,1004
00:30:0D:61:29:7C,미아삼거리,1004
00:30:0D:61:29:82,미아삼거리,1004
00:30:0D:61:34:D0,미아삼거리,1004
00:30:0D:61:29:8A,미아삼거리,1004
00:30:0D:61:34:CA,미아삼거리,1004
00:30:0D:5D:CD:C8,공릉,1007
00:17:B2:00:BC:E4,회기,1001
00:17:B2:00:C1:8A,회기,1001
00:17:B2:00:C2:30,회기,1001
00:17:B2:00:BD:F6,회기,1001
02:07:89:0f:24:1b,남부터미널,1003
00:07:89:0f:24:1a,남부터미널,1003
0a:30:0d:71:e9:11,남부터미널,1003
06:30:0d:71:e9:01,남부터미널,1003
0a:30:0d:7a:c6:b1,도곡,1075
00:16:1f:03:68:cf,도곡,1075
02:07:89:0f:d6:d5,도곡,1075
00:30:0d:74:55:b0,시청,1001
00:30:0d:84:5e:90,시청,1001
02:09:b4:61:19:af,시청,1001
00:40:5a:91:ee:83,시청,1001
0a:30:0d:74:58:11,서울,1001
00:40:5a:91:e6:d2,서울,1001
00:09:b4:61:1a:9b,서울,1001
00:30:0d:74:58:10,서울,1001
00:40:5a:91:e6:d3,서울,1001
02:09:b4:61:1a:9b,서울,1001
00:30:0d:76:fa:80,서울,1001
02:09:b4:61:1a:9a,서울,1001
58:08:fa:00:2d:9f,남영,1001
5a:08:fa:00:2d:9f,남영,1001
5a:08:fa:00:2d:9e,남영,1001
58:08:fa:00:21:63,남영,1001
00:16:1f:03:2f:86,대청,1003
06:17:b2:04:a0:f6,남영,1001
5a:08:fa:00:21:63,남영,1001
04:17:b2:04:a0:f4,남영,1001
02:07:89:0f:21:9f,김포공항,1009
02:07:89:0f:21:9e,김포공항,1009
00:40:5a:b7:63:e2,김포공항,1009
00:07:89:0f:21:8f,김포공항,1009
00:40:5a:b7:77:f2,김포공항,1009
00:07:89:0f:21:b3,김포공항,1009
00:40:5a:b7:77:f3,김포공항,1009
00:40:5a:b7:63:e3,김포공항,1009
02:07:89:0f:21:8f,김포공항,1009
02:07:89:0f:21:b3,김포공항,1009
00:07:89:0f:21:9e,김포공항,1009
02:17:b2:02:57:32,김포공항,1009
00:07:89:0f:21:a2,김포공항,1009
00:40:5a:bf:9f:4a,김포공항,1009
00:07:89:10:49:68,김포공항,1009
02:17:b2:02:65:f6,김포공항,1009
00:40:5a:b7:dc:2a,김포공항,1009
02:07:89:10:59:83,김포공항,1009
00:40:5a:bf:9f:4b,김포공항,1009
02:07:89:0f:21:8e,김포공항,1009
02:17:b2:02:65:f4,김포공항,1009
00:07:89:0f:21:8e,김포공항,1009
02:07:89:0f:21:a2,김포공항,1009
02:07:89:0f:21:b2,김포공항,1009
00:40:5a:bc:31:93,김포공항,1009
00:40:5a:bf:82:13,김포공항,1009
02:07:89:10:49:68,김포공항,1009
00:40:5a:bf:82:12,김포공항,1009
00:07:89:0f:21:b2,김포공항,1009
00:40:5a:b7:dc:2b,김포공항,1009
00:40:5a:bc:31:92,김포공항,1009
00:40:5a:bb:2b:0a,김포공항,1009
00:40:5a:bf:89:82,김포공항,1009
00:07:89:0f:21:a7,김포공항,1009
00:40:5a:bb:8e:4b,경찰병원,1003
02:07:89:14:6f:e8,경찰병원,1003
00:16:1f:03:72:e3,경찰병원,1003
00:07:89:14:6f:e4,경찰병원,1003
02:07:89:14:6e:b4,경찰병원,1003
02:07:89:14:6e:80,경찰병원,1003
12:16:1f:03:6d:3f,경찰병원,1003
00:07:89:14:6f:e8,경찰병원,1003
00:16:1f:03:6b:e2,경찰병원,1003
00:07:89:14:6e:b0,경찰병원,1003
00:40:5a:b8:30:42,경찰병원,1003
00:40:5a:bb:9e:72,경찰병원,1003
00:40:5a:bb:49:b2,경찰병원,1003
00:07:89:14:6e:80,경찰병원,1003
12:16:1f:03:78:ba,경찰병원,1003
00:40:5a:bb:49:b3,경찰병원,1003
00:16:1f:03:5a:46,경찰병원,1003
0a:30:0d:7a:7c:71,가락시장,1003
02:07:89:0f:d9:b9,가락시장,1003
00:30:0d:7a:7c:70,가락시장,1003
00:07:89:0f:d9:b5,가락시장,1003
00:30:0d:73:be:b0,가락시장,1003
12:16:1f:03:4c:02,먹골,1007
12:16:1f:03:4a:8a,먹골,1007
00:40:5a:c0:1c:62,먹골,1007
00:25:a6:a4:37:95,먹골,1007
00:40:5a:c0:39:a3,건대입구,1007
02:07:89:0f:d8:95,건대입구,1007
00:40:5a:c0:39:bb,건대입구,1007
00:40:5a:c0:39:d3,건대입구,1007
00:40:5a:c0:3e:f3,건대입구,1007
02:07:89:0f:d8:d1,건대입구,1007
0a:30:0d:72:e3:b1,건대입구,1007
02:07:89:0f:d8:e1,건대입구,1007
00:40:5a:c0:39:d2,건대입구,1007
02:07:89:0f:d9:85,건대입구,1007
00:40:5a:c0:56:5b,건대입구,1007
00:17:B2:00:BF:06,의왕,1001
00:17:B2:00:C1:2A,의왕,1001
00:30:0D:74:53:F0,영등포구청,1002
00:30:0D:63:5F:45,송파,1008
00:30:0D:61:20:9D,송파,1008
00:30:0D:61:18:27,송파,1008
00:30:0D:72:98:6F,가락시장,1008
00:30:0D:73:A4:EF,가락시장,1008
00:30:0D:7A:7C:6F,가락시장,1008
00:30:0D:72:73:8F,가락시장,1008
00:30:0D:7A:7D:2F,가락시장,1008
00:30:0D:72:5A:AF,가락시장,1008
00:30:0D:7A:6B:4F,가락시장,1008
00:30:0D:5D:DB:B9,문정,1008
00:30:0D:5D:D9:DF,문정,1008
00:30:0D:5D:CA:1F,문정,1008
00:30:0D:63:86:C7,문정,1008
00:16:1F:03:1E:B8,문정,1008
00:30:0D:63:54:0D,장지,1008
00:30:0D:60:F6:CB,장지,1008
00:30:0D:60:F7:C5,장지,1008
00:30:0D:60:F7:13,장지,1008
00:30:0D:60:E6:AB,장지,1008
00:30:0D:60:F7:73,복정,1008
00:30:0D:61:0C:7F,복정,1008
00:30:0D:61:06:51,복정,1008
00:30:0D:7A:C7:0F,복정,1008
00:30:0D:5D:CD:8D,신흥,1008
00:30:0D:5D:DD:2F,신흥,1008
00:30:0D:5D:DD:25,신흥,1008
00:30:0D:5D:DD:2D,신흥,1008
00:30:0D:5D:CD:85,신흥,1008
00:30:0D:5D:DD:2B,신흥,1008
00:30:0D:61:29:99,수진,1008
00:30:0D:54:5E:E0,수진,1008
00:30:0D:54:C5:34,수진,1008
00:30:0D:5D:D7:FD,수진,1008
00:30:0D:54:60:4A,수진,1008
00:30:0D:61:3B:C5,수진,1008
00:30:0D:54:60:E6,모란,1008
00:30:0D:54:54:6A,모란,1008
00:30:0D:54:60:FE,모란,1008
00:30:0D:63:5D:67,모란,1008
00:30:0D:5D:FA:89,모란,1008
00:27:1C:08:C5:08,모란,1008
00:30:0D:5D:CA:0A,암사,1008
00:30:0D:5D:DD:22,암사,1008
00:30:0D:5D:D9:AE,암사,1008
00:17:B2:02:8C:68,암사,1008
00:17:B2:02:A4:58,암사,1008
00:30:0D:5D:D9:B8,암사,1008
00:30:0D:7E:52:00,천호,1008
00:30:0D:7E:40:A0,천호,1008
00:30:0D:7E:24:C0,천호,1008
00:30:0D:7E:51:A0,천호,1008
00:30:0D:7E:5D:20,천호,1008
00:30:0D:63:5F:3A,강동구청,1008
00:30:0D:61:37:8A,강동구청,1008
00:30:0D:61:37:92,강동구청,1008
00:30:0D:61:37:02,강동구청,1008
00:30:0D:61:2C:D4,강동구청,1008
00:30:0D:61:2D:8C,강동구청,1008
00:30:0D:57:CF:B9,몽촌토성,1008
00:30:0D:57:D6:A3,몽촌토성,1008
00:30:0D:57:D6:ED,몽촌토성,1008
00:30:0D:57:D8:25,몽촌토성,1008
00:30:0D:57:D6:FD,몽촌토성,1008
00:30:0D:57:D5:27,몽촌토성,1008
00:17:B2:01:AF:08,금정,1001
00:17:B2:01:AE:90,금정,1001
00:17:B2:01:AF:98,금정,1001
00:17:B2:01:AF:50,금정,1001
00:17:B2:00:C1:6C,회기,1001
00:30:0D:7F:35:D0,군자,1007
00:30:0D:72:E3:B0,건대입구,1007
00:30:0D:72:E3:70,건대입구,1007
00:30:0D:72:E3:90,건대입구,1007
00:30:0D:73:3A:D0,건대입구,1007
00:30:0D:7B:0D:B0,학동,1007
00:30:0D:81:4F:70,고속터미널,1007
00:30:0D:72:1F:90,고속터미널,1007
00:30:0D:72:DE:50,고속터미널,1007
00:30:0D:80:FF:30,고속터미널,1007
00:30:0D:72:E5:D0,고속터미널,1007
00:30:0D:75:CC:90,고속터미널,1007
00:30:0D:72:E0:B0,고속터미널,1007
00:30:0D:74:36:10,고속터미널,1007
00:30:0D:74:D9:90,고속터미널,1007
00:30:0D:75:50:30,총신대입구(이수),1007
10:E3:C7:04:2F:28,총신대입구(이수),1007
00:30:0D:75:50:10,총신대입구(이수),1007
00:30:0D:75:51:10,총신대입구(이수),1007
00:30:0D:75:CF:30,총신대입구(이수),1007
00:30:0D:73:0B:B0,총신대입구(이수),1007
00:30:0D:74:4F:F0,총신대입구(이수),1007
00:30:0D:81:64:70,총신대입구(이수),1007
00:16:1F:03:1C:DF,남성,1007
10:E3:C7:04:01:34,대림,1007
10:E3:C7:04:04:4C,대림,1007
10:E3:C7:04:01:E8,대림,1007
10:E3:C7:04:01:24,대림,1007
10:E3:C7:04:01:20,대림,1007
10:E3:C7:04:03:14,대림,1007
00:30:0D:73:84:D0,남구로,1007
00:30:0D:76:9B:30,가산디지털단지,1007
10:E3:C7:04:03:04,가산디지털단지,1007
00:30:0D:76:99:F0,가산디지털단지,1007
10:E3:C7:04:03:08,가산디지털단지,1007
10:E3:C7:04:06:38,가산디지털단지,1007
10:E3:C7:04:01:3C,가산디지털단지,1007
10:E3:C7:04:03:00,가산디지털단지,1007
10:E3:C7:04:03:10,가산디지털단지,1007
00:16:1F:03:18:C3,온수,1007
00:30:0D:5D:CA:0B,암사,1008
00:30:0D:5D:DD:23,암사,1008
00:30:0D:5D:D9:AF,암사,1008
00:17:B2:02:73:42,암사,1008
00:17:B2:02:79:3E,암사,1008
00:30:0D:5D:D9:B9,암사,1008
00:30:0D:7E:52:0F,천호,1008
00:30:0D:7E:40:AF,천호,1008
00:30:0D:7E:24:CF,천호,1008
00:30:0D:7E:51:AF,천호,1008
00:30:0D:7E:5D:2F,천호,1008
00:30:0D:63:5F:3B,강동구청,1008
00:30:0D:61:37:8B,강동구청,1008
00:30:0D:61:37:93,강동구청,1008
00:30:0D:61:37:03,강동구청,1008
00:30:0D:61:2C:D5,강동구청,1008
00:30:0D:61:2D:8D,강동구청,1008
00:30:0D:57:CF:BA,몽촌토성,1008
00:30:0D:57:D6:A4,몽촌토성,1008
00:30:0D:57:D6:EE,몽촌토성,1008
00:30:0D:57:D8:26,몽촌토성,1008
00:30:0D:57:D6:FE,몽촌토성,1008
00:30:0D:57:D5:28,몽촌토성,1008
00:30:0D:74:31:6F,잠실,1008
00:30:0D:75:C7:4F,잠실,1008
00:30:0D:72:22:6F,잠실,1008
00:30:0D:74:65:4F,잠실,1008
00:30:0D:74:49:EF,잠실,1008
00:30:0D:7E:46:AF,잠실,1008
00:30:0D:73:1A:2F,잠실,1008
00:30:0D:81:05:EF,잠실,1008
00:30:0D:74:4A:01,잠실,1008
00:30:0D:74:61:CF,청량리,1001
00:30:0D:74:4D:EF,청량리,1001
00:30:0D:74:4D:6F,청량리,1001
00:30:0D:74:4D:4F,청량리,1001
00:30:0D:74:4D:8F,청량리,1001
00:30:0D:75:41:4F,청량리,1001
00:30:0D:61:39:BD,제기동,1001
00:30:0D:61:37:8F,제기동,1001
00:30:0D:61:1E:F7,제기동,1001
00:30:0D:61:38:3F,제기동,1001
00:30:0D:61:2D:7F,제기동,1001
00:30:0D:61:1F:3B,제기동,1001
00:30:0D:61:2D:7B,제기동,1001
00:30:0D:61:38:41,제기동,1001
00:30:0D:75:D7:6F,신설동,1001
00:30:0D:75:59:CF,신설동,1001
00:30:0D:74:DE:0F,신설동,1001
00:30:0D:75:D7:AF,신설동,1001
00:30:0D:75:59:0F,신설동,1001
00:30:0D:73:42:8F,신설동,1001
00:30:0D:74:D9:4F,신설동,1001
00:30:0D:75:D7:8F,신설동,1001
00:30:0D:7B:76:CF,동묘앞,1001
00:30:0D:7A:9C:2F,동묘앞,1001
00:30:0D:7B:98:6F,동묘앞,1001
00:30:0D:7A:55:EF,동묘앞,1001
00:30:0D:74:2B:8F,동묘앞,1001
00:30:0D:7C:EA:0F,동묘앞,1001
00:30:0D:7B:81:AF,동묘앞,1001
00:30:0D:76:D0:4F,동대문,1001
00:30:0D:74:CC:0F,동대문,1001
00:30:0D:74:DF:0F,동대문,1001
00:30:0D:74:60:EF,동대문,1001
00:30:0D:74:55:2F,동대문,1001
00:30:0D:72:15:CF,동대문,1001
00:30:0D:72:2C:8F,동대문,1001
00:30:0D:72:28:0F,동대문,1001
00:30:0D:75:4D:4F,종로5가,1001
00:30:0D:75:CB:AF,종로5가,1001
00:30:0D:75:4C:AF,종로5가,1001
00:30:0D:75:CD:6F,종로5가,1001
00:30:0D:81:43:2F,종로5가,1001
00:30:0D:61:0E:85,종로5가,1001
00:30:0D:61:03:E7,종로5가,1001
00:30:0D:75:CB:4F,종로5가,1001
00:30:0D:74:D0:8F,종로3가,1001
00:30:0D:74:55:EF,종로3가,1001
00:30:0D:74:54:6F,종로3가,1001
00:30:0D:74:56:4F,종로3가,1001
00:30:0D:74:CB:0F,종로3가,1001
00:30:0D:74:4E:4F,종로3가,1001
00:30:0D:74:D0:EF,종로3가,1001
00:30:0D:74:D1:0F,종로3가,1001
00:30:0D:74:54:8F,종로3가,1001
00:30:0D:74:D0:CF,종로3가,1001
00:30:0D:74:55:6F,종로3가,1001
00:30:0D:74:D0:AF,종로3가,1001
00:30:0D:61:2D:93,종각,1001
00:30:0D:60:F3:83,종각,1001
00:30:0D:61:38:33,종각,1001
00:30:0D:61:30:3F,종각,1001
00:30:0D:61:2D:9F,종각,1001
00:30:0D:61:2D:3B,종각,1001
00:30:0D:61:39:A5,종각,1001
00:27:1C:09:A1:58,종각,1001
00:30:0D:61:04:BD,종각,1001
00:30:0D:74:55:AF,시청,1001
00:30:0D:74:D1:8F,시청,1001
00:30:0D:74:56:AF,시청,1001
00:30:0D:72:DE:8F,시청,1001
00:30:0D:74:D2:0F,시청,1001
00:30:0D:74:57:CF,시청,1001
00:30:0D:74:58:4F,시청,1001
00:30:0D:60:EC:11,시청,1001
00:30:0D:61:02:79,시청,1001
00:30:0D:60:F2:A1,시청,1001
00:30:0D:61:02:01,시청,1001
00:30:0D:74:57:0F,시청,1001
00:30:0D:74:4F:6F,시청,1001
00:30:0D:74:57:4F,시청,1001
00:30:0D:74:CF:AF,시청,1001
00:30:0D:74:59:0F,시청,1001
00:30:0D:74:D9:0F,서울,1001
00:30:0D:77:73:AF,서울,1001
00:30:0D:76:FA:8F,서울,1001
00:30:0D:74:58:0F,서울,1001
00:30:0D:74:5F:EF,서울,1001
00:30:0D:75:59:EF,서울,1001
00:30:0D:7F:64:CF,서울,1001
00:30:0D:72:DD:2F,서울,1001
00:1D:93:0B:E7:F4,용산,1001
00:1D:93:0B:EE:9A,용산,1001
00:1D:93:08:DC:A6,용산,1001
00:16:1f:03:4c:03,먹골,1007
00:40:5a:c0:39:f3,먹골,1007
00:16:1f:03:4c:02,먹골,1007
00:40:5a:c0:1c:63,먹골,1007
00:25:a6:a4:64:31,먹골,1007
00:16:1f:03:87:a2,먹골,1007
00:25:a6:a4:3c:c1,먹골,1007
00:16:1f:03:87:a3,먹골,1007
00:25:a6:a4:37:94,먹골,1007
00:40:5a:c0:16:92,먹골,1007
00:40:5a:c0:16:93,먹골,1007
0a:30:0d:76:6f:11,압구정,1003
00:40:5a:af:2e:1a,압구정,1003
00:40:5a:c8:58:5b,한강진,1006
00:40:5a:c8:57:6b,한강진,1006
00:40:5a:c8:58:5a,한강진,1006
12:16:1f:03:71:1f,한강진,1006
00:40:5a:bb:b5:9a,한강진,1006
12:16:1f:03:71:1e,한강진,1006
00:25:a6:a5:2e:0c,한강진,1006
00:40:5a:bb:b5:9b,한강진,1006
00:40:5a:c8:57:6a,한강진,1006
00:25:a6:a5:18:44,한강진,1006
00:16:1f:03:54:0b,한강진,1006
00:16:1f:03:71:1e,한강진,1006
00:25:a6:a5:2e:0b,한강진,1006
00:25:a6:a4:61:01,한강진,1006
00:25:a6:a5:2a:23,한강진,1006
00:25:a6:a5:18:45,한강진,1006
00:16:1f:03:80:43,한강진,1006
00:40:5a:c8:54:a2,한강진,1006
00:40:5a:ba:e4:7a,한강진,1006
02:07:89:14:6d:60,강동구청,1008
00:16:1f:03:56:52,강동구청,1008
00:07:89:14:49:3c,강동구청,1008
00:07:89:14:6d:60,강동구청,1008
00:16:1f:03:56:53,강동구청,1008
12:16:1f:03:56:53,강동구청,1008
00:40:5a:bb:22:0b,강동구청,1008
12:16:1f:03:56:52,강동구청,1008
00:40:5a:bf:77:d2,강동구청,1008
00:40:5a:bf:77:d3,강동구청,1008
00:40:5a:bb:22:0a,강동구청,1008
22:e3:c7:05:16:e2,강동구청,1008
00:40:5a:bb:1a:b2,몽촌토성,1008
00:16:1f:03:6c:d6,몽촌토성,1008
00:07:89:14:6d:3d,몽촌토성,1008
00:07:89:14:6d:51,몽촌토성,1008
00:07:89:14:6d:29,몽촌토성,1008
02:07:89:14:6d:3d,몽촌토성,1008
02:07:89:14:6d:51,몽촌토성,1008
12:16:1f:03:70:97,몽촌토성,1008
00:40:5a:bb:1a:b3,몽촌토성,1008
12:16:1f:03:70:96,몽촌토성,1008
00:16:1f:03:70:96,몽촌토성,1008
12:16:1f:03:7f:93,몽촌토성,1008
00:16:1f:03:7f:93,몽촌토성,1008
00:16:1f:03:70:97,몽촌토성,1008
00:16:1f:03:39:73,몽촌토성,1008
12:16:1f:03:39:72,몽촌토성,1008
00:40:5a:b8:0e:a2,몽촌토성,1008
12:16:1f:03:6c:d7,몽촌토성,1008
00:16:1f:03:39:72,몽촌토성,1008
02:07:89:14:6d:29,몽촌토성,1008
00:16:1f:03:7f:92,몽촌토성,1008
02:07:89:14:6d:6d,몽촌토성,1008
00:07:89:14:6d:69,몽촌토성,1008
12:16:1f:03:37:6b,몽촌토성,1008
00:16:1f:03:6c:d7,몽촌토성,1008
02:07:89:14:6d:69,몽촌토성,1008
00:16:1f:03:37:6b,몽촌토성,1008
00:07:89:14:6d:50,몽촌토성,1008
12:16:1f:03:39:73,몽촌토성,1008
12:16:1f:03:6c:d6,몽촌토성,1008
00:07:89:14:6d:6d,몽촌토성,1008
00:07:89:14:6d:68,몽촌토성,1008
00:40:5a:b8:0e:a3,몽촌토성,1008
02:07:89:14:6d:50,몽촌토성,1008
02:07:89:14:6d:68,몽촌토성,1008
00:40:5a:b8:0b:02,몽촌토성,1008
02:07:89:14:6d:6c,몽촌토성,1008
00:07:89:14:6d:28,몽촌토성,1008
00:40:5a:bb:48:ba,몽촌토성,1008
00:07:89:14:6d:55,몽촌토성,1008
02:07:89:0f:d8:b1,노원,1007
00:30:0d:84:3e:a0,노원,1007
00:30:0D:74:31:60,잠실,1008
00:30:0D:75:C7:40,잠실,1008
00:30:0D:72:22:60,잠실,1008
00:30:0D:74:65:40,잠실,1008
00:30:0D:74:49:E0,잠실,1008
00:30:0D:7E:46:A0,잠실,1008
00:30:0D:73:1A:20,잠실,1008
00:30:0D:81:05:E0,잠실,1008
00:30:0D:60:EB:54,석촌,1008
00:30:0D:61:25:3E,석촌,1008
00:30:0D:79:EC:00,석촌,1008
00:30:0D:61:0D:5A,석촌,1008
00:30:0D:61:02:A2,석촌,1008
00:30:0D:61:02:EE,석촌,1008
00:30:0D:61:0D:86,송파,1008
00:30:0D:61:18:2E,송파,1008
00:30:0D:61:21:30,송파,1008
00:30:0D:74:C6:2F,교대,1002
00:30:0D:7F:36:E0,석계,1006
00:30:0D:7F:39:60,석계,1006
00:30:0D:7E:B4:20,석계,1006
00:30:0D:7E:B1:A0,석계,1006
00:30:0D:63:5F:36,화랑대,1006
00:30:0D:60:D4:EE,화랑대,1006
00:30:0D:61:1C:B0,화랑대,1006
00:30:0D:61:1C:AA,화랑대,1006
00:30:0D:5D:EA:2A,봉화산,1006
00:30:0D:5D:F0:24,봉화산,1006
00:30:0D:5D:CD:22,봉화산,1006
00:30:0D:5D:DC:E8,봉화산,1006
00:30:0D:5D:EA:24,봉화산,1006
00:30:0D:5D:F0:22,봉화산,1006
00:30:0D:74:DA:30,불광,1006
00:30:0D:75:C6:90,불광,1006
00:30:0D:80:FD:B0,불광,1006
00:30:0D:75:BA:B0,불광,1006
00:30:0D:74:C7:50,불광,1006
00:30:0D:74:4A:F0,불광,1006
00:30:0D:74:61:90,불광,1006
00:30:0D:74:CA:70,불광,1006
00:30:0D:75:48:70,독바위,1006
00:30:0D:80:F7:70,연신내,1006
00:30:0D:75:50:D0,연신내,1006
00:30:0D:75:CF:D0,연신내,1006
00:30:0D:75:C8:50,연신내,1006
00:30:0D:75:CC:10,연신내,1006
00:30:0D:7E:C1:50,디지털미디어시티,1006
00:30:0D:7C:1E:50,디지털미디어시티,1006
00:30:0D:7C:1E:70,디지털미디어시티,1006
00:30:0D:7C:21:10,디지털미디어시티,1006
00:30:0D:7C:5F:10,디지털미디어시티,1006
00:30:0D:7D:C6:90,디지털미디어시티,1006
00:30:0D:72:E4:B0,합정,1006
00:30:0D:74:51:70,합정,1006
00:30:0D:75:43:90,합정,1006
10:E3:C7:04:2C:38,합정,1006
00:30:0D:75:D3:50,합정,1006
00:30:0D:7F:36:90,대흥,1006
00:30:0D:7F:F3:50,공덕,1006
00:30:0D:7E:9F:70,공덕,1006
00:30:0D:7E:9E:90,공덕,1006
00:30:0D:80:06:B0,공덕,1006
00:30:0D:80:11:10,공덕,1006
00:30:0D:7F:F3:30,공덕,1006
00:30:0D:72:25:50,삼각지,1006
00:30:0D:75:CC:F0,삼각지,1006
00:30:0D:78:1A:10,삼각지,1006
00:30:0D:74:31:D0,삼각지,1006
00:30:0D:75:CE:30,삼각지,1006
00:30:0D:75:48:D0,삼각지,1006
00:30:0D:74:C6:B0,삼각지,1006
00:30:0D:75:50:50,삼각지,1006
00:30:0D:75:CF:10,삼각지,1006
00:30:0D:77:62:30,약수,1006
00:30:0D:77:61:F0,약수,1006
00:30:0D:76:EC:10,약수,1006
00:30:0D:77:61:90,약수,1006
00:30:0D:74:49:10,약수,1006
00:30:0D:60:EB:55,석촌,1008
00:30:0D:61:25:3F,석촌,1008
00:30:0D:79:EC:0F,석촌,1008
00:30:0D:61:0D:5B,석촌,1008
00:30:0D:61:02:A3,석촌,1008
00:30:0D:61:02:EF,석촌,1008
00:30:0D:61:0D:87,송파,1008
00:30:0D:61:18:2F,송파,1008
00:30:0D:74:C4:6F,왕십리,1002
00:30:0D:74:52:8F,교대,1002
00:30:0D:57:D0:C2,서초,1002
00:30:0D:57:CE:8E,서초,1002
00:30:0D:57:D1:4A,서초,1002
00:30:0D:57:D8:00,서초,1002
00:30:0D:61:38:43,서초,1002
00:30:0D:54:5A:DC,서초,1002
00:30:0D:75:4D:8F,방배,1002
00:30:0D:71:F9:AF,방배,1002
00:30:0D:80:FA:8F,방배,1002
00:30:0D:7A:F4:4F,방배,1002
00:30:0D:80:71:0F,방배,1002
00:30:0D:74:DB:CF,방배,1002
00:30:0D:7B:77:EF,사당,1002
00:30:0D:74:65:8F,사당,1002
00:30:0D:74:50:AF,사당,1002
00:30:0D:74:64:0F,사당,1002
00:30:0D:78:63:AF,사당,1002
00:16:1F:03:05:28,사당,1002
00:30:0D:74:59:2F,사당,1002
00:30:0D:7D:A0:CF,사당,1002
00:30:0D:75:BD:8F,사당,1002
00:30:0D:61:1C:F3,낙성대,1002
00:30:0D:61:34:DB,낙성대,1002
00:30:0D:61:1C:CB,낙성대,1002
00:30:0D:61:25:57,낙성대,1002
00:30:0D:61:25:4F,낙성대,1002
00:30:0D:61:1C:FB,낙성대,1002
00:30:0D:75:BF:8F,서울대입구,1002
00:30:0D:75:BE:EF,서울대입구,1002
00:30:0D:75:CB:0F,서울대입구,1002
00:30:0D:75:41:EF,서울대입구,1002
00:30:0D:7B:FC:4F,서울대입구,1002
00:30:0D:57:D3:C4,봉천,1002
00:30:0D:57:D3:BC,봉천,1002
00:30:0D:57:D2:20,봉천,1002
00:30:0D:63:86:1F,봉천,1002
10:E3:C7:05:1A:80,신림,1002
00:30:0D:61:3D:53,신림,1002
00:30:0D:61:2E:B3,신림,1002
00:30:0D:54:C8:C8,신림,1002
00:30:0D:61:3D:4B,신림,1002
00:30:0D:61:2D:83,신림,1002
00:17:B2:00:BF:78,신대방,1002
00:17:B2:00:BD:E4,신대방,1002
00:17:B2:00:BE:90,신대방,1002
00:17:B2:00:BE:A8,신대방,1002
00:17:B2:00:BF:2A,신대방,1002
00:17:B2:00:BF:9C,신대방,1002
00:17:B2:00:C0:24,구로디지털단지,1002
00:17:B2:00:BC:EA,구로디지털단지,1002
00:17:B2:00:BE:6C,구로디지털단지,1002
00:17:B2:00:C0:48,구로디지털단지,1002
00:17:B2:00:BD:C6,구로디지털단지,1002
00:17:B2:00:BD:42,구로디지털단지,1002
00:17:B2:00:C0:4E,대림,1002
00:17:B2:00:C0:66,대림,1002
00:17:B2:00:BE:E4,대림,1002
00:17:B2:00:BE:42,대림,1002
00:17:B2:00:BE:8A,대림,1002
00:17:B2:00:C0:1E,대림,1002
00:30:0D:73:47:8F,신도림,1002
00:30:0D:72:BC:2F,신도림,1002
00:30:0D:72:BC:8F,신도림,1002
00:30:0D:74:74:EF,신도림,1002
00:27:1C:09:E3:57,신도림,1002
00:30:0D:76:F7:AF,신도림,1002
00:30:0D:60:E9:5D,신도림,1002
00:30:0D:74:4C:8F,신도림,1002
00:30:0D:73:5D:EF,신도림,1002
00:30:0D:73:13:CF,신도림,1002
00:30:0D:73:09:6F,신도림,1002
00:27:1C:13:36:41,신도림,1002
00:30:0D:77:FD:8F,신도림,1002
00:30:0D:78:43:6F,신도림,1002
00:30:0D:61:29:5F,문래,1002
00:30:0D:61:34:A3,문래,1002
00:30:0D:57:CE:CE,문래,1002
00:30:0D:57:D1:10,문래,1002
00:30:0D:57:D3:2A,문래,1002
00:30:0D:57:D5:62,문래,1002
00:30:0D:57:D2:6A,문래,1002
00:30:0D:54:54:14,서현,1075
00:30:0D:7F:1C:F0,디지털미디어시티,1065
00:30:0D:7F:80:30,디지털미디어시티,1065
00:30:0D:7F:1C:D0,디지털미디어시티,1065
00:30:0D:7F:F8:B0,디지털미디어시티,1065
00:30:0D:57:D3:9A,대화,1003
00:30:0D:57:D3:8C,대화,1003
00:30:0D:57:D6:16,대화,1003
00:30:0D:57:D2:58,대화,1003
00:30:0D:57:D2:0E,대화,1003
00:30:0D:61:3C:69,주엽,1003
00:30:0D:61:1D:B5,주엽,1003
00:30:0D:61:36:7F,주엽,1003
00:30:0D:61:1A:45,주엽,1003
00:30:0D:61:1D:C3,주엽,1003
00:30:0D:61:3C:59,주엽,1003
00:30:0D:61:1D:F1,정발산,1003
00:30:0D:61:23:F1,정발산,1003
00:30:0D:61:26:0B,정발산,1003
00:30:0D:61:1B:A5,정발산,1003
00:30:0D:61:3C:6D,정발산,1003
00:30:0D:61:1D:C9,정발산,1003
00:30:0D:61:28:21,마두,1003
00:30:0D:61:22:95,마두,1003
00:30:0D:57:D3:46,마두,1003
00:30:0D:61:22:8F,마두,1003
00:30:0D:61:28:D5,마두,1003
00:30:0D:61:33:DF,마두,1003
00:30:0D:61:1B:AD,백석,1003
00:30:0D:61:24:1F,백석,1003
00:30:0D:57:D2:48,백석,1003
00:30:0D:61:2B:C1,백석,1003
00:30:0D:61:2B:C7,화정,1003
00:30:0D:61:36:73,화정,1003
00:30:0D:62:0B:83,화정,1003
00:30:0D:61:1B:D5,화정,1003
00:30:0D:61:1B:A1,화정,1003
00:30:0D:61:2B:83,화정,1003
00:30:0D:57:D2:3A,삼송,1003
00:30:0D:57:D2:40,삼송,1003
00:30:0D:57:D5:64,삼송,1003
00:30:0D:57:D5:60,삼송,1003
00:30:0D:57:D5:6A,삼송,1003
00:30:0D:57:D5:5E,삼송,1003
00:30:0D:57:D6:60,삼송,1003
00:17:B2:00:BD:1E,지축,1003
00:17:B2:00:BF:D8,지축,1003
00:17:B2:00:BF:54,지축,1003
00:17:B2:00:C0:60,지축,1003
00:30:0D:74:6A:EF,구파발,1003
00:30:0D:74:5F:2F,구파발,1003
00:30:0D:74:DA:EF,구파발,1003
00:30:0D:74:4E:8F,구파발,1003
00:30:0D:75:D9:4F,구파발,1003
00:30:0D:80:FD:CF,연신내,1003
00:30:0D:75:59:AF,연신내,1003
00:30:0D:74:60:CF,연신내,1003
00:30:0D:74:DB:AF,연신내,1003
00:30:0D:73:3A:6F,연신내,1003
00:30:0D:74:E5:AF,연신내,1003
00:30:0D:74:5F:0F,불광,1003
00:30:0D:74:E0:0F,불광,1003
00:30:0D:74:57:EF,불광,1003
00:30:0D:74:65:6F,불광,1003
00:30:0D:74:DF:2F,불광,1003
00:30:0D:74:58:2F,불광,1003
00:30:0D:74:32:2F,불광,1003
00:30:0D:75:4E:EF,불광,1003
00:30:0D:61:06:C1,녹번,1003
00:30:0D:60:F7:97,녹번,1003
00:30:0D:61:06:99,녹번,1003
00:30:0D:61:06:97,녹번,1003
00:30:0D:60:FB:8B,홍제,1003
00:30:0D:60:E7:45,홍제,1003
00:30:0D:60:F2:D3,홍제,1003
00:30:0D:60:E7:49,홍제,1003
00:30:0D:60:FB:85,홍제,1003
00:30:0D:61:2C:85,홍제,1003
00:30:0D:7E:B2:CF,홍제,1003
00:30:0D:74:CC:90,삼성,1002
00:30:0D:74:CB:B0,삼성,1002
00:30:0D:74:CA:F0,삼성,1002
00:30:0D:81:0A:90,삼성,1002
00:30:0D:74:51:50,삼성,1002
00:30:0D:74:4E:70,삼성,1002
00:30:0D:75:40:B0,선릉,1002
00:30:0D:75:C1:70,선릉,1002
00:30:0D:75:BE:50,선릉,1002
00:30:0D:81:2A:70,선릉,1002
00:30:0D:81:4F:D0,선릉,1002
00:30:0D:81:2A:F0,선릉,1002
00:30:0D:75:BE:90,선릉,1002
00:30:0D:81:2C:10,선릉,1002
00:30:0D:75:CE:F0,선릉,1002
00:30:0D:74:C4:10,역삼,1002
00:30:0D:74:33:70,역삼,1002
00:30:0D:81:50:90,역삼,1002
00:30:0D:74:4C:50,역삼,1002
00:30:0D:74:DB:50,역삼,1002
00:30:0D:74:48:B0,역삼,1002
00:30:0D:7C:5C:30,역삼,1002
00:30:0D:74:CB:70,강남,1002
00:30:0D:74:47:10,강남,1002
00:30:0D:74:CA:10,강남,1002
00:30:0D:74:D9:D0,강남,1002
00:30:0D:74:4E:F0,교대,1002
00:30:0D:74:C9:F0,교대,1002
00:30:0D:74:50:D0,교대,1002
00:30:0D:75:44:30,교대,1002
00:30:0D:7E:DB:F0,교대,1002
00:30:0D:74:C7:F0,교대,1002
00:30:0D:74:C6:30,교대,1002
00:30:0D:74:52:90,교대,1002
00:30:0D:75:4D:90,방배,1002
00:30:0D:71:F9:B0,방배,1002
00:30:0D:80:FA:90,방배,1002
00:30:0D:7A:F4:50,방배,1002
00:30:0D:80:71:10,방배,1002
00:30:0D:74:DB:D0,방배,1002
00:30:0D:7B:77:F0,사당,1002
00:30:0D:74:65:90,사당,1002
00:30:0D:74:50:B0,사당,1002
00:30:0D:74:64:10,사당,1002
00:30:0D:78:63:B0,사당,1002
00:16:1F:03:05:2B,사당,1002
00:30:0D:74:59:30,사당,1002
00:30:0D:7D:A0:D0,사당,1002
00:30:0D:75:BD:90,사당,1002
00:30:0D:75:BF:90,서울대입구,1002
00:30:0D:75:BE:F0,서울대입구,1002
00:30:0D:75:CB:10,서울대입구,1002
00:30:0D:75:41:F0,서울대입구,1002
00:30:0D:7B:FC:50,서울대입구,1002
10:E3:C7:05:1A:83,신림,1002
00:30:0D:73:47:90,신도림,1002
00:30:0D:72:BC:30,신도림,1002
00:30:0D:72:BC:90,신도림,1002
00:30:0D:74:74:F0,신도림,1002
00:30:0D:76:F7:B0,신도림,1002
00:30:0D:74:4C:90,신도림,1002
00:30:0D:73:5D:F0,신도림,1002
00:30:0D:73:13:D0,신도림,1002
00:30:0D:73:09:70,신도림,1002
00:30:0D:77:FD:90,신도림,1002
00:30:0D:78:43:70,신도림,1002
00:30:0D:74:D2:50,영등포구청,1002
00:30:0D:73:3A:10,영등포구청,1002
00:40:5a:c4:30:e2,뚝섬,1002
00:40:5a:c3:fb:e2,뚝섬,1002
00:40:5a:c4:01:02,뚝섬,1002
00:40:5a:c7:a6:9a,뚝섬,1002
00:40:5a:c3:94:b2,뚝섬,1002
02:07:89:0f:b9:40,뚝섬,1002
00:40:5a:c3:d3:bb,뚝섬,1002
02:07:89:0f:b9:41,뚝섬,1002
02:07:89:0f:b9:59,뚝섬,1002
00:40:5a:c3:91:cb,뚝섬,1002
02:07:89:0f:b9:3c,뚝섬,1002
00:40:5a:c3:fb:e3,뚝섬,1002
02:07:89:0f:b9:58,뚝섬,1002
02:07:89:0f:b9:3d,뚝섬,1002
02:07:89:0f:b9:49,뚝섬,1002
00:40:5a:c4:01:03,뚝섬,1002
00:40:5a:c3:e5:23,뚝섬,1002
02:07:89:0f:b9:48,뚝섬,1002
00:40:5a:c3:b9:d3,뚝섬,1002
00:40:5a:c7:a4:9b,뚝섬,1002
02:07:89:0f:b9:44,뚝섬,1002
00:40:5a:c3:e5:22,뚝섬,1002
00:40:5a:c3:b9:d2,뚝섬,1002
00:40:5a:c7:9c:ca,뚝섬,1002
00:40:5a:c7:9b:02,뚝섬,1002
00:40:5a:c7:a4:9a,뚝섬,1002
02:09:b4:61:56:bb,을지로3가,1002
02:09:b4:61:56:ba,을지로3가,1002
00:30:0d:78:45:a0,을지로3가,1002
00:30:0d:78:45:b0,을지로3가,1002
00:30:0d:73:0b:40,을지로3가,1002
00:40:5a:92:4f:b2,을지로3가,1002
00:40:5a:92:4f:b3,을지로3가,1002
00:09:b4:61:3d:67,을지로3가,1002
00:09:b4:61:3d:66,을지로3가,1002
00:09:b4:61:41:1b,을지로3가,1002
00:40:5a:91:fc:8a,을지로3가,1002
06:30:0d:73:0b:41,을지로3가,1002
00:09:b4:61:14:1b,을지로3가,1002
06:30:0d:72:e4:01,을지로3가,1002
00:30:0d:72:e4:00,을지로3가,1002
00:40:5a:91:fc:8b,을지로3가,1002
0a:30:0d:73:37:d1,을지로3가,1002
0a:30:0d:72:e4:11,을지로3가,1002
00:09:b4:61:41:1a,을지로3가,1002
00:09:b4:61:14:1a,을지로3가,1002
00:40:5a:92:1e:a2,을지로3가,1002
00:40:5a:91:fd:a2,을지로3가,1002
0a:30:0d:73:0b:51,을지로3가,1002
00:40:5a:91:fd:9a,을지로3가,1002
06:30:0d:75:d8:61,을지로3가,1002
02:09:b4:61:14:1b,을지로3가,1002
00:30:0d:73:37:d0,을지로3가,1002
02:09:b4:61:3d:67,을지로3가,1002
00:30:0d:72:e4:10,을지로3가,1002
02:09:b4:61:41:1b,을지로3가,1002
02:09:b4:61:3d:66,을지로3가,1002
00:40:5a:92:1e:a3,을지로3가,1002
02:09:b4:61:41:1a,을지로3가,1002
02:09:b4:61:14:1a,을지로3가,1002
00:40:5a:91:fd:a3,을지로3가,1002
00:30:0d:73:0b:50,을지로3가,1002
00:40:5a:91:fd:9b,을지로3가,1002
02:09:b4:61:3d:77,을지로3가,1002
00:30:0d:75:d8:60,을지로3가,1002
06:30:0d:73:37:c1,을지로3가,1002
0a:30:0d:75:d8:b1,을지로3가,1002
00:09:b4:61:3c:b6,을지로3가,1002
00:09:b4:61:3d:76,을지로3가,1002
00:30:0d:73:37:c0,을지로3가,1002
00:30:0d:75:d8:b0,을지로3가,1002
00:30:0d:75:d8:a0,을지로3가,1002
00:40:5a:8a:3c:72,을지로3가,1002
0a:30:0d:75:d8:71,을지로3가,1002
02:07:89:0f:20:b6,종로3가,1003
00:30:0d:84:81:80,종로3가,1003
06:30:0d:85:1a:c2,삼각지,1006
00:40:5a:c8:4a:c3,삼각지,1006
0a:30:0d:85:1a:d2,삼각지,1006
00:40:5a:c8:4a:c2,삼각지,1006
00:07:89:0f:da:0d,삼각지,1006
02:07:89:0f:da:0d,삼각지,1006
02:07:89:0f:da:0c,삼각지,1006
06:30:0d:84:f2:a2,삼각지,1006
0a:30:0d:84:f2:b2,삼각지,1006
00:30:0d:84:d8:30,삼각지,1006
00:30:0d:84:f2:a0,삼각지,1006
00:07:89:0f:da:0c,삼각지,1006
02:17:b2:02:6e:92,삼각지,1006
00:07:89:0f:da:15,삼각지,1006
00:07:89:0f:da:10,삼각지,1006
00:40:5a:c8:32:72,삼각지,1006
02:07:89:0f:da:15,삼각지,1006
02:07:89:0f:da:10,삼각지,1006
00:30:0d:84:d6:90,삼각지,1006
02:07:89:0f:da:14,삼각지,1006
00:30:0d:84:d6:80,삼각지,1006
00:40:5a:c8:32:73,삼각지,1006
00:07:89:0f:da:14,삼각지,1006
00:30:0d:85:1a:c0,삼각지,1006
00:30:0d:85:1a:d0,삼각지,1006
00:30:0d:84:f2:b0,삼각지,1006
12:16:1f:03:50:93,녹사평,1006
12:16:1f:03:3d:c7,녹사평,1006
12:16:1f:03:5c:33,녹사평,1006
00:40:5a:c7:b9:92,녹사평,1006
00:40:5a:c8:1d:ba,녹사평,1006
12:16:1f:03:50:92,녹사평,1006
12:16:1f:03:5c:32,녹사평,1006
12:16:1f:03:4c:fb,녹사평,1006
12:16:1f:03:4c:fa,녹사평,1006
00:30:0d:54:c8:c7,신림,1002
00:30:0d:61:2e:b2,신림,1002
00:40:5a:af:7b:ab,신림,1002
00:40:5a:af:75:1a,신림,1002
06:30:0d:77:e6:61,신림,1002
00:40:5a:af:75:1b,신림,1002
00:30:0d:77:e6:60,신림,1002
0a:30:0d:77:e6:71,신림,1002
00:40:5a:af:7c:0a,신림,1002
00:40:5a:af:7c:0b,신림,1002
00:30:0d:77:e6:70,신림,1002
00:40:5a:bb:85:ba,신천,1002
00:25:a6:a5:21:1d,신천,1002
00:40:5a:bb:95:2a,신천,1002
00:25:a6:a5:01:33,신천,1002
00:40:5a:bb:86:d2,신천,1002
00:40:5a:bb:85:bb,신천,1002
00:25:a6:a5:21:1e,신천,1002
00:40:5a:bb:95:2b,신천,1002
00:30:0d:61:2d:94,신천,1002
00:25:a6:a5:1f:39,신천,1002
06:30:0d:61:2d:94,신천,1002
00:40:5a:bb:95:1a,신천,1002
00:25:a6:a5:01:34,신천,1002
00:40:5a:bb:95:1b,신천,1002
00:40:5a:bb:9e:1a,신천,1002
00:25:a6:a5:1f:38,신천,1002
00:40:5a:bb:9e:1b,신천,1002
00:07:89:10:47:ae,신천,1002
02:17:b2:02:63:4a,신천,1002
02:17:b2:02:67:10,신천,1002
02:07:89:10:47:ae,신천,1002
02:17:b2:02:63:48,신천,1002
02:17:b2:02:63:44,신천,1002
02:17:b2:02:67:12,신천,1002
00:07:89:10:45:16,신천,1002
02:17:b2:02:5f:d6,신천,1002
02:07:89:10:45:16,신천,1002
02:17:b2:02:60:e8,신천,1002
04:17:b2:04:67:10,신천,1002
04:17:b2:04:60:e8,신천,1002
02:17:b2:02:5f:d4,신천,1002
12:16:1f:03:ca:82,경복궁,1003
02:07:89:14:4b:35,경복궁,1003
00:40:5a:bf:b6:7b,경복궁,1003
12:16:1f:03:87:73,수진,1008
00:07:89:14:6c:68,수진,1008
12:16:1f:03:36:06,수진,1008
00:40:5a:c8:70:ca,수진,1008
12:16:1f:03:84:67,수진,1008
00:16:1f:03:87:72,수진,1008
02:07:89:14:6c:68,수진,1008
00:16:1f:03:36:06,수진,1008
00:40:5a:c8:70:cb,수진,1008
00:07:89:14:6c:41,수진,1008
00:07:89:14:6c:69,수진,1008
00:07:89:14:6c:65,수진,1008
02:07:89:14:6c:41,수진,1008
00:16:1f:03:36:07,수진,1008
02:07:89:14:6c:69,수진,1008
02:07:89:14:6c:65,수진,1008
00:07:89:14:6c:7d,수진,1008
12:16:1f:03:61:c7,수진,1008
00:40:5a:c9:31:ea,수진,1008
02:07:89:14:6c:7d,수진,1008
00:40:5a:c9:31:eb,수진,1008
02:07:89:14:6c:40,수진,1008
00:40:5a:c9:26:22,수진,1008
00:40:5a:c9:26:23,수진,1008
00:16:1f:03:84:67,수진,1008
02:07:89:14:6c:7c,수진,1008
00:16:1f:03:61:c6,수진,1008
12:16:1f:03:36:07,수진,1008
00:07:89:14:6c:40,수진,1008
00:40:5a:c9:43:12,수진,1008
00:07:89:14:6c:7c,수진,1008
12:16:1f:03:61:c6,수진,1008
00:16:1f:03:61:c7,수진,1008
00:40:5a:c9:43:13,수진,1008
00:40:5a:c9:27:1a,수진,1008
00:40:5a:bc:2e:12,고려대,1006
00:40:5a:bc:2e:13,고려대,1006
00:40:5a:bf:b8:b3,고려대,1006
00:40:5a:bf:b8:b2,고려대,1006
02:17:b2:02:6d:82,고려대,1006
02:17:b2:02:6d:80,고려대,1006
00:25:a6:a5:03:c2,고려대,1006
00:25:a6:a5:04:1c,고려대,1006
00:16:1f:03:7f:56,고려대,1006
00:16:1f:03:6b:f6,고려대,1006
00:1D:93:0B:EC:16,신길,1001
00:1D:93:00:64:F1,신길,1001
00:1D:93:0B:E9:C3,신길,1001
00:1D:93:0B:E8:1A,신길,1001
00:1D:93:00:62:1A,신길,1001
00:1D:93:08:DF:89,신길,1001
00:30:0D:72:BA:2F,신도림,1001
00:30:0D:73:1B:4F,신도림,1001
00:30:0D:72:BB:4F,신도림,1001
00:30:0D:73:5E:2F,신도림,1001
00:30:0D:72:E7:8F,신도림,1001
00:30:0D:73:0C:0F,신도림,1001
00:30:0D:73:5E:AF,신도림,1001
00:30:0D:73:1B:2F,신도림,1001
00:30:0D:72:E6:2F,신도림,1001
00:17:B2:02:E8:F4,구로,1001
00:1D:93:21:CF:0D,구로,1001
00:1D:93:0B:E5:42,구로,1001
00:1D:93:0B:E7:92,구로,1001
00:1D:93:21:D0:5C,구로,1001
00:1D:93:0B:EB:6A,구로,1001
00:1D:93:0F:05:A8,구로,1001
00:1D:93:00:62:73,구로,1001
00:17:B2:00:BE:84,부평,1001
00:17:B2:00:BE:06,부평,1001
00:17:B2:00:C1:3C,부평,1001
00:17:B2:00:BE:C0,부평,1001
00:17:B2:00:BF:0C,부평,1001
00:17:B2:00:BE:2A,부평,1001
00:17:B2:00:C1:90,가산디지털단지,1001
00:17:B2:00:C1:D8,가산디지털단지,1001
00:17:B2:00:C0:F6,가산디지털단지,1001
00:17:B2:00:C2:00,가산디지털단지,1001
00:17:B2:00:C1:C0,가산디지털단지,1001
00:17:B2:00:C2:42,가산디지털단지,1001
00:17:B2:00:BE:DE,독산,1001
00:17:B2:00:BE:30,독산,1001
00:17:B2:00:C2:18,독산,1001
00:17:B2:00:C1:54,독산,1001
00:17:B2:00:C2:12,독산,1001
00:17:B2:00:C1:B4,독산,1001
00:17:B2:00:BD:24,금천구청,1001
00:17:B2:00:C1:C6,금천구청,1001
00:17:B2:00:C1:78,금천구청,1001
00:17:B2:00:C1:60,금천구청,1001
00:17:B2:00:C1:66,금천구청,1001
00:17:B2:00:C1:84,금천구청,1001
00:17:B2:00:C2:2A,석수,1001
00:17:B2:00:C1:D2,석수,1001
00:17:B2:00:BF:24,석수,1001
00:17:B2:00:C2:54,석수,1001
00:17:B2:00:BC:F0,석수,1001
00:17:B2:00:C2:76,관악,1001
00:17:B2:00:C1:96,관악,1001
00:17:B2:00:BD:06,관악,1001
00:17:B2:00:C1:EA,관악,1001
00:17:B2:00:BC:F6,관악,1001
00:17:B2:00:C0:E4,관악,1001
00:17:B2:00:C1:DE,명학,1001
00:17:B2:00:C2:0C,명학,1001
00:17:B2:00:BD:0C,명학,1001
00:17:B2:00:C0:D8,명학,1001
00:17:B2:00:C2:7E,명학,1001
00:17:B2:00:C1:9C,명학,1001
00:17:B2:00:C2:96,금정,1001
00:17:B2:00:C2:06,금정,1001
00:17:B2:00:C1:A8,금정,1001
00:17:B2:00:C2:72,금정,1001
00:17:B2:00:C2:3C,금정,1001
00:17:B2:00:C1:CC,금정,1001
00:17:B2:00:C2:4E,군포,1001
00:17:B2:00:C0:F0,군포,1001
00:17:B2:00:C0:CC,군포,1001
00:17:B2:00:C1:0C,군포,1001
00:17:B2:00:C2:66,군포,1001
00:17:B2:00:C1:4E,군포,1001
00:17:B2:00:C2:1E,당정,1001
00:17:B2:00:C1:7E,당정,1001
00:17:B2:00:C1:A2,당정,1001
00:17:B2:00:C2:84,당정,1001
00:17:B2:00:C2:36,당정,1001
00:17:B2:00:C2:5A,당정,1001
00:17:B2:00:BE:AE,의왕,1001
00:17:B2:00:C0:D2,의왕,1001
00:30:0D:60:ED:66,아현,1002
00:30:0D:74:5F:00,불광,1003
00:30:0D:74:E0:00,불광,1003
00:30:0D:74:57:E0,불광,1003
00:30:0D:74:65:60,불광,1003
00:30:0D:74:DF:20,불광,1003
00:30:0D:74:58:20,불광,1003
00:30:0D:74:32:20,불광,1003
00:40:5a:c4:b0:c2,뚝섬,1002
00:40:5a:c4:d8:d2,뚝섬,1002
00:40:5a:c4:30:e3,뚝섬,1002
00:40:5a:c3:94:b3,뚝섬,1002
02:07:89:0f:b9:4d,뚝섬,1002
02:07:89:0f:b9:45,뚝섬,1002
00:40:5a:c7:a5:33,뚝섬,1002
00:40:5a:c7:a6:9b,뚝섬,1002
00:40:5a:c4:da:53,뚝섬,1002
00:40:5a:c7:95:b3,뚝섬,1002
00:40:5a:c7:9c:cb,뚝섬,1002
02:07:89:0f:b9:4c,뚝섬,1002
00:08:5b:44:54:82,뚝섬,1002
00:40:5a:c4:d9:7b,뚝섬,1002
00:01:36:93:df:44,뚝섬,1002
00:40:5a:c3:fc:c2,뚝섬,1002
00:90:a2:b3:1c:34,뚝섬,1002
f8:0c:f3:7d:2b:32,뚝섬,1002
00:90:a2:e2:c6:f4,뚝섬,1002
00:40:5a:c3:fc:c3,뚝섬,1002
00:90:a2:10:b0:14,뚝섬,1002
00:40:5a:b2:75:9a,뚝섬,1002
00:40:5a:8d:72:5a,뚝섬,1002
00:40:5a:8d:72:5b,뚝섬,1002
00:40:5a:c3:fc:9b,뚝섬,1002
02:17:b2:02:5a:9c,문래,1002
06:30:0d:57:ce:cd,문래,1002
06:30:0d:57:d1:0f,문래,1002
06:30:0d:57:ce:d7,문래,1002
06:30:0d:57:d1:95,문래,1002
02:17:b2:02:5c:72,문래,1002
02:17:b2:02:4f:3e,문래,1002
00:07:89:10:3e:c5,문래,1002
02:17:b2:02:50:1a,문래,1002
06:30:0d:57:d2:69,문래,1002
02:17:b2:02:5a:36,문래,1002
00:30:0d:57:ce:cd,문래,1002
00:30:0d:57:d1:0f,문래,1002
00:30:0d:57:ce:d7,문래,1002
00:30:0d:57:d1:95,문래,1002
02:07:89:10:40:0d,문래,1002
02:17:b2:02:50:18,문래,1002
02:07:89:10:40:05,문래,1002
06:30:0d:61:34:a2,문래,1002
00:30:0d:61:34:a2,문래,1002
00:30:0d:57:d2:69,문래,1002
00:30:0d:57:d5:61,문래,1002
06:30:0d:57:d3:29,문래,1002
06:17:b2:04:50:8e,문래,1002
02:17:b2:02:50:8e,문래,1002
00:07:89:10:3f:32,문래,1002
06:30:0d:57:d5:61,문래,1002
02:17:b2:02:60:e6,문래,1002
04:17:b2:04:50:8c,문래,1002
00:30:0d:61:29:5e,문래,1002
02:17:b2:02:60:e4,문래,1002
06:30:0d:61:29:5e,문래,1002
02:17:b2:02:60:7a,문래,1002
00:30:0d:57:d3:29,문래,1002
02:17:b2:02:60:78,문래,1002
02:17:b2:02:58:f4,방배,1002
00:40:5a:bf:79:62,방배,1002
00:09:b4:61:1d:eb,방배,1002
0a:30:0d:80:fa:91,방배,1002
00:09:b4:61:1d:ea,방배,1002
06:30:0d:80:fa:81,방배,1002
00:09:b4:61:11:c7,방배,1002
06:30:0d:80:71:01,방배,1002
04:17:b2:04:61:0c,종합운동장,1002
00:25:a6:a4:5f:5d,광나루,1005
00:25:a6:a4:5f:5e,광나루,1005
00:25:a6:a4:60:cb,광나루,1005
00:25:a6:a4:60:ca,광나루,1005
00:40:5a:bf:c8:22,광나루,1005
00:40:5a:c0:4a:5a,광나루,1005
00:40:5a:c0:4a:da,광나루,1005
00:40:5a:c0:4a:db,광나루,1005
00:40:5a:bf:c8:23,광나루,1005
22:e3:c7:05:39:db,광나루,1005
10:e3:c7:05:39:db,광나루,1005
00:40:5a:bf:b3:42,광나루,1005
00:40:5a:bf:b3:43,광나루,1005
00:25:a6:a4:56:7a,광나루,1005
00:40:5a:bf:ac:fa,광나루,1005
00:40:5a:bf:b4:ca,광나루,1005
00:25:a6:a4:52:dd,광나루,1005
22:e3:c7:05:39:f2,광나루,1005
00:25:a6:a4:56:7b,광나루,1005
00:40:5a:bf:ac:fb,광나루,1005
00:40:5a:c7:be:0a,녹사평,1006
00:40:5a:c8:5d:4b,녹사평,1006
00:16:1f:03:5c:33,녹사평,1006
00:16:1f:03:50:92,녹사평,1006
00:16:1f:03:4c:fb,녹사평,1006
00:16:1f:03:4c:fa,녹사평,1006
00:25:a6:a4:c8:cc,녹사평,1006
00:40:5a:c8:1d:bb,녹사평,1006
00:40:5a:c7:be:0b,녹사평,1006
00:16:1f:03:5c:32,녹사평,1006
00:25:a6:a5:02:41,녹사평,1006
00:25:a6:a4:c8:cb,녹사평,1006
00:25:a6:a5:02:42,녹사평,1006
12:16:1f:03:3d:c6,녹사평,1006
00:25:a6:a4:da:3c,녹사평,1006
00:25:a6:a4:ed:92,녹사평,1006
00:40:5a:c8:5d:4a,녹사평,1006
12:16:1f:03:4d:ba,녹사평,1006
00:16:1f:03:50:93,녹사평,1006
00:40:5a:c7:b9:93,녹사평,1006
00:16:1f:03:3d:c7,녹사평,1006
00:16:1f:03:3d:c6,녹사평,1006
00:25:a6:a4:da:3d,녹사평,1006
00:25:a6:a4:ed:93,녹사평,1006
12:16:1f:03:86:c7,이태원,1006
12:16:1f:03:86:c6,이태원,1006
00:40:5a:bb:ad:4a,이태원,1006
00:25:a6:a3:ab:7b,이태원,1006
12:16:1f:03:85:6b,이태원,1006
12:16:1f:03:85:6a,이태원,1006
12:16:1f:03:78:03,이태원,1006
00:40:5a:c7:bc:ea,이태원,1006
00:16:1f:03:86:c7,이태원,1006
00:25:a6:a3:ab:7c,이태원,1006
00:16:1f:03:85:6a,이태원,1006
00:25:a6:a4:bd:ae,이태원,1006
00:40:5a:af:f9:92,미아삼거리,1004
12:16:1f:03:be:cf,미아삼거리,1004
00:07:89:14:6f:89,미아삼거리,1004
12:16:1f:03:cb:5b,미아삼거리,1004
00:40:5a:b0:39:0a,미아삼거리,1004
12:16:1f:03:c7:fb,미아삼거리,1004
12:16:1f:03:cc:53,미아삼거리,1004
00:07:89:14:6f:88,미아삼거리,1004
00:07:89:14:6e:05,미아삼거리,1004
00:07:89:14:6e:04,미아삼거리,1004
00:40:5a:b0:2d:e2,미아삼거리,1004
00:40:5a:b0:3c:ba,미아삼거리,1004
00:40:5a:af:f9:93,미아삼거리,1004
00:16:1f:03:be:cf,미아삼거리,1004
02:07:89:14:6f:89,미아삼거리,1004
00:16:1f:03:cb:5b,미아삼거리,1004
00:40:5a:b0:39:0b,미아삼거리,1004
00:40:5a:bf:92:ca,석계,1006
06:30:0d:7f:39:61,석계,1006
00:40:5a:bb:40:0b,강동,1005
00:40:5a:a4:b4:cb,종합운동장,1002
00:25:a6:a4:f2:ca,종합운동장,1002
00:40:5a:a4:d7:1b,종합운동장,1002
00:40:5a:a4:b4:c3,종합운동장,1002
00:30:0d:54:5d:95,종합운동장,1002
04:17:b2:04:4a:74,종합운동장,1002
02:17:b2:02:61:0c,종합운동장,1002
02:07:89:0f:e1:79,종합운동장,1002
02:17:b2:02:61:50,종합운동장,1002
00:30:0d:54:5e:ad,종합운동장,1002
06:30:0d:54:5e:a5,종합운동장,1002
06:30:0d:54:5e:ad,종합운동장,1002
00:25:a6:a4:d6:72,종합운동장,1002
00:40:5a:a4:ad:9a,종합운동장,1002
00:07:89:0f:e1:79,종합운동장,1002
00:40:5a:a4:ad:a2,종합운동장,1002
06:17:b2:04:59:4a,종합운동장,1002
06:30:0d:57:d2:63,종합운동장,1002
06:30:0d:54:5d:9b,종합운동장,1002
00:30:0d:54:5e:a5,종합운동장,1002
00:25:a6:a4:d6:73,종합운동장,1002
00:40:5a:a4:ad:a3,종합운동장,1002
04:17:b2:04:59:48,종합운동장,1002
00:30:0d:54:5d:9b,종합운동장,1002
00:25:a6:a4:f8:6e,종합운동장,1002
00:25:a6:a4:eb:1c,종합운동장,1002
00:40:5a:a4:d8:d2,종합운동장,1002
00:40:5a:a4:ad:9b,종합운동장,1002
00:40:5a:a4:d8:d3,종합운동장,1002
00:16:1f:03:5e:52,고려대,1006
00:25:a6:a5:2e:1a,고려대,1006
00:40:5a:bf:91:32,고려대,1006
00:40:5a:e4:c9:12,고려대,1006
12:16:1f:03:5e:53,고려대,1006
12:16:1f:03:6b:f6,고려대,1006
00:40:5a:bf:c4:5b,고려대,1006
00:16:1f:03:7b:3a,고려대,1006
00:40:5a:bf:91:33,고려대,1006
00:16:1f:03:5e:53,고려대,1006
00:25:a6:a5:04:1d,고려대,1006
00:40:5a:bb:fc:2b,고려대,1006
12:16:1f:03:57:bf,고려대,1006
00:16:1f:03:57:bf,고려대,1006
00:25:a6:a5:05:53,고려대,1006
12:16:1f:03:5b:2f,월곡,1006
12:16:1f:03:5b:2e,월곡,1006
00:40:5a:bc:45:22,월곡,1006
00:25:a6:a4:94:69,월곡,1006
00:40:5a:bf:c5:0a,월곡,1006
12:16:1f:03:7f:5b,월곡,1006
12:16:1f:03:7f:5a,월곡,1006
00:40:5a:bc:45:23,월곡,1006
00:25:a6:a4:94:6a,월곡,1006
00:40:5a:bf:c5:0b,월곡,1006
00:16:1f:03:7f:5b,월곡,1006
00:16:1f:03:5b:2e,월곡,1006
00:40:5a:bf:ac:c3,월곡,1006
00:40:5a:bf:be:82,월곡,1006
00:25:a6:a4:61:4d,월곡,1006
00:40:5a:bf:ac:c2,월곡,1006
00:25:a6:a4:4f:be,월곡,1006
00:25:a6:a4:4f:bd,월곡,1006
12:16:1f:03:77:13,월곡,1006
12:16:1f:03:77:12,월곡,1006
00:25:a6:a4:61:b5,월곡,1006
00:40:5a:bf:ac:ba,월곡,1006
00:40:5a:bf:ab:7a,월곡,1006
00:25:a6:a4:2f:83,월곡,1006
00:16:1f:03:5b:2f,월곡,1006
00:16:1f:03:77:13,월곡,1006
00:16:1f:03:77:12,월곡,1006
00:25:a6:a4:61:b6,월곡,1006
00:25:a6:a4:2f:84,월곡,1006
00:40:5a:bf:ab:7b,월곡,1006
00:16:1f:03:7f:5a,월곡,1006
00:25:a6:a4:61:4c,월곡,1006
00:25:a6:a5:17:23,공항시장,1009
00:40:5a:b8:36:13,공항시장,1009
02:07:89:0f:da:ac,연신내,1006
02:07:89:0f:da:c8,연신내,1006
00:30:0d:84:f8:80,연신내,1006
00:40:5a:bf:8f:cb,연신내,1006
00:30:0d:84:f8:90,연신내,1006
00:40:5a:bf:90:63,연신내,1006
00:30:0d:84:fa:e0,연신내,1006
02:07:89:0f:da:b0,연신내,1006
00:30:0d:84:fc:00,연신내,1006
0a:30:0d:84:fa:f2,연신내,1006
0a:30:0d:84:fc:12,연신내,1006
00:30:0d:84:fa:f0,연신내,1006
00:30:0d:84:fc:10,연신내,1006
00:07:89:0f:da:ad,연신내,1006
00:07:89:0f:da:b0,연신내,1006
00:07:89:0f:da:b1,연신내,1006
00:07:89:0f:da:c9,연신내,1006
02:07:89:0f:da:b1,연신내,1006
00:40:5a:bc:2f:43,연신내,1006
02:07:89:0f:da:c9,연신내,1006
06:30:0d:84:f9:e2,연신내,1006
0a:30:0d:84:fa:92,연신내,1006
00:40:5a:bc:11:fb,연신내,1006
12:16:1f:03:63:b7,구산,1006
12:16:1f:03:63:b6,구산,1006
00:16:1f:03:63:b7,구산,1006
00:16:1f:03:63:b6,구산,1006
12:16:1f:03:85:2f,구산,1006
12:16:1f:03:46:3a,구산,1006
00:16:1f:03:46:3a,구산,1006
00:40:5a:bc:1d:fa,구산,1006
00:40:5a:bc:1d:fb,구산,1006
12:16:1f:03:85:2e,구산,1006
00:40:5a:bf:c7:63,상월곡,1006
00:25:a6:a4:ca:8d,상월곡,1006
12:16:1f:03:61:3e,돌곶이,1006
00:16:1f:03:61:3e,돌곶이,1006
12:16:1f:03:7a:f6,돌곶이,1006
00:25:a6:a5:0a:39,돌곶이,1006
00:30:0D:75:4E:E0,불광,1003
00:30:0D:61:06:C0,녹번,1003
00:30:0D:60:F7:96,녹번,1003
00:30:0D:61:06:98,녹번,1003
00:30:0D:61:06:96,녹번,1003
00:30:0D:60:FB:8A,홍제,1003
00:30:0D:60:E7:44,홍제,1003
00:30:0D:60:F2:D2,홍제,1003
00:30:0D:60:E7:48,홍제,1003
00:30:0D:60:FB:84,홍제,1003
00:30:0D:61:2C:84,홍제,1003
00:30:0D:7E:B2:C0,홍제,1003
00:30:0D:61:26:10,무악재,1003
00:30:0D:61:26:02,무악재,1003
00:30:0D:61:1D:CC,무악재,1003
00:30:0D:61:23:F8,무악재,1003
00:30:0D:61:26:30,무악재,1003
00:30:0D:61:24:0C,무악재,1003
00:30:0D:61:2C:B8,독립문,1003
00:30:0D:61:37:6A,독립문,1003
00:30:0D:61:2C:B4,독립문,1003
00:30:0D:61:37:64,독립문,1003
00:30:0D:61:2C:BA,독립문,1003
00:30:0D:61:3D:76,경복궁,1003
00:30:0D:61:1C:70,경복궁,1003
00:30:0D:61:1C:36,경복궁,1003
00:30:0D:61:3C:7A,경복궁,1003
00:30:0D:61:3C:8E,경복궁,1003
00:30:0D:61:24:A2,경복궁,1003
00:30:0D:61:37:EA,경복궁,1003
00:30:0D:61:1C:B8,안국,1003
00:30:0D:61:23:90,안국,1003
00:30:0D:61:2B:E6,안국,1003
00:30:0D:61:1B:6A,안국,1003
00:30:0D:61:1C:44,안국,1003
00:30:0D:61:24:80,안국,1003
00:30:0D:61:29:2E,안국,1003
00:30:0D:74:63:80,종로3가,1003
00:30:0D:75:58:C0,종로3가,1003
00:30:0D:75:4E:A0,종로3가,1003
00:30:0D:76:F4:60,종로3가,1003
00:30:0D:74:DF:A0,종로3가,1003
00:30:0D:75:C2:20,종로3가,1003
00:30:0D:74:DA:00,종로3가,1003
00:30:0D:75:C1:C0,종로3가,1003
00:30:0D:75:45:00,을지로3가,1003
00:30:0D:74:5E:80,을지로3가,1003
00:30:0D:74:C8:80,을지로3가,1003
00:30:0D:74:C9:80,을지로3가,1003
00:30:0D:77:66:E0,을지로3가,1003
00:30:0D:71:E6:40,을지로3가,1003
00:30:0D:74:61:00,을지로3가,1003
00:30:0D:75:D8:C0,을지로3가,1003
00:30:0D:75:BF:C0,충무로,1003
00:30:0D:74:C9:C0,충무로,1003
00:30:0D:74:51:20,충무로,1003
00:30:0D:60:F3:64,동대입구,1003
00:30:0D:61:22:64,동대입구,1003
00:30:0D:61:27:18,동대입구,1003
00:30:0D:61:32:F6,동대입구,1003
00:30:0D:61:18:1A,동대입구,1003
00:30:0D:75:4D:00,약수,1003
00:30:0D:75:4C:40,약수,1003
00:30:0D:74:DB:00,약수,1003
00:30:0D:72:12:40,약수,1003
00:30:0D:61:1D:2A,금호,1003
00:30:0D:61:25:6E,금호,1003
00:30:0D:61:26:3A,금호,1003
00:30:0D:61:25:76,금호,1003
00:17:B2:01:AD:68,옥수,1003
00:17:B2:01:A9:38,옥수,1003
00:17:B2:01:AD:38,옥수,1003
00:17:B2:01:AC:98,옥수,1003
00:17:B2:01:AD:30,옥수,1003
00:30:0D:75:E5:A0,종로3가,1005
00:30:0D:71:B8:40,강동,1005
10:E3:C7:04:29:07,강동,1005
00:30:0D:73:2C:E0,강동,1005
00:40:5a:bf:b4:cb,광나루,1005
10:e3:c7:05:39:f2,광나루,1005
00:25:a6:a4:52:de,광나루,1005
00:25:a6:a4:2e:8e,광나루,1005
00:25:a6:a4:2e:8f,광나루,1005
0a:30:0d:84:62:72,천호,1005
00:07:89:0f:d9:95,천호,1005
00:30:0d:84:62:70,천호,1005
02:07:89:0f:d9:95,천호,1005
00:30:0d:85:06:10,천호,1005
00:40:5a:bb:3d:1a,천호,1005
00:30:0d:84:62:60,천호,1005
00:30:0d:85:06:00,천호,1005
00:07:89:0f:d9:a9,천호,1005
00:40:5a:ba:eb:12,천호,1005
00:07:89:0f:d9:b1,천호,1005
00:40:5a:bb:36:b2,천호,1005
00:40:5a:bb:3d:1b,천호,1005
02:07:89:0f:d9:a9,천호,1005
00:40:5a:ba:eb:13,천호,1005
02:07:89:0f:d9:b1,천호,1005
00:40:5a:bb:36:b3,천호,1005
00:07:89:0f:d9:a8,천호,1005
02:07:89:0f:d9:a8,천호,1005
02:07:89:0f:d9:b0,천호,1005
0a:30:0d:85:06:12,천호,1005
00:40:5a:bb:35:f2,천호,1005
00:40:5a:bb:35:f3,천호,1005
00:40:5a:bb:3e:3a,천호,1005
00:40:5a:bb:3e:3b,천호,1005
02:07:89:0f:d9:94,천호,1005
00:40:5a:ba:ea:53,천호,1005
00:07:89:0f:d9:94,천호,1005
00:07:89:0f:d9:a5,천호,1005
0a:30:0d:84:b3:d2,천호,1005
02:07:89:0f:d9:a5,천호,1005
00:30:0d:84:b3:d0,천호,1005
00:07:89:0f:d9:a4,천호,1005
00:40:5a:ba:ef:5a,천호,1005
02:07:89:0f:d9:a4,천호,1005
00:40:5a:ba:ef:5b,천호,1005
00:07:89:0f:d9:b0,천호,1005
02:07:89:0f:d9:8c,천호,1005
00:40:5a:ba:d3:c2,강동,1005
00:40:5a:bb:36:fa,강동,1005
0a:30:0d:81:4f:31,강동,1005
06:30:0d:81:4f:21,강동,1005
00:40:5a:ba:d3:c3,강동,1005
00:30:0d:81:4f:30,강동,1005
00:40:5a:bb:36:fb,강동,1005
00:30:0d:81:4f:20,강동,1005
00:25:a6:a5:10:ed,강동,1005
00:25:a6:a5:10:ec,강동,1005
12:e3:c7:04:29:07,강동,1005
00:40:5a:bb:35:42,강동,1005
00:40:5a:bb:35:43,강동,1005
12:e3:c7:04:29:08,강동,1005
10:e3:c7:04:29:08,강동,1005
00:40:5a:bb:3d:aa,강동,1005
0a:30:0d:73:2c:d1,강동,1005
06:30:0d:73:2c:c1,강동,1005
00:40:5a:bb:3d:ab,강동,1005
00:30:0d:73:2c:d0,강동,1005
00:40:5a:ba:d3:cb,강동,1005
00:30:0d:73:2c:c0,강동,1005
00:25:a6:a2:19:fc,강동,1005
10:e3:c7:04:29:07,강동,1005
00:40:5a:bb:26:e3,강동,1005
00:25:a6:a2:19:fd,강동,1005
00:40:5a:bb:26:e2,강동,1005
00:40:5a:bb:40:0a,강동,1005
00:40:5a:ba:d3:ca,강동,1005
00:25:a6:a2:b5:01,강동,1005
02:09:b4:61:12:8e,신촌,1002
00:30:0d:60:f7:7a,신촌,1002
00:40:5a:a8:3d:5a,강남,1002
0a:30:0d:74:d9:d1,강남,1002
00:1d:93:2d:cd:f1,강남,1002
00:40:5a:bf:9b:8a,강남,1002
02:07:89:0f:23:6f,강남,1002
00:40:5a:a8:3f:db,강남,1002
02:07:89:0f:1f:bf,강남,1002
02:07:89:0f:23:6e,강남,1002
02:07:89:0f:1f:be,강남,1002
00:30:0d:74:cb:70,강남,1002
02:07:89:0f:1f:bb,강남,1002
02:07:89:0f:21:ab,강남,1002
00:40:5a:a8:49:db,강남,1002
00:40:5a:a8:84:7b,강남,1002
02:07:89:0f:1f:ba,강남,1002
06:30:0d:54:8a:65,종합운동장,1002
00:25:a6:a4:eb:1d,종합운동장,1002
00:30:0d:57:d2:63,종합운동장,1002
00:30:0d:54:8a:65,종합운동장,1002
00:30:0d:7d:02:a0,충정로,1002
00:07:89:0f:d7:45,충정로,1002
00:07:89:0f:d7:44,충정로,1002
06:30:0d:7d:02:a1,충정로,1002
0a:30:0d:7d:02:b1,충정로,1002
00:07:89:0f:d9:79,충정로,1002
06:30:0d:7c:bd:a1,충정로,1002
00:40:5a:8d:79:fa,충정로,1002
06:30:0d:7d:04:21,충정로,1002
02:07:89:0f:d7:45,충정로,1002
02:07:89:0f:d7:44,충정로,1002
00:30:0d:7d:02:b0,충정로,1002
00:40:5a:c3:de:b3,충정로,1002
02:07:89:0f:d9:79,충정로,1002
00:40:5a:92:06:73,충정로,1002
00:30:0d:7c:bd:a0,충정로,1002
00:30:0d:7d:04:20,충정로,1002
00:07:89:0f:d9:69,충정로,1002
00:40:5a:c3:de:b2,충정로,1002
00:07:89:0f:d9:68,충정로,1002
00:40:5a:92:06:72,충정로,1002
0a:30:0d:7d:04:31,충정로,1002
00:40:5a:8d:74:a2,충정로,1002
02:07:89:0f:d9:68,충정로,1002
00:30:0d:7d:04:30,충정로,1002
0a:30:0d:7c:bd:b1,충정로,1002
02:07:89:0f:d9:69,충정로,1002
02:07:89:0f:d9:78,충정로,1002
02:07:89:0f:d9:65,충정로,1002
00:40:5a:8d:74:a3,충정로,1002
00:30:0d:7c:bd:b0,충정로,1002
00:07:89:0f:d9:65,충정로,1002
06:30:0d:7c:c1:a1,충정로,1002
00:30:0d:7c:c1:a0,충정로,1002
00:07:89:0f:d9:64,충정로,1002
0a:30:0d:7c:c1:b1,충정로,1002
00:40:5a:92:4c:c2,충정로,1002
02:07:89:0f:d9:64,충정로,1002
00:30:0d:7c:c1:b0,충정로,1002
00:40:5a:92:4c:c3,충정로,1002
00:07:89:0f:d7:3d,충정로,1002
0a:30:0d:7c:be:51,충정로,1002
06:30:0d:7c:be:41,충정로,1002
02:07:89:0f:d7:3d,충정로,1002
00:30:0d:7c:be:50,충정로,1002
00:30:0d:7c:be:40,충정로,1002
00:25:a6:a5:93:3c,한양대,1002
00:25:a6:a5:62:36,한양대,1002
00:25:a6:a5:95:85,한양대,1002
00:25:a6:a5:66:14,한양대,1002
00:25:a6:a5:93:3d,한양대,1002
00:25:a6:a5:62:37,한양대,1002
00:25:a6:a5:95:86,한양대,1002
00:25:a6:a5:66:15,한양대,1002
00:25:a6:a5:95:17,한양대,1002
00:25:a6:a5:95:18,한양대,1002
00:25:a6:a5:b8:cb,한양대,1002
00:07:89:14:6c:24,마두,1003
02:07:89:0f:df:f5,구로디지털단지,1002
00:40:5a:bf:a7:7b,구로디지털단지,1002
02:07:89:0f:e0:15,구로디지털단지,1002
02:07:89:0f:e0:04,구로디지털단지,1002
00:40:5a:bc:2d:d3,구로디지털단지,1002
02:07:89:0f:e0:09,구로디지털단지,1002
00:17:b2:01:ac:c0,구로디지털단지,1002
00:40:5a:bf:c1:8b,구로디지털단지,1002
02:07:89:0f:df:fc,구로디지털단지,1002
00:40:5a:bf:c0:83,구로디지털단지,1002
00:40:5a:bf:c1:63,구로디지털단지,1002
00:17:b2:01:a8:c8,구로디지털단지,1002
00:40:5a:bf:c1:62,구로디지털단지,1002
00:17:b2:01:ac:92,구로디지털단지,1002
10:f9:6f:f7:c3:92,구로디지털단지,1002
00:17:b2:01:ac:90,구로디지털단지,1002
00:07:89:0f:e0:08,구로디지털단지,1002
02:07:89:0f:e0:14,구로디지털단지,1002
00:40:5a:bf:a8:83,구로디지털단지,1002
00:07:89:0f:e0:14,구로디지털단지,1002
00:17:b2:01:aa:52,구로디지털단지,1002
00:17:b2:01:aa:50,구로디지털단지,1002
00:07:89:0f:df:f4,구로디지털단지,1002
12:16:1f:03:7a:f7,돌곶이,1006
00:40:5a:bf:b0:fa,돌곶이,1006
12:16:1f:03:61:3f,돌곶이,1006
12:16:1f:03:43:8b,돌곶이,1006
00:40:5a:bf:c7:b2,돌곶이,1006
12:16:1f:03:43:8a,돌곶이,1006
00:25:a6:a5:16:78,돌곶이,1006
00:16:1f:03:7a:f6,돌곶이,1006
00:16:1f:03:7a:f7,돌곶이,1006
00:25:a6:a5:0a:3a,돌곶이,1006
00:40:5a:bf:b0:fb,돌곶이,1006
00:16:1f:03:43:8a,돌곶이,1006
00:25:a6:a5:16:79,돌곶이,1006
00:40:5a:bf:c7:b3,돌곶이,1006
00:40:5a:bf:c7:83,돌곶이,1006
00:25:a6:a5:0e:f8,돌곶이,1006
00:16:1f:03:61:3f,돌곶이,1006
00:40:5a:bc:2b:e3,돌곶이,1006
00:16:1f:03:43:8b,돌곶이,1006
00:40:5a:bf:b3:aa,돌곶이,1006
00:40:5a:bf:b3:ab,돌곶이,1006
00:40:5a:bc:2b:e2,돌곶이,1006
00:25:a6:a5:0c:ec,돌곶이,1006
00:40:5a:bf:c7:82,돌곶이,1006
00:25:a6:a5:0c:eb,돌곶이,1006
12:16:1f:03:63:e3,돌곶이,1006
00:16:1f:03:63:e2,돌곶이,1006
12:16:1f:03:63:e2,돌곶이,1006
00:40:5a:bf:b2:a3,돌곶이,1006
00:40:5a:bf:ab:aa,석계,1006
0a:30:0d:7e:b4:31,석계,1006
0a:30:0d:7e:b1:b1,석계,1006
00:40:5a:bf:92:a2,석계,1006
00:40:5a:bf:ac:1a,석계,1006
00:40:5a:bf:ab:ab,석계,1006
00:30:0d:7e:b4:30,석계,1006
00:40:5a:bf:ac:1b,석계,1006
00:30:0d:7e:b1:b0,석계,1006
06:30:0d:7e:b1:a1,석계,1006
06:30:0d:7e:b4:21,석계,1006
00:40:5a:bf:92:a3,석계,1006
00:30:0d:7e:b4:20,석계,1006
00:30:0d:7e:b1:a0,석계,1006
00:07:89:14:47:f1,석계,1006
02:07:89:14:47:f1,석계,1006
00:07:89:14:47:f0,석계,1006
00:30:0d:7f:39:60,석계,1006
0a:30:0d:7f:39:71,석계,1006
00:30:0d:7f:39:70,석계,1006
00:40:5a:bf:92:cb,석계,1006
02:07:89:0f:da:11,삼각지,1006
00:30:0d:84:d8:20,삼각지,1006
00:40:5a:c0:3f:b3,군자,1005
02:07:89:14:6b:e4,마두,1003
00:07:89:14:6b:a8,마두,1003
00:07:89:14:6c:29,백석,1003
00:07:89:14:6b:ed,백석,1003
02:07:89:14:6b:ed,백석,1003
00:07:89:14:6c:01,백석,1003
02:07:89:14:6c:01,백석,1003
02:07:89:14:6c:11,백석,1003
00:07:89:14:6b:ec,백석,1003
00:07:89:14:6c:11,백석,1003
02:07:89:14:6c:00,백석,1003
02:07:89:14:6b:ec,백석,1003
00:30:0d:61:1b:ac,백석,1003
00:07:89:14:6c:00,백석,1003
00:07:89:14:6c:10,백석,1003
00:40:5a:b7:fd:8b,백석,1003
02:07:89:14:6c:10,백석,1003
00:40:5a:b7:fd:8a,백석,1003
00:40:5a:b8:6a:da,백석,1003
00:40:5a:b8:1b:2a,백석,1003
02:07:89:14:6c:29,백석,1003
00:40:5a:b8:1b:2b,백석,1003
00:16:1f:03:8a:e2,백석,1003
12:16:1f:03:8a:e2,백석,1003
06:30:0d:61:1b:ac,백석,1003
00:40:5a:b8:6a:db,백석,1003
02:17:b2:02:62:66,백석,1003
02:17:b2:02:62:64,백석,1003
00:07:89:14:6c:28,백석,1003
02:07:89:14:6c:28,백석,1003
00:40:5a:b8:47:da,백석,1003
00:40:5a:b8:47:db,백석,1003
00:07:89:10:47:43,백석,1003
00:07:89:10:49:60,백석,1003
02:07:89:10:47:43,백석,1003
12:16:1f:03:8a:e3,백석,1003
00:30:0D:76:43:40,강동,1005
00:30:0D:73:2C:C0,강동,1005
00:30:0D:61:2F:CE,길동,1005
00:30:0D:61:1C:7A,길동,1005
00:30:0D:60:F2:86,길동,1005
00:30:0D:61:21:7C,길동,1005
00:30:0D:61:1F:28,길동,1005
00:30:0D:63:5D:90,길동,1005
00:30:0D:61:21:8A,굽은다리,1005
00:30:0D:61:25:C8,굽은다리,1005
00:30:0D:62:29:54,굽은다리,1005
00:30:0D:61:1D:60,굽은다리,1005
00:30:0D:60:F5:90,굽은다리,1005
00:30:0D:61:3A:A2,굽은다리,1005
00:30:0D:60:F3:F6,명일,1005
00:30:0D:61:03:C8,명일,1005
00:30:0D:61:0E:72,명일,1005
00:30:0D:61:39:98,명일,1005
00:30:0D:61:1D:62,명일,1005
00:30:0D:61:0E:76,명일,1005
00:30:0D:5D:CD:D2,고덕,1005
00:30:0D:5D:EA:6A,고덕,1005
00:30:0D:5D:EF:A4,고덕,1005
00:30:0D:5D:E9:24,고덕,1005
00:30:0D:5D:CF:18,고덕,1005
00:30:0D:5D:EF:D2,상일동,1005
00:30:0D:5D:D7:76,상일동,1005
00:30:0D:5D:F0:74,상일동,1005
00:30:0D:5D:EF:B8,상일동,1005
00:30:0D:5D:D0:E8,상일동,1005
00:30:0D:5D:F0:7E,상일동,1005
00:30:0D:5D:D0:EE,상일동,1005
00:30:0D:5D:CF:D0,둔촌동,1005
00:30:0D:5D:D0:E2,둔촌동,1005
00:30:0D:5D:EA:6E,둔촌동,1005
00:30:0D:5D:D7:6A,둔촌동,1005
00:30:0D:5D:D7:6E,둔촌동,1005
00:30:0D:5D:D7:7E,올림픽공원,1005
00:30:0D:5D:D7:8A,올림픽공원,1005
00:30:0D:5D:D7:94,올림픽공원,1005
00:30:0D:5D:D7:92,올림픽공원,1005
00:30:0D:5D:D7:96,올림픽공원,1005
00:30:0D:5D:D8:66,올림픽공원,1005
00:30:0D:5D:D1:0A,올림픽공원,1005
00:30:0D:5D:D7:8C,방이,1005
00:30:0D:5D:EA:7A,방이,1005
00:16:1F:03:19:9E,방이,1005
00:30:0D:5D:EF:C0,방이,1005
00:30:0D:5D:EA:8E,방이,1005
00:30:0D:7E:2C:A0,오금,1005
00:30:0D:7D:B0:A0,오금,1005
00:30:0D:7E:46:20,오금,1005
00:30:0D:7E:1C:E0,오금,1005
00:30:0D:7D:91:00,오금,1005
00:30:0D:7E:21:00,오금,1005
00:30:0D:61:25:54,개롱,1005
00:30:0D:61:25:60,개롱,1005
00:30:0D:61:29:C6,개롱,1005
00:30:0D:61:29:C8,개롱,1005
00:30:0D:61:1D:08,개롱,1005
00:30:0D:61:1D:0C,개롱,1005
00:30:0D:5D:DA:92,거여,1005
00:30:0D:5D:DB:7E,거여,1005
00:30:0D:5D:D1:FA,거여,1005
00:30:0D:5D:DB:78,거여,1005
00:30:0D:5D:D1:0E,거여,1005
00:30:0D:5D:DB:72,거여,1005
00:30:0D:61:3C:8A,마천,1005
00:30:0D:61:21:3A,마천,1005
00:30:0D:62:2D:4E,마천,1005
00:30:0D:61:20:8C,마천,1005
00:30:0D:61:18:DA,마천,1005
00:30:0D:61:24:DA,마천,1005
00:30:0D:80:33:30,김포공항,1005
00:30:0D:80:33:50,김포공항,1005
00:30:0D:7B:E5:B0,김포공항,1005
00:30:0D:7D:16:F0,김포공항,1005
00:30:0D:7E:B1:10,김포공항,1005
00:40:5a:a8:5e:13,강남,1002
00:30:0d:74:d9:d0,강남,1002
02:07:89:0f:1f:db,강남,1002
02:07:89:0f:20:03,강남,1002
02:07:89:0f:1f:eb,강남,1002
00:40:5a:a8:51:83,강남,1002
00:40:5a:a8:84:7a,강남,1002
00:07:89:0f:1f:da,강남,1002
00:07:89:0f:1f:c3,강남,1002
00:07:89:0f:1f:eb,강남,1002
00:07:89:0f:1f:f3,강남,1002
00:40:5a:a8:51:82,강남,1002
02:07:89:0f:1f:c3,강남,1002
02:07:89:0f:1f:da,강남,1002
02:07:89:0f:21:aa,강남,1002
10:e3:c7:04:1f:7f,강남,1002
00:40:5a:a8:86:1b,강남,1002
00:07:89:0f:1f:f2,강남,1002
00:40:5a:bf:9b:8b,강남,1002
00:07:89:0f:1f:e3,강남,1002
02:07:89:0f:1f:f3,강남,1002
02:07:89:0f:1f:e3,강남,1002
00:07:89:0f:20:02,강남,1002
00:07:89:0f:1f:f7,강남,1002
12:e3:c7:04:1f:7f,강남,1002
00:40:5a:a8:3d:5b,강남,1002
02:07:89:0f:20:02,강남,1002
02:07:89:0f:1f:f2,강남,1002
0a:0e:47:01:40:72,강남,1002
02:07:89:0f:1f:f7,강남,1002
00:07:89:0f:1f:c2,강남,1002
00:40:5a:a8:86:1a,강남,1002
00:07:89:0f:1f:e2,강남,1002
00:40:5a:a4:b4:d2,강남,1002
00:40:5a:a8:68:f3,강남,1002
02:07:89:0f:1f:e2,강남,1002
00:40:5a:a8:68:f2,강남,1002
00:07:89:0f:1f:f6,강남,1002
02:07:89:0f:1f:c2,강남,1002
02:07:89:0f:1f:f6,강남,1002
00:17:b2:01:ab:58,강변,1002
00:40:5a:c3:96:52,강변,1002
00:40:5a:c4:30:42,강변,1002
00:17:b2:01:a8:fa,강변,1002
00:40:5a:c3:b6:4a,강변,1002
00:40:5a:c4:1f:52,강변,1002
00:17:b2:01:ab:5a,강변,1002
00:25:a6:a5:94:27,강변,1002
00:40:5a:c3:fb:f2,강변,1002
00:40:5a:c3:fa:ea,강변,1002
00:17:b2:01:ac:12,강변,1002
00:17:b2:01:ab:8a,강변,1002
00:40:5a:c3:ca:8a,강변,1002
00:40:5a:c3:96:53,강변,1002
00:40:5a:c4:30:43,강변,1002
00:25:a6:a5:5d:dc,강변,1002
00:40:5a:c3:b6:4b,강변,1002
00:17:b2:01:a8:f8,강변,1002
00:40:5a:c4:1f:53,강변,1002
00:25:a6:a5:85:5f,강변,1002
00:40:5a:c3:fb:f3,강변,1002
00:17:b2:01:ab:88,강변,1002
00:40:5a:c3:ca:8b,강변,1002
00:17:b2:01:ac:10,강변,1002
00:25:a6:a5:5d:db,강변,1002
00:17:b2:01:ac:0a,강변,1002
06:90:a2:6b:de:12,강변,1002
00:25:a6:a5:85:14,강변,1002
00:40:5a:c3:fa:eb,강변,1002
00:17:b2:01:ac:08,강변,1002
00:25:a6:a5:85:5e,강변,1002
00:17:b2:01:a8:ba,강변,1002
00:40:5a:c4:07:b2,강변,1002
00:25:a6:a5:94:28,강변,1002
00:17:b2:01:a8:b8,강변,1002
00:40:5a:c4:07:b3,강변,1002
00:25:a6:a3:80:ce,강변,1002
00:25:a6:a5:85:13,강변,1002
02:17:b2:02:5f:d8,신천,1002
00:25:a6:a5:17:e0,신천,1002
00:25:a6:a5:28:cf,신천,1002
22:e3:c7:05:18:e6,발산,1005
22:e3:c7:05:18:e7,발산,1005
00:40:5a:bb:9a:12,발산,1005
00:40:5a:a4:b5:73,발산,1005
00:25:a6:a4:fb:08,발산,1005
10:e3:c7:05:18:e7,발산,1005
10:e3:c7:05:18:e6,발산,1005
00:40:5a:bb:61:53,발산,1005
22:e3:c7:05:3c:03,발산,1005
02:07:89:0f:df:f4,구로디지털단지,1002
0a:40:5a:2f:3b:e7,구로디지털단지,1002
06:40:5a:2f:3b:e8,구로디지털단지,1002
02:07:89:0f:e0:08,구로디지털단지,1002
00:40:5a:e4:91:3a,구의,1002
00:40:5a:c3:f9:4a,구의,1002
00:25:a6:a5:92:15,구의,1002
00:17:b2:01:ab:52,구의,1002
00:40:5a:c4:20:e2,구의,1002
00:25:a6:a4:04:27,구의,1002
00:40:5a:c3:fe:92,구의,1002
00:25:a6:a4:cf:dd,구의,1002
00:40:5a:c4:01:8a,구의,1002
02:17:b2:02:b4:5e,구의,1002
00:40:5a:c3:aa:9a,구의,1002
00:17:b2:01:a9:02,구의,1002
00:17:b2:01:ad:22,구의,1002
00:40:5a:c5:d2:b8,구의,1002
00:1d:93:23:f5:5e,구의,1002
00:40:5a:c3:f9:4b,구의,1002
00:40:5a:e4:91:3b,구의,1002
00:25:a6:a5:92:16,구의,1002
00:17:b2:01:ab:50,구의,1002
00:40:5a:c3:fe:93,구의,1002
00:40:5a:c4:20:e3,구의,1002
00:25:a6:a4:04:28,구의,1002
00:40:5a:bf:90:23,구의,1002
00:40:5a:c3:aa:9b,구의,1002
00:40:5a:c4:01:8b,구의,1002
04:17:b2:04:b4:5c,구의,1002
06:40:5a:c5:d2:b8,구의,1002
00:1d:93:23:f5:5c,구의,1002
00:25:a6:a4:f5:8f,구의,1002
00:40:5a:bf:90:22,구의,1002
00:25:a6:a5:bb:af,구의,1002
00:25:a6:a4:f5:90,구의,1002
00:17:b2:01:ad:20,구의,1002
00:25:a6:a4:cf:de,구의,1002
00:17:b2:01:a9:00,구의,1002
00:17:b2:01:a8:da,구의,1002
00:40:5a:b0:79:5a,구의,1002
00:25:a6:a5:bb:b0,구의,1002
06:17:b2:04:3e:5e,구의,1002
00:08:5b:50:60:12,구의,1002
04:17:b2:04:3e:5c,구의,1002
00:17:b2:01:a8:d8,구의,1002
00:25:a6:a4:cf:33,구의,1002
f8:0c:f3:86:2b:02,구의,1002
0a:30:0d:74:64:11,사당,1002
0a:30:0d:75:43:31,사당,1002
00:40:5a:af:7b:ea,사당,1002
00:40:5a:af:7b:63,사당,1002
00:30:0d:75:43:20,사당,1002
00:30:0d:75:bd:80,사당,1002
00:30:0d:74:64:10,사당,1002
02:07:89:0f:23:7f,사당,1002
02:07:89:0f:22:cf,사당,1002
06:30:0d:75:bd:81,사당,1002
00:07:89:0f:23:7f,사당,1002
00:40:5a:af:50:42,사당,1002
00:40:5a:af:50:43,사당,1002
02:17:b2:02:5b:14,삼성,1002
00:07:89:0f:24:87,삼성,1002
00:40:5a:af:36:5a,삼성,1002
00:07:89:0f:24:86,삼성,1002
00:40:5a:af:2f:22,삼성,1002
06:17:b2:04:62:b2,신도림,1002
00:09:b4:61:1a:f3,신도림,1002
00:07:89:10:41:ed,신도림,1002
00:40:5a:bb:1f:fa,오목교,1005
22:e3:c7:05:3e:76,오목교,1005
00:40:5a:bb:1f:fb,오목교,1005
00:40:5a:bb:24:53,오목교,1005
10:e3:c7:05:3e:76,오목교,1005
00:40:5a:bb:30:d3,영등포시장,1005
00:25:a6:a4:1d:e0,영등포시장,1005
00:40:5a:bb:24:82,영등포시장,1005
00:25:a6:a4:1d:e1,영등포시장,1005
00:40:5a:bb:24:83,영등포시장,1005
00:30:0d:84:5f:60,영등포시장,1005
00:40:5a:ba:f1:fa,영등포시장,1005
00:40:5a:bb:30:d2,영등포시장,1005
00:40:5a:ba:f1:fb,영등포시장,1005
0a:30:0d:84:3a:92,영등포시장,1005
00:25:a6:a5:3f:cc,영등포시장,1005
00:40:5a:bb:0b:12,영등포시장,1005
00:40:5a:bb:30:ca,영등포시장,1005
00:40:5a:bb:30:cb,영등포시장,1005
00:40:5a:bb:0b:13,영등포시장,1005
00:16:1f:03:8a:e3,백석,1003
00:40:5a:b8:48:13,백석,1003
00:40:5a:b8:58:b2,대곡,1003
00:07:89:0f:d4:3d,대곡,1003
00:40:5a:b8:4c:ba,대곡,1003
00:07:89:0f:d4:3c,대곡,1003
00:40:5a:b8:7d:8a,대곡,1003
00:07:89:0f:da:89,대곡,1003
00:07:89:0f:da:a1,대곡,1003
00:40:5a:b8:4d:fa,대곡,1003
00:40:5a:b8:20:2a,대곡,1003
00:40:5a:b8:10:e2,대곡,1003
00:40:5a:b8:58:b3,대곡,1003
02:07:89:0f:d4:3d,대곡,1003
02:07:89:0f:da:8d,대곡,1003
00:40:5a:b8:4c:bb,대곡,1003
02:07:89:0f:d4:3c,대곡,1003
02:07:89:0f:da:a1,대곡,1003
00:40:5a:b8:4d:fb,대곡,1003
00:40:5a:b8:20:2b,대곡,1003
02:07:89:0f:da:88,대곡,1003
02:07:89:0f:da:a0,대곡,1003
00:40:5a:b8:7d:8b,대곡,1003
02:07:89:0f:da:81,대곡,1003
02:07:89:0f:da:91,대곡,1003
00:40:5a:b8:10:e3,대곡,1003
00:07:89:0f:da:91,대곡,1003
02:07:89:0f:da:89,대곡,1003
00:07:89:0f:da:81,대곡,1003
00:07:89:0f:da:a0,대곡,1003
02:07:89:0f:da:8c,대곡,1003
00:07:89:0f:da:90,대곡,1003
02:07:89:0f:da:80,대곡,1003
00:07:89:0f:da:80,대곡,1003
00:07:89:0f:da:88,대곡,1003
02:07:89:0f:da:90,대곡,1003
00:07:89:0f:da:8c,대곡,1003
10:f9:6f:f3:e4:ee,대곡,1003
00:07:89:0f:da:8d,대곡,1003
00:07:89:0f:d4:49,대곡,1003
00:07:89:0f:d4:48,대곡,1003
00:07:89:0f:da:99,대곡,1003
02:07:89:0f:d4:5d,대곡,1003
02:07:89:0f:d4:49,대곡,1003
00:07:89:0f:d4:5c,대곡,1003
00:07:89:0f:da:7c,대곡,1003
02:07:89:0f:d4:5c,대곡,1003
02:17:b2:02:73:cc,대곡,1003
00:07:89:0f:da:85,대곡,1003
00:07:89:10:51:ec,대곡,1003
02:07:89:0f:da:85,대곡,1003
02:07:89:0f:d4:48,대곡,1003
02:07:89:0f:da:99,대곡,1003
00:1d:93:2f:a8:26,대곡,1003
00:07:89:0f:da:95,대곡,1003
00:17:b2:01:51:62,대곡,1003
02:07:89:0f:da:95,대곡,1003
00:17:b2:01:51:60,대곡,1003
00:30:0D:73:49:6F,동작,1009
10:E3:C7:04:2F:21,동작,1009
00:25:a6:a4:f0:c6,당산,1002
00:40:5a:c3:d2:d2,당산,1002
00:07:89:0f:e0:f5,당산,1002
00:25:a6:a4:ca:c4,당산,1002
12:16:1f:03:1d:ea,당산,1002
00:40:5a:bc:49:3a,당산,1002
00:40:5a:c3:d2:d3,당산,1002
02:07:89:0f:e0:f5,당산,1002
00:40:5a:bc:49:3b,당산,1002
00:16:1f:03:1d:ea,당산,1002
00:40:5a:c3:cb:e2,당산,1002
00:07:89:0f:e0:f4,당산,1002
00:90:a2:0f:1c:14,당산,1002
06:40:5a:e0:99:28,당산,1002
00:40:5a:c3:cb:e3,당산,1002
02:07:89:0f:e0:e8,당산,1002
02:07:89:0f:e0:f4,당산,1002
00:25:a6:a4:ca:c5,당산,1002
0a:40:5a:e0:99:28,당산,1002
00:07:89:0f:e0:e8,당산,1002
00:40:5a:ba:30:aa,당산,1002
00:25:a6:a4:f0:c7,당산,1002
00:30:0d:62:19:02,당산,1002
06:30:0d:62:19:02,당산,1002
00:17:b2:01:ac:8a,대림,1002
00:07:89:0f:d5:14,대림,1002
00:07:89:0f:d5:15,대림,1002
00:07:89:0f:d5:19,대림,1002
00:40:5a:c3:73:ea,대림,1002
00:40:5a:bb:3c:ea,대림,1002
00:07:89:0f:d5:18,대림,1002
00:30:0D:7B:E8:F0,김포공항,1005
00:30:0D:7F:1D:30,군자,1007
00:30:0D:73:81:4F,가락시장,1003
00:30:0D:73:BE:AF,가락시장,1003
00:30:0D:73:87:AF,가락시장,1003
00:30:0D:72:40:CF,가락시장,1003
00:30:0D:72:52:EF,가락시장,1003
00:30:0D:72:3F:8F,가락시장,1003
00:30:0D:61:30:AD,경찰병원,1003
00:30:0D:61:38:15,경찰병원,1003
00:30:0D:61:30:4B,경찰병원,1003
00:30:0D:61:39:EF,경찰병원,1003
00:30:0D:61:3A:19,경찰병원,1003
00:30:0D:61:2D:4D,경찰병원,1003
00:30:0D:61:30:0D,경찰병원,1003
00:30:0D:61:38:0F,경찰병원,1003
00:30:0D:61:3C:97,경찰병원,1003
00:30:0D:61:3D:85,경찰병원,1003
00:30:0D:7E:4C:0F,오금,1003
00:30:0D:81:02:AF,오금,1003
00:30:0D:80:F2:4F,오금,1003
00:30:0D:80:F3:EF,오금,1003
00:30:0D:81:02:8F,오금,1003
00:30:0D:7E:1D:2F,오금,1003
00:30:0D:7E:0D:EF,오금,1003
00:30:0D:7E:3D:6F,오금,1003
00:30:0D:81:02:CF,오금,1003
00:30:0D:81:04:EF,오금,1003
00:30:0D:81:04:AF,오금,1003
00:30:0D:81:02:6F,오금,1003
00:30:0D:57:D3:99,대화,1003
00:30:0D:57:D3:8B,대화,1003
00:30:0D:57:D6:15,대화,1003
00:30:0D:57:D2:57,대화,1003
00:30:0D:57:D2:0D,대화,1003
00:30:0D:61:3C:68,주엽,1003
00:30:0D:61:1D:B4,주엽,1003
00:30:0D:61:36:7E,주엽,1003
00:30:0D:61:1A:44,주엽,1003
00:30:0D:61:1D:C2,주엽,1003
00:30:0D:61:3C:58,주엽,1003
00:30:0D:61:1D:F0,정발산,1003
00:30:0D:61:23:F0,정발산,1003
00:30:0D:61:26:0A,정발산,1003
00:30:0D:61:1B:A4,정발산,1003
00:30:0D:61:3C:6C,정발산,1003
00:30:0D:61:1D:C8,정발산,1003
00:30:0D:61:28:20,마두,1003
00:30:0D:61:22:94,마두,1003
00:30:0D:57:D3:45,마두,1003
00:30:0D:61:22:8E,마두,1003
00:30:0D:61:28:D4,마두,1003
00:30:0D:61:33:DE,마두,1003
00:30:0D:61:1B:AC,백석,1003
00:30:0D:61:24:1E,백석,1003
00:30:0D:57:D2:47,백석,1003
00:30:0D:61:2B:C0,백석,1003
00:30:0D:61:2B:C6,화정,1003
00:30:0D:61:36:72,화정,1003
00:30:0D:62:0B:82,화정,1003
00:30:0D:61:1B:D4,화정,1003
00:30:0D:61:1B:A0,화정,1003
00:30:0D:61:2B:82,화정,1003
00:30:0D:57:D2:39,삼송,1003
00:30:0D:57:D2:3F,삼송,1003
00:30:0D:57:D5:63,삼송,1003
00:30:0D:57:D5:5F,삼송,1003
00:30:0D:57:D5:69,삼송,1003
00:30:0D:57:D5:5D,삼송,1003
00:30:0D:57:D6:5F,삼송,1003
00:17:B2:01:A8:98,지축,1003
00:17:B2:01:AC:30,지축,1003
00:17:B2:01:AB:80,지축,1003
00:17:B2:01:AC:E0,지축,1003
00:30:0D:74:6A:E0,구파발,1003
00:30:0D:74:5F:20,구파발,1003
00:30:0D:74:DA:E0,구파발,1003
00:30:0D:74:4E:80,구파발,1003
22:e3:c7:05:3c:02,발산,1005
00:40:5a:bb:61:52,발산,1005
22:e3:c7:05:18:e2,발산,1005
12:e3:c7:05:3c:ba,발산,1005
10:e3:c7:05:3c:03,발산,1005
10:e3:c7:05:3c:02,발산,1005
10:e3:c7:05:18:e2,발산,1005
22:e3:c7:05:3c:bb,발산,1005
10:e3:c7:05:3c:bb,발산,1005
00:25:a6:a3:ac:11,발산,1005
00:40:5a:ba:f1:f2,발산,1005
00:40:5a:ba:f1:f3,발산,1005
00:25:a6:a3:ac:12,발산,1005
00:40:5a:bb:56:62,발산,1005
00:40:5a:bb:30:92,발산,1005
00:25:a6:a5:2d:43,발산,1005
06:17:b2:04:71:96,발산,1005
22:e3:c7:05:18:fe,발산,1005
00:25:a6:a5:23:d9,발산,1005
00:40:5a:bb:56:63,발산,1005
00:25:a6:a5:2d:44,발산,1005
04:17:b2:04:71:94,발산,1005
10:e3:c7:05:18:f2,발산,1005
10:e3:c7:05:18:fe,발산,1005
00:40:5a:a4:b5:72,발산,1005
22:e3:c7:05:18:ff,발산,1005
10:e3:c7:05:18:ff,발산,1005
00:40:5a:bb:30:93,발산,1005
02:07:89:10:5c:c8,발산,1005
22:e3:c7:05:18:e3,발산,1005
00:25:a6:a5:23:da,발산,1005
10:e3:c7:05:18:e3,발산,1005
00:25:a6:a5:23:f7,발산,1005
00:25:a6:a5:23:f8,발산,1005
10:e3:c7:05:3c:b6,우장산,1005
00:40:5a:bb:2f:ca,우장산,1005
22:e3:c7:05:3c:b7,우장산,1005
22:e3:c7:05:3c:b6,우장산,1005
22:e3:c7:05:3c:c2,우장산,1005
22:e3:c7:05:3c:c3,우장산,1005
00:25:a6:a4:cf:88,우장산,1005
00:40:5a:bb:2e:ca,우장산,1005
10:e3:c7:05:3c:b7,우장산,1005
00:40:5a:bb:2f:cb,우장산,1005
10:e3:c7:05:3c:c3,우장산,1005
10:e3:c7:05:3c:c2,우장산,1005
00:25:a6:a4:cf:89,우장산,1005
00:40:5a:bb:2e:cb,우장산,1005
00:25:a6:a4:ca:39,우장산,1005
22:e3:c7:05:3c:aa,우장산,1005
12:e3:c7:05:3c:be,우장산,1005
22:e3:c7:05:3c:ab,우장산,1005
00:40:5a:bb:23:83,우장산,1005
10:e3:c7:05:3c:ab,우장산,1005
10:e3:c7:05:3c:aa,우장산,1005
00:40:5a:bb:2d:eb,우장산,1005
00:40:5a:bb:23:82,우장산,1005
00:40:5a:bb:2d:ea,우장산,1005
00:25:a6:a4:d9:15,우장산,1005
00:25:a6:a4:cf:83,우장산,1005
00:25:a6:a4:cf:84,우장산,1005
00:40:5a:bb:61:b2,우장산,1005
22:e3:c7:05:3c:bf,우장산,1005
00:25:a6:a4:ca:38,우장산,1005
00:25:a6:a4:d9:16,우장산,1005
00:40:5a:bb:61:b3,우장산,1005
10:e3:c7:05:3c:bf,우장산,1005
00:40:5a:bf:be:3a,우장산,1005
00:40:5a:bf:be:3b,우장산,1005
02:07:89:10:5b:5e,우장산,1005
00:40:5a:bb:31:b3,우장산,1005
00:25:a6:a3:82:50,화곡,1005
00:40:5a:bb:30:8b,화곡,1005
22:e3:c7:05:3c:c7,화곡,1005
22:e3:c7:05:3c:c6,화곡,1005
00:40:5a:bb:2e:7a,화곡,1005
00:40:5a:bb:46:3a,화곡,1005
22:e3:c7:05:3c:af,화곡,1005
10:e3:c7:05:3c:c7,화곡,1005
10:e3:c7:05:3c:c6,화곡,1005
00:40:5a:bb:2e:7b,화곡,1005
00:40:5a:bb:46:3b,화곡,1005
10:e3:c7:05:3c:af,화곡,1005
00:40:5a:c0:4f:f2,신금호,1005
00:30:0d:5c:68:3c,한양대,1002
00:40:5a:c3:ea:02,한양대,1002
02:30:0d:5c:68:3c,한양대,1002
00:40:5a:c3:ea:03,한양대,1002
00:25:a6:a5:28:03,영등포시장,1005
00:30:0d:84:3b:80,영등포시장,1005
00:25:a6:a4:03:91,영등포시장,1005
02:17:b2:02:5d:5e,영등포시장,1005
00:30:0d:84:3b:90,영등포시장,1005
06:17:b2:04:76:be,영등포시장,1005
0a:30:0d:84:3b:92,영등포시장,1005
02:07:89:10:5a:fb,영등포시장,1005
00:07:89:10:5a:fb,영등포시장,1005
0a:30:0d:84:5f:72,영등포시장,1005
00:30:0d:84:5f:70,영등포시장,1005
0a:30:0d:84:dc:f2,영등포시장,1005
00:30:0d:84:dc:f0,영등포시장,1005
00:30:0d:84:dc:e0,영등포시장,1005
00:40:5a:ba:f1:5b,영등포시장,1005
00:40:5a:ba:f1:5a,영등포시장,1005
00:25:a6:a5:28:02,영등포시장,1005
00:30:0d:84:de:20,영등포시장,1005
00:25:a6:a4:c8:86,영등포시장,1005
00:07:89:0f:d8:b5,신길,1005
02:07:89:0f:d8:b5,신길,1005
00:40:5a:bb:0f:42,신길,1005
0a:30:0d:84:60:d2,신길,1005
00:40:5a:bb:0f:43,신길,1005
0a:30:0d:85:05:32,신길,1005
00:30:0d:85:05:30,신길,1005
00:40:5a:bb:0f:8a,신길,1005
00:30:0d:85:05:20,신길,1005
00:40:5a:bb:0f:8b,신길,1005
00:07:89:0f:d8:ad,신길,1005
02:07:89:0f:d8:ad,신길,1005
02:07:89:0f:d8:ac,신길,1005
00:07:89:0f:d8:ac,신길,1005
00:07:89:0f:d8:a1,신길,1005
00:40:5a:bb:24:9a,신길,1005
02:07:89:0f:d8:a1,신길,1005
00:40:5a:bb:24:9b,신길,1005
0a:30:0d:84:ff:b2,신길,1005
00:30:0d:84:ff:a0,신길,1005
00:07:89:0f:d8:a0,신길,1005
00:30:0d:84:ff:b0,신길,1005
00:07:89:0f:d8:b4,신길,1005
0a:30:0d:84:39:52,신길,1005
02:07:89:0f:d8:a0,신길,1005
00:30:0d:84:39:50,신길,1005
02:07:89:0f:d8:b4,신길,1005
06:17:b2:04:6a:92,신길,1005
02:17:b2:02:6a:92,신길,1005
00:40:5a:ba:f1:7a,신길,1005
00:40:5a:ba:f1:7b,신길,1005
00:30:0d:84:60:d0,신길,1005
00:40:5a:bb:25:13,신길,1005
00:07:89:10:51:93,신길,1005
00:07:89:10:4c:2e,신길,1005
00:30:0d:84:3a:50,신길,1005
00:07:89:0f:d8:9c,신길,1005
00:40:5a:bb:25:12,신길,1005
00:07:89:0f:d8:9d,신길,1005
0a:30:0d:84:3a:52,신길,1005
02:17:b2:02:72:72,신길,1005
02:07:89:0f:d8:9c,신길,1005
02:07:89:0f:d8:9d,신길,1005
00:30:0d:84:3a:40,신길,1005
02:07:89:10:5c:ac,신길,1005
00:07:89:10:47:c7,신길,1005
00:40:5a:bb:5f:1a,신길,1005
02:17:b2:02:7a:02,신길,1005
02:07:89:10:47:c7,신길,1005
00:40:5a:bb:5f:1b,신길,1005
0a:30:0d:84:38:32,신길,1005
06:17:b2:04:79:6e,굽은다리,1005
06:17:b2:04:79:82,굽은다리,1005
00:25:a6:a2:9a:e5,신금호,1005
00:25:a6:a4:d9:cf,신금호,1005
00:25:a6:a5:4d:2d,신금호,1005
22:e3:c7:05:3e:9a,신금호,1005
10:e3:c7:05:3e:9a,신금호,1005
00:40:5a:c0:34:ca,신금호,1005
00:40:5a:c0:15:42,신금호,1005
00:40:5a:c0:34:cb,신금호,1005
00:40:5a:c0:15:43,신금호,1005
00:25:a6:a2:9a:e4,신금호,1005
12:16:1f:03:73:e7,행당,1005
12:16:1f:03:73:e6,행당,1005
12:16:1f:03:79:bf,행당,1005
00:16:1f:03:73:e6,행당,1005
00:16:1f:03:79:bf,행당,1005
00:07:89:0f:d5:29,대림,1002
00:17:b2:01:ac:ca,대림,1002
00:07:89:0f:d5:1d,대림,1002
00:40:5a:c3:cc:0a,대림,1002
00:40:5a:c3:70:aa,대림,1002
00:40:5a:c3:96:3a,대림,1002
00:07:89:0f:d5:21,대림,1002
00:07:89:0f:d5:28,대림,1002
00:07:89:0f:d5:0d,대림,1002
00:07:89:0f:d5:20,대림,1002
02:17:b2:02:51:e6,대림,1002
02:07:89:0f:d5:15,대림,1002
02:07:89:0f:d5:14,대림,1002
02:07:89:0f:d5:19,대림,1002
00:40:5a:c3:73:eb,대림,1002
00:17:b2:01:ac:88,대림,1002
00:40:5a:bb:3c:eb,대림,1002
02:07:89:0f:d5:18,대림,1002
02:07:89:0f:d5:29,대림,1002
00:17:b2:01:ac:c8,대림,1002
00:40:5a:c3:96:3b,대림,1002
02:07:89:0f:d5:1d,대림,1002
00:40:5a:c3:70:ab,대림,1002
00:40:5a:c3:cc:0b,대림,1002
02:07:89:0f:d5:1c,대림,1002
02:07:89:0f:d5:28,대림,1002
02:07:89:0f:d5:21,대림,1002
02:07:89:0f:d5:0d,대림,1002
02:07:89:0f:d5:20,대림,1002
02:17:b2:02:51:e4,대림,1002
00:40:5a:c3:cf:fb,대림,1002
00:17:b2:01:aa:7a,대림,1002
00:07:89:0f:d5:05,대림,1002
00:17:b2:01:aa:f2,대림,1002
00:40:5a:c3:70:1a,대림,1002
00:17:b2:01:aa:78,대림,1002
02:07:89:0f:d5:04,대림,1002
02:07:89:0f:d5:05,대림,1002
00:17:b2:01:aa:f0,대림,1002
00:40:5a:c3:70:1b,대림,1002
00:07:89:0f:d5:1c,대림,1002
00:40:5a:c3:73:72,대림,1002
00:40:5a:c3:cf:fa,대림,1002
00:17:b2:01:ac:ea,대림,1002
10:f9:6f:f5:72:92,대림,1002
00:40:5a:c3:73:73,대림,1002
00:17:b2:01:aa:18,대림,1002
00:17:b2:01:ac:e8,대림,1002
00:17:b2:02:96:0a,대림,1002
00:07:89:0f:d5:09,대림,1002
00:17:b2:02:9a:ca,대림,1002
00:17:b2:02:9a:c8,대림,1002
00:17:b2:01:aa:1a,대림,1002
00:40:5a:c3:71:a2,대림,1002
00:17:b2:02:96:08,대림,1002
00:07:89:0f:d5:0c,대림,1002
04:17:b2:04:78:a0,굽은다리,1005
04:17:b2:04:78:70,굽은다리,1005
00:25:a6:a5:b0:1f,굽은다리,1005
22:e3:c7:05:3b:3f,굽은다리,1005
00:25:a6:a4:c7:90,굽은다리,1005
00:40:5a:b8:29:32,굽은다리,1005
00:07:89:0f:22:37,을지로입구,1002
00:40:5a:91:fc:ba,을지로입구,1002
00:07:89:0f:d9:5d,왕십리,1002
00:07:89:0f:d9:51,왕십리,1002
00:07:89:0f:d9:50,왕십리,1002
00:40:5a:b0:07:7a,왕십리,1002
00:40:5a:b0:21:62,왕십리,1002
06:30:0d:74:c4:61,왕십리,1002
0a:30:0d:74:4f:11,왕십리,1002
06:30:0d:74:4f:01,왕십리,1002
00:07:89:0f:d9:48,왕십리,1002
00:07:89:0f:d9:49,왕십리,1002
00:40:5a:b0:03:1a,왕십리,1002
0a:30:0d:74:47:71,왕십리,1002
00:07:89:0f:d9:61,왕십리,1002
06:30:0d:74:47:61,왕십리,1002
06:30:0d:74:52:61,왕십리,1002
0a:30:0d:74:52:71,왕십리,1002
00:07:89:0f:d9:4d,왕십리,1002
00:07:89:0f:d9:3d,왕십리,1002
00:40:5a:b0:3b:1a,왕십리,1002
00:40:5a:af:e1:ea,왕십리,1002
00:30:0d:74:4e:30,왕십리,1002
00:40:5a:b0:0f:cb,왕십리,1002
02:07:89:0f:d9:51,왕십리,1002
02:07:89:0f:d9:5d,왕십리,1002
00:40:5a:b0:21:63,왕십리,1002
00:30:0D:75:D9:40,구파발,1003
00:30:0D:80:FD:C0,연신내,1003
00:30:0D:75:59:A0,연신내,1003
00:30:0D:74:60:C0,연신내,1003
00:30:0D:74:DB:A0,연신내,1003
00:30:0D:73:3A:60,연신내,1003
00:30:0d:7e:b1:00,김포공항,1005
00:30:0D:60:ED:50,아현,1002
00:30:0D:60:E6:A4,아현,1002
00:30:0D:60:D4:9E,아현,1002
00:30:0D:7C:BE:40,충정로,1002
00:30:0D:7D:04:20,충정로,1002
00:30:0D:63:51:94,충정로,1002
00:30:0D:7D:02:A0,충정로,1002
00:30:0D:7C:BD:A0,충정로,1002
00:30:0D:7C:C1:A0,충정로,1002
00:30:0D:7D:13:00,충정로,1002
00:17:B2:01:AE:98,용답,1002
00:17:B2:01:A8:90,용답,1002
00:17:B2:01:AC:48,용답,1002
00:17:B2:01:AD:00,용답,1002
00:17:B2:01:AC:D0,신답,1002
00:17:B2:01:A8:C0,신답,1002
00:17:B2:01:AC:80,신답,1002
00:30:0D:62:28:7E,용두,1002
00:30:0D:62:33:3A,용두,1002
00:30:0D:62:37:3E,용두,1002
00:30:0D:61:3A:08,용두,1002
00:30:0D:61:39:F8,용두,1002
00:30:0D:61:39:FA,용두,1002
00:30:0D:74:63:40,신설동,1002
00:30:0D:75:4D:A0,신설동,1002
00:30:0D:75:4F:C0,신설동,1002
00:30:0D:75:CC:20,신설동,1002
00:30:0D:75:58:A0,신설동,1002
00:30:0D:81:0C:00,신설동,1002
00:30:0D:61:02:98,도림천,1002
00:30:0D:54:91:97,도림천,1002
00:30:0D:54:82:97,도림천,1002
00:30:0D:54:88:B7,도림천,1002
00:30:0D:61:02:9E,도림천,1002
00:30:0D:61:25:FA,양천구청,1002
00:30:0D:61:1F:F4,양천구청,1002
00:30:0D:61:22:80,양천구청,1002
00:30:0D:61:31:40,양천구청,1002
00:30:0D:61:29:58,양천구청,1002
00:30:0D:61:3C:00,양천구청,1002
00:30:0D:61:38:10,신정네거리,1002
00:30:0D:61:2D:5C,신정네거리,1002
00:30:0D:61:03:6C,신정네거리,1002
00:30:0D:61:38:0A,신정네거리,1002
00:30:0D:61:3D:86,신정네거리,1002
00:30:0D:61:3C:90,신정네거리,1002
00:30:0D:74:55:00,까치산,1002
00:30:0D:74:C5:C0,까치산,1002
00:30:0D:74:DB:F0,시청,1002
00:30:0D:74:C4:D0,시청,1002
00:30:0D:74:61:50,시청,1002
00:30:0D:74:61:B0,시청,1002
00:30:0D:74:C3:F0,시청,1002
00:30:0D:74:46:D0,시청,1002
00:30:0D:74:CA:90,시청,1002
00:30:0D:74:47:50,시청,1002
00:30:0D:74:DC:30,시청,1002
00:30:0D:7C:8C:B0,시청,1002
00:30:0D:71:F0:90,을지로입구,1002
00:30:0D:75:CD:30,을지로입구,1002
00:30:0D:72:FF:30,을지로입구,1002
00:30:0D:75:4E:70,을지로입구,1002
00:30:0D:74:C8:10,을지로입구,1002
00:30:0D:72:2C:B0,을지로입구,1002
00:30:0D:71:BF:10,을지로입구,1002
00:30:0D:71:BB:50,을지로입구,1002
00:30:0D:75:C2:50,을지로3가,1002
00:30:0D:78:45:B0,을지로3가,1002
00:30:0D:73:37:D0,을지로3가,1002
00:30:0D:75:D8:B0,을지로3가,1002
00:30:0D:75:D8:70,을지로3가,1002
00:30:0D:73:0B:50,을지로3가,1002
00:30:0D:75:44:90,을지로3가,1002
00:30:0D:75:40:F0,을지로4가,1002
00:30:0D:74:5F:50,을지로4가,1002
00:30:0D:75:D8:10,을지로4가,1002
00:30:0D:74:D0:50,을지로4가,1002
00:30:0D:74:4F:D0,을지로4가,1002
00:30:0D:75:BE:10,을지로4가,1002
00:30:0D:75:59:50,을지로4가,1002
00:30:0D:74:56:10,을지로4가,1002
00:30:0D:72:12:D0,을지로4가,1002
00:30:0D:73:3B:50,동대문역사문화공원,1002
00:30:0d:75:4c:c0,합정,1002
06:30:0d:75:4c:c1,합정,1002
00:40:5a:af:e9:72,합정,1002
0a:30:0d:75:4c:d1,합정,1002
06:30:0d:75:4c:61,합정,1002
00:09:b4:61:1b:df,합정,1002
06:30:0d:75:4d:21,합정,1002
00:09:b4:61:1b:83,합정,1002
0a:30:0d:75:4c:71,합정,1002
00:40:5a:b0:0b:72,합정,1002
00:09:b4:61:1b:82,합정,1002
00:40:5a:b0:05:32,합정,1002
0a:30:0d:75:4d:31,합정,1002
00:40:5a:b0:16:ca,합정,1002
00:09:b4:61:1a:32,합정,1002
00:09:b4:61:1b:4a,합정,1002
00:40:5a:b0:05:0a,합정,1002
00:40:5a:af:e9:73,합정,1002
00:30:0d:75:4c:d0,합정,1002
02:09:b4:61:1b:df,합정,1002
02:09:b4:61:1b:de,합정,1002
00:30:0d:75:4d:20,합정,1002
00:40:5a:b0:05:33,합정,1002
00:30:0d:75:4c:60,합정,1002
00:30:0d:75:4c:70,합정,1002
00:40:5a:b0:0b:73,합정,1002
02:09:b4:61:1b:83,합정,1002
02:09:b4:61:1b:82,합정,1002
00:30:0d:75:4d:30,합정,1002
02:09:b4:61:1a:32,합정,1002
02:09:b4:61:1b:4a,합정,1002
00:40:5a:b0:16:cb,합정,1002
00:40:5a:b0:05:0b,합정,1002
00:09:b4:61:1b:de,합정,1002
00:09:b4:61:1b:4b,합정,1002
00:09:b4:61:1b:4f,합정,1002
06:30:0d:74:5e:a1,합정,1002
00:40:5a:b0:0e:42,합정,1002
02:09:b4:61:1b:4b,합정,1002
00:30:0d:74:5e:a0,합정,1002
00:40:5a:af:bf:4b,합정,1002
00:40:5a:af:bf:4a,합정,1002
00:09:b4:61:1a:33,합정,1002
00:40:5a:b0:29:92,합정,1002
00:40:5a:b0:0e:43,합정,1002
00:40:5a:b0:29:93,합정,1002
0a:30:0d:75:4e:91,합정,1002
02:09:b4:61:19:df,합정,1002
00:30:0d:75:4e:90,합정,1002
00:09:b4:61:19:df,합정,1002
00:25:a6:a4:5f:ee,원당,1003
00:25:a6:a4:32:f9,원당,1003
00:25:a6:a4:32:f8,원당,1003
02:17:b2:02:52:8e,원당,1003
00:25:a6:a5:2c:67,원당,1003
02:17:b2:02:52:8c,원당,1003
00:25:a6:a4:5b:5d,원당,1003
02:07:89:10:44:c9,원당,1003
04:17:b2:04:3d:44,원당,1003
00:1d:93:1e:38:5a,원당,1003
00:40:5a:b5:72:aa,원당,1003
00:17:b2:01:69:10,원당,1003
22:e3:c7:05:63:03,삼송,1003
00:40:5a:b8:61:12,삼송,1003
22:e3:c7:05:63:02,삼송,1003
00:40:5a:b8:95:02,삼송,1003
00:07:89:14:6c:0d,삼송,1003
00:07:89:14:6c:21,삼송,1003
00:40:5a:b8:7e:da,삼송,1003
00:40:5a:b8:4d:e2,삼송,1003
22:e3:c7:05:62:ff,삼송,1003
00:07:89:14:6c:35,삼송,1003
00:07:89:14:6c:20,삼송,1003
22:e3:c7:05:63:0b,삼송,1003
22:e3:c7:05:63:07,삼송,1003
22:e3:c7:05:63:06,삼송,1003
00:40:5a:b7:b3:3a,삼송,1003
22:e3:c7:05:62:fe,삼송,1003
00:07:89:14:6c:31,삼송,1003
10:e3:c7:05:63:03,삼송,1003
00:40:5a:b8:61:13,삼송,1003
10:e3:c7:05:63:02,삼송,1003
00:40:5a:b8:95:03,삼송,1003
02:07:89:14:6c:0d,삼송,1003
02:07:89:14:6c:21,삼송,1003
00:40:5a:b8:4d:e3,삼송,1003
10:e3:c7:05:62:ff,삼송,1003
02:07:89:14:6c:35,삼송,1003
10:e3:c7:05:63:06,삼송,1003
10:e3:c7:05:63:0b,삼송,1003
00:40:5a:c0:2b:d2,행당,1005
00:40:5a:c0:5e:c2,행당,1005
00:40:5a:c0:2b:d3,행당,1005
00:40:5a:c0:5e:c3,행당,1005
00:16:1f:03:73:e7,행당,1005
12:16:1f:03:79:be,행당,1005
12:16:1f:03:5f:67,행당,1005
12:16:1f:03:5f:66,행당,1005
00:25:a6:a4:60:a7,행당,1005
00:40:5a:c0:2a:f2,행당,1005
00:16:1f:03:5f:67,행당,1005
00:16:1f:03:5f:66,행당,1005
00:25:a6:a4:62:28,행당,1005
00:40:5a:c0:62:73,행당,1005
00:25:a6:a4:62:29,행당,1005
00:40:5a:c0:62:72,행당,1005
00:25:a6:a4:60:a8,행당,1005
02:16:1f:03:7c:ea,행당,1005
00:16:1f:03:79:be,행당,1005
00:40:5a:c0:5e:9a,행당,1005
12:16:1f:03:47:93,행당,1005
00:40:5a:c0:5e:9b,행당,1005
02:07:89:10:4d:85,행당,1005
00:40:5a:c0:29:63,행당,1005
00:07:89:10:4d:9c,행당,1005
00:16:1f:03:47:93,행당,1005
12:16:1f:03:47:92,행당,1005
00:40:5a:c0:29:62,행당,1005
12:16:1f:03:7c:eb,행당,1005
00:40:5a:c0:5d:ba,행당,1005
00:16:1f:03:47:92,행당,1005
00:25:a6:a4:5b:8f,행당,1005
00:16:1f:03:7c:eb,행당,1005
00:25:a6:a4:5b:8e,행당,1005
00:25:a6:a4:41:08,행당,1005
00:40:5a:c0:2a:f3,행당,1005
00:25:a6:a4:41:09,행당,1005
00:40:5a:c0:5d:bb,행당,1005
00:07:89:0f:22:db,왕십리,1005
0a:30:0d:84:79:d2,왕십리,1005
0a:30:0d:84:79:52,왕십리,1005
00:30:0d:84:79:d0,왕십리,1005
00:30:0d:84:79:c0,왕십리,1005
00:30:0d:84:79:50,왕십리,1005
00:40:5a:bf:f5:fa,왕십리,1005
00:07:89:0e:bb:bf,왕십리,1005
02:07:89:0e:bb:bf,왕십리,1005
00:40:5a:bf:f5:fb,왕십리,1005
00:40:5a:bf:db:1b,왕십리,1005
00:40:5a:bf:d0:92,왕십리,1005
00:40:5a:bf:f4:aa,왕십리,1005
00:40:5a:bf:f4:ab,왕십리,1005
02:07:89:0f:22:db,왕십리,1005
00:40:5a:bf:d0:93,왕십리,1005
00:09:b4:61:0a:5b,왕십리,1005
02:09:b4:61:0a:5b,왕십리,1005
0a:30:0d:83:9e:12,왕십리,1005
00:30:0d:83:9e:10,왕십리,1005
00:40:5a:c0:44:d3,왕십리,1005
00:40:5a:bf:d6:92,왕십리,1005
00:40:5a:bf:d6:93,왕십리,1005
00:40:5a:c0:44:d2,왕십리,1005
00:07:89:0f:22:da,왕십리,1005
06:30:0d:83:77:02,왕십리,1005
00:30:0d:83:77:10,왕십리,1005
00:30:0d:83:77:00,왕십리,1005
00:40:5a:bf:db:1a,왕십리,1005
00:40:5a:bf:d6:91,왕십리,1005
00:07:89:0f:24:43,왕십리,1005
02:07:89:0f:22:da,왕십리,1005
00:40:5a:c0:0f:9b,왕십리,1005
00:40:5a:c0:0f:9a,왕십리,1005
00:30:0d:84:79:40,왕십리,1005
00:07:89:0f:24:42,왕십리,1005
02:07:89:0f:24:42,왕십리,1005
0a:30:0d:83:77:12,왕십리,1005
00:40:5a:c0:40:12,왕십리,1005
00:40:5a:bf:f4:5b,왕십리,1005
02:17:b2:02:5e:5a,방배,1002
00:16:1F:03:81:E0,가양,1009
00:16:1F:03:80:84,가양,1009
00:16:1F:03:7E:2C,가양,1009
00:16:1F:03:60:28,가양,1009
00:30:0D:5D:D7:2D,증미,1009
00:30:0D:5D:D7:33,증미,1009
00:30:0D:5D:D7:3B,증미,1009
00:30:0D:5D:D0:8F,증미,1009
00:30:0D:5D:D0:37,증미,1009
00:30:0D:54:5D:7D,매봉,1003
00:30:0D:61:0D:4E,매봉,1003
00:30:0D:60:FF:54,매봉,1003
00:30:0D:60:EB:2A,매봉,1003
00:30:0D:7F:79:40,도곡,1003
00:30:0D:7D:20:00,도곡,1003
00:30:0D:7B:FC:20,도곡,1003
00:30:0D:7D:28:80,도곡,1003
00:30:0D:7C:C7:A0,도곡,1003
00:30:0D:7C:65:80,도곡,1003
00:30:0D:57:D5:41,대치,1003
00:30:0D:60:F2:F8,대치,1003
00:30:0D:57:D3:2D,대치,1003
00:30:0D:57:D5:43,대치,1003
00:30:0D:61:06:80,학여울,1003
00:30:0D:60:F2:CA,학여울,1003
00:30:0D:61:29:D0,학여울,1003
00:30:0D:60:F7:7E,학여울,1003
00:30:0D:60:FB:3E,학여울,1003
00:30:0D:60:F2:00,학여울,1003
00:30:0D:60:EB:36,학여울,1003
00:30:0D:61:37:7E,대청,1003
00:30:0D:61:37:80,대청,1003
00:30:0D:61:37:8C,대청,1003
00:30:0D:61:37:7C,대청,1003
00:30:0D:61:37:4A,대청,1003
00:30:0D:81:4F:20,강동,1005
00:30:0D:61:1D:C7,마장,1005
00:30:0D:61:26:33,마장,1005
00:30:0D:61:1D:B3,마장,1005
00:30:0D:61:24:95,마장,1005
00:30:0D:61:06:73,답십리,1005
00:30:0D:60:F7:A3,답십리,1005
00:30:0D:60:F7:6D,답십리,1005
00:30:0D:61:06:9F,답십리,1005
00:30:0D:60:F7:93,답십리,1005
00:30:0D:7D:EF:0F,답십리,1005
00:30:0D:61:24:DF,장한평,1005
00:30:0D:61:25:05,장한평,1005
00:30:0D:61:1C:27,장한평,1005
00:30:0D:61:1C:6B,장한평,1005
00:30:0D:61:36:11,장한평,1005
00:30:0D:61:1C:91,장한평,1005
00:30:0D:7E:9F:0F,군자,1005
00:30:0D:7F:1D:CF,군자,1005
00:30:0D:7E:9F:4F,군자,1005
00:30:0D:7F:F1:2F,군자,1005
00:30:0D:7F:1E:0F,군자,1005
00:30:0D:7F:F8:8F,군자,1005
00:30:0D:61:1D:B7,아차산,1005
00:30:0D:61:1D:99,아차산,1005
00:30:0D:61:1D:91,아차산,1005
00:30:0D:61:1D:9B,아차산,1005
00:30:0D:61:26:01,아차산,1005
00:30:0D:61:1D:D1,광나루,1005
00:30:0D:61:2B:D1,광나루,1005
00:30:0D:61:1C:05,광나루,1005
00:30:0D:61:1D:93,광나루,1005
00:30:0D:61:25:E1,광나루,1005
00:30:0D:7B:74:AF,천호,1005
00:30:0D:7E:5C:CF,천호,1005
00:30:0D:7D:93:EF,천호,1005
00:30:0D:7E:5C:EF,천호,1005
00:30:0D:7E:51:CF,천호,1005
00:30:0D:7E:DC:AF,강동,1005
00:30:0D:75:C8:0F,강동,1005
00:30:0D:81:4F:2F,강동,1005
00:30:0D:71:B8:4F,강동,1005
10:E3:C7:04:29:05,강동,1005
00:30:0D:73:2C:EF,강동,1005
00:30:0D:76:43:4F,강동,1005
00:30:0D:73:2C:CF,강동,1005
00:30:0D:61:2F:CF,길동,1005
00:30:0D:61:1C:7B,길동,1005
00:30:0D:60:F2:87,길동,1005
00:30:0D:61:21:7D,길동,1005
00:30:0D:61:1F:29,길동,1005
00:30:0D:63:5D:91,길동,1005
00:30:0D:61:21:8B,굽은다리,1005
00:30:0D:74:DF:D0,동대문역사문화공원,1002
00:30:0D:74:65:30,동대문역사문화공원,1002
00:30:0D:74:DF:F0,동대문역사문화공원,1002
00:30:0D:74:64:B0,동대문역사문화공원,1002
00:30:0D:74:64:70,동대문역사문화공원,1002
00:30:0D:74:E0:50,동대문역사문화공원,1002
00:30:0D:74:4C:10,신당,1002
00:30:0D:75:59:70,신당,1002
00:30:0D:75:BE:D0,신당,1002
00:30:0D:75:41:B0,신당,1002
00:30:0D:75:BF:B0,신당,1002
00:30:0D:73:3B:30,신당,1002
00:30:0D:7E:3D:70,오금,1003
00:30:0D:7F:33:90,까치산,1005
00:30:0D:80:33:90,까치산,1005
00:30:0D:80:33:70,까치산,1005
00:30:0D:7F:B7:B0,까치산,1005
00:30:0D:7F:BA:50,까치산,1005
00:30:0D:75:4E:30,영등포구청,1005
00:30:0D:73:2E:90,영등포구청,1005
00:30:0D:73:02:10,영등포구청,1005
00:30:0D:71:C7:F0,영등포구청,1005
00:30:0D:75:50:B0,영등포구청,1005
00:30:0D:72:24:70,영등포구청,1005
00:30:0D:76:DB:B0,영등포구청,1005
00:16:1F:03:1F:BB,신길,1005
00:16:1F:03:0D:FB,신길,1005
00:16:1F:03:1E:C7,신길,1005
00:16:1F:03:12:47,신길,1005
00:16:1F:03:1F:17,신길,1005
00:16:1F:03:20:6F,신길,1005
00:16:1F:03:08:93,신길,1005
00:16:1F:03:1E:8B,신길,1005
00:16:1F:03:15:13,여의도,1005
00:16:1F:03:18:BB,여의도,1005
00:16:1F:03:14:93,여의도,1005
00:16:1F:03:1E:D7,여의도,1005
00:16:1F:03:1E:EB,여의도,1005
00:16:1F:03:18:F3,여의도,1005
00:16:1F:03:1D:E7,여의도,1005
00:16:1F:03:1F:C3,여의도,1005
00:16:1F:03:05:7B,여의도,1005
00:30:0D:7F:F3:B0,공덕,1005
00:30:0D:7E:92:90,공덕,1005
00:30:0D:7F:F3:70,공덕,1005
00:30:0D:7F:F3:10,공덕,1005
00:30:0D:7F:7B:10,공덕,1005
00:30:0D:7E:92:B0,공덕,1005
00:30:0D:80:11:50,공덕,1005
00:30:0D:7D:14:50,충정로,1005
00:30:0D:7D:06:D0,충정로,1005
00:30:0D:7D:12:50,충정로,1005
00:30:0D:7C:AD:F0,충정로,1005
00:30:0D:7F:DA:70,충정로,1005
00:30:0D:80:3E:90,충정로,1005
00:16:1F:03:14:23,서대문,1005
00:30:0D:74:49:90,종로3가,1005
00:30:0D:74:53:70,종로3가,1005
00:30:0D:75:49:90,종로3가,1005
00:30:0D:75:BB:F0,종로3가,1005
00:30:0D:75:E5:B0,종로3가,1005
00:30:0D:77:AE:10,종로3가,1005
00:30:0D:74:DE:F0,종로3가,1005
00:30:0D:74:CC:50,종로3가,1005
00:30:0D:71:EB:F0,을지로4가,1005
00:30:0D:71:BB:B0,을지로4가,1005
00:30:0D:76:F0:F0,을지로4가,1005
00:30:0D:78:45:50,을지로4가,1005
00:30:0D:74:50:90,을지로4가,1005
00:30:0D:7E:09:70,을지로4가,1005
00:30:0D:74:DA:D0,을지로4가,1005
00:30:0D:74:C7:70,동대문역사문화공원,1005
00:30:0D:74:C5:F0,동대문역사문화공원,1005
00:30:0D:75:CB:D0,동대문역사문화공원,1005
00:30:0D:72:E0:D0,동대문역사문화공원,1005
00:30:0D:75:D8:50,동대문역사문화공원,1005
00:30:0D:75:4E:D0,청구,1005
00:30:0D:74:60:30,청구,1005
00:16:1F:03:6C:E0,가양,1009
06:40:5a:cd:6e:79,충정로,1005
00:30:0d:83:81:c0,충정로,1005
0a:40:5a:cd:6e:79,충정로,1005
02:07:89:0f:d7:1d,충정로,1005
00:30:0d:83:81:d0,충정로,1005
02:07:89:0f:d7:1c,충정로,1005
00:30:0d:83:84:00,충정로,1005
00:07:89:0f:d7:19,충정로,1005
0a:30:0d:83:84:12,충정로,1005
02:07:89:0f:d7:19,충정로,1005
00:40:5a:cd:6e:7a,충정로,1005
00:30:0d:83:84:10,충정로,1005
06:40:5a:cd:6e:7a,충정로,1005
00:07:89:0f:d7:1c,충정로,1005
00:07:89:0f:d7:18,충정로,1005
02:07:89:0f:d7:18,충정로,1005
0a:30:0d:83:81:d2,충정로,1005
00:07:89:0f:d7:1d,충정로,1005
00:40:5a:c0:4d:93,충정로,1005
00:07:89:0f:d7:14,충정로,1005
00:07:89:0f:d7:15,충정로,1005
0a:30:0d:83:8b:b2,충정로,1005
02:07:89:0f:d7:14,충정로,1005
02:07:89:0f:d7:15,충정로,1005
00:30:0d:83:8b:b0,충정로,1005
00:40:5a:c0:4d:92,충정로,1005
06:17:b2:04:7a:66,충정로,1005
04:17:b2:04:7a:64,충정로,1005
00:07:89:10:58:09,충정로,1005
00:30:0d:83:86:00,충정로,1005
0a:30:0d:83:86:12,충정로,1005
00:07:89:0f:d7:11,충정로,1005
00:30:0d:83:86:10,충정로,1005
00:40:5a:bb:59:ea,애오개,1005
00:40:5a:bb:59:eb,애오개,1005
00:25:a6:a5:22:86,애오개,1005
00:40:5a:bb:60:2a,애오개,1005
00:40:5a:bb:93:02,애오개,1005
00:40:5a:bb:60:2b,애오개,1005
00:25:a6:a5:21:5a,애오개,1005
00:40:5a:bb:4d:1b,애오개,1005
00:25:a6:a5:22:85,애오개,1005
00:25:a6:a4:cf:06,애오개,1005
00:40:5a:bb:93:03,애오개,1005
00:40:5a:bb:4d:1a,애오개,1005
00:25:a6:a5:21:59,애오개,1005
00:40:5a:ba:d1:32,애오개,1005
00:25:a6:a4:ef:63,애오개,1005
00:25:a6:a4:cf:07,애오개,1005
00:40:5a:ba:d1:33,애오개,1005
00:25:a6:a4:ef:64,애오개,1005
00:40:5a:bb:56:cb,애오개,1005
00:40:5a:ba:cc:aa,애오개,1005
00:40:5a:ba:cc:ab,애오개,1005
00:40:5a:bb:56:ca,애오개,1005
00:40:5a:ba:ec:a2,공덕,1005
0a:30:0d:83:85:d2,공덕,1005
00:40:5a:bb:95:e2,공덕,1005
00:40:5a:ba:ec:a3,공덕,1005
00:40:5a:bb:95:e3,공덕,1005
06:30:0d:7e:92:81,공덕,1005
00:07:89:0f:d8:50,공덕,1005
02:07:89:0f:d8:51,공덕,1005
00:30:0d:7e:92:80,공덕,1005
0a:30:0d:7e:92:91,공덕,1005
00:30:0d:7e:92:90,공덕,1005
00:07:89:0f:d8:51,공덕,1005
02:07:89:0f:d8:50,공덕,1005
00:40:5a:b7:84:22,공덕,1005
02:17:b2:02:81:4a,공덕,1005
04:17:b2:04:81:48,공덕,1005
06:17:b2:04:81:4a,공덕,1005
00:07:89:0f:d8:55,공덕,1005
00:07:89:0f:d8:54,공덕,1005
00:40:5a:bb:98:42,공덕,1005
0a:30:0d:7f:f3:11,공덕,1005
06:30:0d:7f:f3:01,공덕,1005
02:07:89:0f:d8:55,공덕,1005
00:40:5a:bb:98:43,공덕,1005
00:30:0d:7f:f3:10,공덕,1005
00:30:0d:7f:f3:00,공덕,1005
00:30:0d:83:85:d0,공덕,1005
02:07:89:10:44:07,공덕,1005
00:07:89:10:44:07,공덕,1005
00:07:89:0f:d8:4d,공덕,1005
02:07:89:0f:d8:54,공덕,1005
02:07:89:0f:d8:4d,공덕,1005
00:30:0D:5D:D7:1B,증미,1009
00:30:0D:5D:D8:99,등촌,1009
00:30:0D:5D:DA:75,등촌,1009
00:30:0D:5D:D6:E9,등촌,1009
00:30:0D:5D:D0:3D,등촌,1009
00:30:0D:62:0B:F1,등촌,1009
00:30:0D:5D:D7:D5,등촌,1009
00:30:0D:5D:D8:79,염창,1009
00:30:0D:5D:D6:E1,염창,1009
00:30:0D:5D:D6:EF,염창,1009
00:30:0D:5D:D6:ED,염창,1009
00:30:0D:5D:D2:21,염창,1009
00:30:0D:5D:D7:B7,신목동,1009
00:30:0D:5D:D1:37,신목동,1009
00:30:0D:5D:D1:33,신목동,1009
00:30:0D:5D:D1:31,신목동,1009
00:30:0D:5D:D1:3B,신목동,1009
00:30:0D:5D:D7:B9,신목동,1009
00:30:0D:5D:D8:1F,선유도,1009
00:30:0D:5D:D1:A1,선유도,1009
00:30:0D:5D:D8:23,선유도,1009
00:30:0D:5D:D1:99,선유도,1009
00:30:0D:5D:D8:15,선유도,1009
00:30:0D:5D:D8:21,선유도,1009
00:30:0D:5D:CE:FF,당산,1009
00:30:0D:5D:DE:8F,당산,1009
00:30:0D:61:05:0F,당산,1009
00:30:0D:5D:EA:DF,당산,1009
00:30:0D:5D:EA:DD,당산,1009
00:30:0D:5D:F0:0D,당산,1009
00:30:0D:5D:EF:59,당산,1009
00:30:0D:5D:EA:19,당산,1009
00:30:0D:62:11:13,당산,1009
00:30:0D:62:0B:6F,당산,1009
00:30:0D:5D:D1:51,국회의사당,1009
00:30:0D:5D:D1:35,국회의사당,1009
00:30:0D:5D:D0:95,국회의사당,1009
00:30:0D:5D:D0:8B,국회의사당,1009
00:30:0D:5D:D0:93,국회의사당,1009
00:30:0D:5D:D7:21,국회의사당,1009
00:16:1F:03:18:14,여의도,1009
00:16:1F:03:18:88,여의도,1009
00:16:1F:03:0B:0C,여의도,1009
00:16:1F:03:0B:10,여의도,1009
00:30:0D:81:64:0F,여의도,1009
00:16:1F:03:20:70,여의도,1009
00:30:0D:5D:EA:E3,샛강,1009
00:30:0D:5D:EA:35,샛강,1009
00:30:0D:5D:F0:17,샛강,1009
00:30:0D:5D:EF:53,샛강,1009
00:30:0D:5D:EF:55,샛강,1009
00:30:0D:5D:EA:11,샛강,1009
00:30:0D:52:C9:35,샛강,1009
00:30:0D:5D:D6:BD,노량진(9호선),1009
00:30:0D:5D:D0:1F,노량진(9호선),1009
00:30:0D:5D:D0:27,노량진(9호선),1009
00:30:0D:5D:D6:AB,노량진(9호선),1009
00:30:0D:5D:D6:C9,노량진(9호선),1009
00:30:0D:5D:D6:93,노량진(9호선),1009
00:30:0D:5D:D0:29,노량진(9호선),1009
00:30:0D:5D:D0:5F,노들,1009
00:30:0D:5D:D8:95,노들,1009
00:30:0D:5D:D0:55,노들,1009
00:30:0D:5D:D0:59,노들,1009
00:30:0D:5D:D8:91,노들,1009
00:30:0D:5D:D0:5B,노들,1009
00:30:0D:5D:CD:91,흑석,1009
00:30:0D:5D:D6:D9,흑석,1009
00:30:0D:5D:D6:CF,흑석,1009
00:30:0D:5D:D6:CD,흑석,1009
00:30:0D:54:52:3C,흑석,1009
00:30:0D:73:46:8F,동작,1009
00:30:0d:83:6e:e0,왕십리,1005
00:40:5a:bf:f4:5a,왕십리,1005
22:e3:c7:05:3a:c2,목동,1005
22:e3:c7:05:3a:c3,목동,1005
10:e3:c7:05:3a:c3,목동,1005
10:e3:c7:05:3a:c2,목동,1005
00:30:0D:61:25:C9,굽은다리,1005
00:30:0D:62:29:55,굽은다리,1005
00:30:0D:61:1D:61,굽은다리,1005
00:30:0D:60:F5:91,굽은다리,1005
00:30:0D:61:3A:A3,굽은다리,1005
00:30:0D:60:F3:F7,명일,1005
00:30:0D:61:03:C9,명일,1005
00:30:0D:61:0E:73,명일,1005
00:30:0D:61:39:99,명일,1005
00:30:0D:61:1D:63,명일,1005
00:30:0D:61:0E:77,명일,1005
00:30:0D:5D:CD:D3,고덕,1005
00:30:0D:5D:EA:6B,고덕,1005
00:30:0D:5D:EF:A5,고덕,1005
00:30:0D:5D:E9:25,고덕,1005
00:30:0D:5D:CF:19,고덕,1005
00:30:0D:5D:EF:D3,상일동,1005
00:30:0D:5D:D7:77,상일동,1005
00:30:0D:5D:F0:75,상일동,1005
00:30:0D:5D:EF:B9,상일동,1005
00:30:0D:5D:D0:E9,상일동,1005
00:30:0D:5D:F0:7F,상일동,1005
00:30:0D:5D:D0:EF,상일동,1005
00:30:0D:5D:CF:D1,둔촌동,1005
00:30:0D:5D:D0:E3,둔촌동,1005
00:30:0D:5D:EA:6F,둔촌동,1005
00:30:0D:5D:D7:6B,둔촌동,1005
00:30:0D:5D:D7:6F,둔촌동,1005
00:30:0D:5D:D7:7F,올림픽공원,1005
00:30:0D:5D:D7:8B,올림픽공원,1005
00:30:0D:79:EB:EF,가락시장,1003
00:30:0D:81:3E:D0,동대문,1004
00:30:0D:75:C1:50,동대문,1004
00:30:0D:72:50:B0,동대문,1004
00:30:0D:79:C8:90,동대문,1004
00:30:0D:74:4B:70,동대문역사문화공원,1004
00:30:0D:75:50:90,동대문역사문화공원,1004
00:30:0D:73:38:10,동대문역사문화공원,1004
00:30:0D:72:E2:10,동대문역사문화공원,1004
00:30:0D:75:59:30,동대문역사문화공원,1004
00:30:0D:74:46:B0,동대문역사문화공원,1004
00:30:0D:75:CF:70,동대문역사문화공원,1004
00:30:0D:77:66:90,동대문역사문화공원,1004
00:30:0D:78:4B:50,충무로,1004
00:30:0D:74:DD:D0,충무로,1004
00:30:0D:74:5F:D0,충무로,1004
00:30:0D:75:5A:B0,충무로,1004
00:30:0D:74:CB:90,충무로,1004
00:30:0D:74:C8:D0,충무로,1004
00:30:0D:74:C9:B0,충무로,1004
00:30:0D:74:DF:90,충무로,1004
00:30:0D:75:41:D0,충무로,1004
00:30:0D:74:5E:D0,충무로,1004
00:30:0D:77:61:D0,명동,1004
00:30:0D:74:4D:30,명동,1004
00:30:0D:74:4F:90,명동,1004
00:30:0D:74:60:70,명동,1004
00:30:0D:74:C9:50,명동,1004
00:30:0D:74:CC:30,명동,1004
00:16:1F:03:14:27,명동,1004
00:30:0D:74:C7:10,서울,1004
00:30:0D:74:71:90,서울,1004
00:30:0D:75:39:B0,서울,1004
00:30:0D:74:4C:30,서울,1004
00:30:0D:74:CD:50,서울,1004
00:30:0D:74:64:D0,서울,1004
00:30:0D:75:C0:B0,서울,1004
00:30:0D:78:37:F0,삼각지,1004
00:30:0D:75:D9:B0,삼각지,1004
00:30:0D:75:43:F0,삼각지,1004
00:30:0D:74:55:D0,삼각지,1004
00:30:0D:75:5A:D0,삼각지,1004
00:30:0D:74:C9:10,삼각지,1004
00:30:0D:74:C5:90,이촌,1004
00:30:0D:74:DE:50,이촌,1004
00:30:0D:78:36:B0,이촌,1004
00:30:0D:74:DD:F0,이촌,1004
00:30:0D:75:CE:10,청구,1005
00:30:0D:74:CD:70,청구,1005
00:30:0D:75:CE:B0,청구,1005
00:30:0D:74:CC:B0,왕십리,1005
00:30:0D:73:3C:50,왕십리,1005
00:30:0D:74:49:70,왕십리,1005
00:30:0D:80:F6:B0,왕십리,1005
00:30:0D:73:3C:F0,왕십리,1005
00:30:0D:73:0D:50,왕십리,1005
00:30:0D:73:0C:90,왕십리,1005
00:30:0D:7D:EF:10,답십리,1005
00:30:0D:7E:9F:10,군자,1005
00:30:0D:7F:1D:D0,군자,1005
00:30:0D:7E:9F:50,군자,1005
00:30:0D:7F:F1:30,군자,1005
00:30:0D:61:21:31,송파,1008
00:30:0D:5D:D1:27,남구로,1007
00:30:0D:5D:D8:81,남구로,1007
00:30:0D:5D:D7:A1,남구로,1007
00:30:0D:5D:D8:7F,남구로,1007
00:30:0D:5D:D8:83,남구로,1007
00:30:0D:5D:D1:F5,남구로,1007
00:30:0D:76:9B:2F,가산디지털단지,1007
10:E3:C7:04:03:01,가산디지털단지,1007
00:30:0D:76:99:EF,가산디지털단지,1007
10:E3:C7:04:03:05,가산디지털단지,1007
10:E3:C7:04:06:35,가산디지털단지,1007
10:E3:C7:04:01:39,가산디지털단지,1007
10:E3:C7:04:02:FD,가산디지털단지,1007
10:E3:C7:04:03:0D,가산디지털단지,1007
00:30:0D:5D:D6:81,철산,1007
00:30:0D:5D:D1:ED,철산,1007
00:30:0D:5D:D1:29,철산,1007
00:30:0D:5D:D6:85,철산,1007
00:30:0D:5D:CF:F9,철산,1007
00:30:0D:5D:CF:E7,철산,1007
00:30:0D:63:64:D3,광명사거리,1007
00:30:0D:63:63:D1,광명사거리,1007
00:30:0D:63:61:ED,광명사거리,1007
00:30:0D:63:5B:CD,광명사거리,1007
00:30:0D:63:62:B5,광명사거리,1007
00:30:0D:63:63:01,광명사거리,1007
00:30:0D:63:64:FB,광명사거리,1007
00:30:0D:63:64:AD,광명사거리,1007
00:30:0D:63:5B:C7,천왕,1007
00:30:0D:63:63:C9,천왕,1007
00:30:0D:63:5D:9B,천왕,1007
00:30:0D:63:5E:1F,천왕,1007
00:30:0D:63:59:09,천왕,1007
00:16:1F:03:18:C0,온수,1007
00:30:0D:61:1F:E7,온수,1007
00:30:0D:61:34:A1,온수,1007
00:30:0D:61:17:75,온수,1007
00:30:0D:61:28:F9,온수,1007
00:1D:93:0F:05:A9,온수,1007
00:17:B2:01:A9:10,장암,1007
00:17:B2:00:BE:04,장암,1007
00:17:B2:01:A9:B0,장암,1007
00:17:B2:01:A9:48,도봉산,1007
00:17:B2:01:AA:08,도봉산,1007
00:17:B2:01:AA:40,도봉산,1007
00:17:B2:01:AA:88,도봉산,1007
00:17:B2:01:AB:08,도봉산,1007
00:17:B2:01:AA:38,도봉산,1007
00:30:0D:62:2D:9E,수락산,1007
00:30:0D:62:2C:92,수락산,1007
00:30:0D:5D:DA:E8,수락산,1007
00:30:0D:5D:CC:E4,수락산,1007
00:30:0D:5D:DC:94,수락산,1007
00:30:0D:5D:DC:8A,수락산,1007
00:30:0D:5D:CB:50,마들,1007
00:30:0D:5D:DB:32,마들,1007
00:30:0D:5D:DA:F6,마들,1007
00:30:0D:5D:DA:FA,마들,1007
00:30:0D:5D:CB:7C,마들,1007
00:30:0D:63:6E:22,마들,1007
00:30:0D:5D:DA:D8,마들,1007
00:40:5a:b7:35:82,공덕,1005
00:40:5a:b7:35:83,공덕,1005
00:07:89:0f:d8:4c,공덕,1005
00:40:5a:bf:c6:ab,구로디지털단지,1002
02:07:89:0f:df:fd,구로디지털단지,1002
02:07:89:0f:e0:18,구로디지털단지,1002
00:40:5a:bf:ab:1a,충정로,1005
00:30:0d:74:4e:a0,이대,1002
00:09:b4:61:1a:1e,이대,1002
00:09:b4:61:1b:06,이대,1002
12:e3:c7:04:2c:23,이대,1002
06:30:0d:74:cf:41,이대,1002
0a:30:0d:74:4e:b1,이대,1002
02:09:b4:61:1a:1e,이대,1002
02:09:b4:61:1b:06,이대,1002
02:09:b4:61:19:6f,이대,1002
00:30:0d:74:cf:40,이대,1002
00:30:0d:74:4e:b0,이대,1002
02:09:b4:61:19:6e,이대,1002
00:40:5a:af:fb:03,이대,1002
00:40:5a:af:fb:02,이대,1002
00:09:b4:61:19:6e,이대,1002
00:09:b4:61:1a:27,이대,1002
00:40:5a:b0:02:ba,이대,1002
00:40:5a:b0:02:bb,이대,1002
02:09:b4:61:1a:27,이대,1002
00:07:89:10:41:de,이대,1002
02:17:b2:02:61:6e,이대,1002
06:17:b2:04:3e:0e,이대,1002
00:07:89:10:41:f0,이대,1002
06:17:b2:04:3f:b2,이대,1002
00:07:89:10:3e:ad,이대,1002
02:17:b2:02:3f:b2,이대,1002
02:17:b2:02:61:6c,이대,1002
04:17:b2:04:3e:0c,이대,1002
02:07:89:10:41:f0,이대,1002
02:07:89:10:3e:ad,이대,1002
04:17:b2:04:3f:b0,이대,1002
02:17:b2:02:53:54,이대,1002
00:07:89:10:40:bc,이대,1002
06:17:b2:04:3e:1a,이대,1002
02:07:89:10:40:bc,이대,1002
04:17:b2:04:3e:18,이대,1002
0a:30:0d:71:bd:d1,잠실,1002
00:40:5a:a8:51:52,잠실,1002
06:30:0d:71:bd:c1,잠실,1002
00:09:b4:61:12:be,잠실,1002
0a:30:0d:76:7f:71,잠실,1002
00:40:5a:a8:68:32,잠실,1002
00:40:5a:a8:97:22,잠실,1002
06:30:0d:76:7f:61,잠실,1002
12:e3:c7:04:2d:bb,잠실,1002
00:40:5a:a8:5f:3a,잠실,1002
00:30:0d:71:bd:d0,잠실,1002
00:40:5a:a8:51:53,잠실,1002
00:30:0d:71:bd:c0,잠실,1002
02:09:b4:61:12:be,잠실,1002
00:30:0d:75:41:90,잠실,1002
00:40:5a:a8:97:23,잠실,1002
00:40:5a:a8:68:33,잠실,1002
02:09:b4:61:25:f3,잠실,1002
02:09:b4:61:25:f2,잠실,1002
00:40:5a:a8:50:7b,잠실,1002
10:e3:c7:04:2d:bb,잠실,1002
10:e3:c7:04:2d:bc,잠실,1002
00:09:b4:61:25:f2,잠실,1002
00:40:5a:a8:50:7a,잠실,1002
12:e3:c7:04:2d:bc,잠실,1002
00:09:b4:61:26:cb,잠실,1002
00:09:b4:61:26:ca,잠실,1002
00:07:89:10:41:ac,잠실,1002
06:30:0d:71:de:81,잠실,1002
06:08:52:22:e9:22,잠실,1002
00:30:0d:60:f7:c0,신촌,1002
00:40:5a:bf:c3:e2,신촌,1002
00:40:5a:bf:75:22,신촌,1002
00:40:5a:bf:78:a2,신촌,1002
00:09:b4:61:1a:6e,신촌,1002
00:09:b4:61:1a:df,신촌,1002
06:30:0d:60:f7:c0,신촌,1002
00:09:b4:61:1a:de,신촌,1002
00:09:b4:61:12:8f,신촌,1002
00:09:b4:61:12:8e,신촌,1002
06:30:0d:61:06:74,신촌,1002
00:40:5a:bc:33:7a,신촌,1002
00:40:5a:bf:c3:e3,신촌,1002
00:40:5a:bf:75:23,신촌,1002
02:09:b4:61:1a:6e,신촌,1002
00:40:5a:bf:78:a3,신촌,1002
00:40:5a:bb:8e:c2,목동,1005
10:e3:c7:05:3a:ce,목동,1005
00:25:a6:a4:3d:3e,목동,1005
00:40:5a:c0:3d:62,목동,1005
00:25:a6:a2:b6:3e,목동,1005
00:25:a6:a2:b6:3f,목동,1005
00:40:5a:bb:59:0a,목동,1005
00:40:5a:bb:59:0b,목동,1005
00:40:5a:bb:90:f3,목동,1005
00:25:a6:a2:d4:1a,목동,1005
00:25:a6:a2:d4:1b,목동,1005
00:40:5a:bb:90:f2,목동,1005
00:40:5a:bb:56:b2,목동,1005
22:e3:c7:05:3e:5a,목동,1005
00:40:5a:bb:56:b3,목동,1005
22:e3:c7:05:3e:5b,목동,1005
10:e3:c7:05:3e:5b,목동,1005
10:e3:c7:05:3e:5a,목동,1005
00:25:a6:a2:9a:5a,목동,1005
00:09:b4:61:40:1b,종로3가,1005
00:40:5a:bc:2f:1a,종로3가,1005
00:40:5a:bc:2e:eb,종로3가,1005
00:40:5a:bc:2f:1b,종로3가,1005
00:30:0d:84:82:d0,종로3가,1005
00:30:0d:84:82:c0,종로3가,1005
00:09:b4:61:41:9e,종로3가,1005
00:40:5a:b7:04:5a,종로3가,1005
02:09:b4:61:41:9f,종로3가,1005
0a:30:0d:84:82:d2,종로3가,1005
00:40:5a:b7:04:5b,종로3가,1005
02:09:b4:61:41:9e,종로3가,1005
00:09:b4:61:41:9f,종로3가,1005
02:09:b4:61:56:8f,종로3가,1005
00:40:5a:bc:2e:da,종로3가,1005
00:40:5a:bc:2e:db,종로3가,1005
06:17:b2:04:69:3e,종로3가,1005
02:09:b4:61:40:1b,종로3가,1005
00:09:b4:61:56:8f,종로3가,1005
00:09:b4:61:56:8e,종로3가,1005
00:40:5a:bc:2e:ea,종로3가,1005
00:09:b4:61:40:1a,종로3가,1005
02:09:b4:61:56:8e,종로3가,1005
02:09:b4:61:40:1a,종로3가,1005
22:e3:c7:05:3e:6b,오목교,1005
10:e3:c7:05:3e:6b,오목교,1005
00:40:5a:bb:95:eb,오목교,1005
00:40:5a:bb:95:ea,오목교,1005
22:e3:c7:05:3e:6a,오목교,1005
22:e3:c7:05:3e:7f,오목교,1005
10:e3:c7:05:3e:7f,오목교,1005
10:e3:c7:05:3e:7e,오목교,1005
22:e3:c7:05:3e:7e,오목교,1005
00:40:5a:bb:9c:a2,오목교,1005
00:40:5a:bb:9c:a3,오목교,1005
00:40:5a:bb:23:42,오목교,1005
10:e3:c7:05:3e:6a,오목교,1005
00:40:5a:ba:f2:32,오목교,1005
00:40:5a:ba:f2:33,오목교,1005
00:09:b4:61:45:8a,오목교,1005
02:09:b4:61:45:8a,오목교,1005
00:09:b4:61:45:8b,오목교,1005
00:40:5a:bb:10:d2,오목교,1005
00:40:5a:bb:23:43,오목교,1005
00:40:5a:bb:10:d3,오목교,1005
00:07:89:0f:30:5e,오목교,1005
02:09:b4:61:45:8b,오목교,1005
10:e3:c7:05:3e:6e,오목교,1005
02:07:89:0f:30:5e,오목교,1005
02:17:b2:02:76:8a,오목교,1005
06:17:b2:04:76:52,오목교,1005
04:17:b2:04:76:50,오목교,1005
02:07:89:10:59:e9,오목교,1005
02:07:89:10:46:84,오목교,1005
02:07:89:10:45:c7,오목교,1005
00:07:89:10:46:84,오목교,1005
00:07:89:10:45:c7,오목교,1005
00:07:89:0f:30:8e,오목교,1005
02:17:b2:02:76:52,오목교,1005
00:40:5a:ba:cd:32,오목교,1005
22:e3:c7:05:3e:6f,오목교,1005
02:07:89:0f:30:8e,오목교,1005
00:40:5a:ba:cd:33,오목교,1005
10:e3:c7:05:3e:6f,오목교,1005
22:e3:c7:05:3e:6e,오목교,1005
10:e3:c7:05:3e:72,오목교,1005
02:09:b4:61:3f:db,오목교,1005
22:e3:c7:05:3e:72,오목교,1005
04:17:b2:04:56:c4,당산,1002
00:30:0D:74:DE:70,이촌,1004
00:30:0D:7C:8D:D0,이촌,1004
00:30:0D:74:50:50,이촌,1004
00:30:0D:74:63:70,이촌,1004
00:30:0D:75:43:10,총신대입구(이수),1004
00:30:0D:7E:38:70,총신대입구(이수),1004
00:30:0D:81:0E:F0,총신대입구(이수),1004
00:30:0D:75:5A:50,총신대입구(이수),1004
10:E3:C7:04:2F:0C,총신대입구(이수),1004
00:30:0D:74:60:90,총신대입구(이수),1004
00:30:0D:75:C1:F0,총신대입구(이수),1004
00:30:0D:74:71:B0,총신대입구(이수),1004
00:30:0D:75:5A:70,총신대입구(이수),1004
00:30:0D:75:BD:F0,사당,1004
00:30:0D:75:42:50,사당,1004
00:30:0D:75:42:10,사당,1004
00:30:0D:75:42:F0,사당,1004
00:30:0D:78:EC:D0,사당,1004
00:30:0D:75:C0:50,사당,1004
00:30:0D:75:43:50,사당,1004
00:30:0D:75:43:30,사당,1004
00:30:0D:75:C0:90,사당,1004
00:30:0D:75:41:10,사당,1004
00:30:0D:61:03:EB,방화,1005
00:30:0D:62:29:29,방화,1005
00:30:0D:63:84:91,방화,1005
00:30:0D:60:EB:53,방화,1005
00:30:0D:60:EC:CF,방화,1005
00:30:0D:60:F3:F1,방화,1005
00:30:0D:61:39:C1,개화산,1005
00:30:0D:61:39:91,개화산,1005
00:30:0D:61:30:0F,개화산,1005
00:30:0D:61:30:15,개화산,1005
00:30:0D:61:16:77,개화산,1005
00:30:0D:73:1D:0F,신당,1006
00:30:0D:61:2C:C8,대청,1003
00:30:0D:61:30:1E,대청,1003
00:30:0D:61:29:02,일원,1003
00:30:0D:61:18:D6,일원,1003
00:30:0D:61:22:84,일원,1003
00:30:0D:60:F7:86,일원,1003
00:30:0D:60:F2:AC,일원,1003
00:30:0D:60:F7:8A,일원,1003
00:30:0D:60:FB:3C,일원,1003
00:30:0D:62:28:42,일원,1003
00:30:0D:60:FB:06,일원,1003
00:30:0D:60:E7:0A,일원,1003
00:30:0D:7F:A9:00,수서,1003
00:30:0D:80:0F:A0,수서,1003
00:30:0D:80:23:60,수서,1003
00:30:0D:80:10:40,수서,1003
00:30:0D:80:23:80,수서,1003
00:30:0D:7F:06:A0,수서,1003
00:30:0D:7F:95:E0,수서,1003
00:30:0D:80:50:C0,수서,1003
00:30:0D:7F:A9:20,수서,1003
00:30:0D:73:86:A0,가락시장,1003
00:30:0D:78:00:C0,가락시장,1003
00:30:0D:79:EB:E0,가락시장,1003
00:30:0D:73:81:40,가락시장,1003
00:30:0D:73:BE:A0,가락시장,1003
00:30:0D:73:87:A0,가락시장,1003
00:30:0D:72:40:C0,가락시장,1003
00:30:0D:72:52:E0,가락시장,1003
00:30:0D:72:3F:80,가락시장,1003
00:30:0D:61:30:AC,경찰병원,1003
00:30:0D:61:38:14,경찰병원,1003
00:30:0D:61:30:4A,경찰병원,1003
00:30:0D:61:39:EE,경찰병원,1003
00:30:0D:61:3A:18,경찰병원,1003
00:30:0D:61:2D:4C,경찰병원,1003
00:30:0D:61:30:0C,경찰병원,1003
00:30:0D:61:38:0E,경찰병원,1003
00:30:0D:61:3C:96,경찰병원,1003
00:30:0D:61:3D:84,경찰병원,1003
00:30:0D:7E:4C:00,오금,1003
00:30:0D:81:02:A0,오금,1003
00:30:0D:74:CB:40,노원,1007
00:30:0D:71:C4:00,노원,1007
00:30:0D:75:43:C0,노원,1007
00:30:0D:7F:48:A0,노원,1007
00:30:0D:75:4C:E0,노원,1007
00:30:0D:61:2D:40,중계,1007
00:30:0D:61:18:0E,중계,1007
00:30:0D:61:3C:18,중계,1007
00:30:0D:61:3B:C2,중계,1007
00:30:0D:61:32:18,중계,1007
00:30:0D:61:29:70,중계,1007
00:30:0D:61:37:68,중계,1007
00:30:0D:62:2C:48,하계,1007
00:30:0D:60:F6:FA,하계,1007
00:30:0D:62:35:A6,하계,1007
00:30:0D:62:31:BC,하계,1007
00:30:0D:62:31:B8,하계,1007
00:30:0D:62:2D:26,하계,1007
00:30:0D:62:2D:2A,하계,1007
00:30:0D:5D:CB:28,공릉,1007
00:30:0D:5D:DC:CE,공릉,1007
00:25:a6:a4:d3:80,신목동,1009
12:16:1f:03:71:9a,신목동,1009
00:25:a6:a4:d3:7f,신목동,1009
00:07:89:10:45:a2,신목동,1009
00:16:1f:03:71:9a,신목동,1009
06:17:b2:04:55:ee,선유도,1009
12:16:1f:03:7c:ab,선유도,1009
00:40:5a:b8:18:8a,선유도,1009
12:16:1f:03:7c:aa,선유도,1009
00:40:5a:b8:0b:aa,선유도,1009
12:16:1f:03:6d:5b,선유도,1009
12:16:1f:03:83:83,선유도,1009
12:16:1f:03:6e:fb,선유도,1009
00:40:5a:b8:46:9a,선유도,1009
00:40:5a:b8:18:8b,선유도,1009
00:16:1f:03:7c:ab,선유도,1009
00:25:a6:a4:f1:58,선유도,1009
00:16:1f:03:7c:aa,선유도,1009
00:40:5a:b8:0b:ab,선유도,1009
02:17:b2:02:65:c0,선유도,1009
00:40:5a:b8:46:9b,선유도,1009
00:16:1f:03:6e:fb,선유도,1009
00:16:1f:03:83:83,선유도,1009
00:16:1f:03:6d:5b,선유도,1009
00:16:1f:03:6e:fa,선유도,1009
12:16:1f:03:6e:fa,선유도,1009
12:16:1f:03:67:cf,선유도,1009
12:16:1f:03:6d:5a,선유도,1009
00:25:a6:a5:01:75,선유도,1009
00:16:1f:03:67:cf,선유도,1009
00:40:5a:b8:0e:72,선유도,1009
00:07:89:10:54:fb,선유도,1009
12:16:1f:03:67:ce,선유도,1009
00:40:5a:b8:45:5a,선유도,1009
02:17:b2:02:56:0e,선유도,1009
00:16:1f:03:67:ce,선유도,1009
00:40:5a:b8:0e:73,선유도,1009
00:16:1f:03:6d:5a,선유도,1009
00:40:5a:b8:45:5b,선유도,1009
00:16:1f:03:83:82,선유도,1009
00:40:5a:b8:0c:5a,선유도,1009
00:40:5a:b8:0c:5b,선유도,1009
00:25:a6:a4:f5:17,선유도,1009
12:16:1f:03:83:82,선유도,1009
00:25:a6:a4:f5:18,선유도,1009
00:25:a6:a4:f1:57,선유도,1009
00:25:a6:a4:f2:16,선유도,1009
00:25:a6:a5:01:74,선유도,1009
00:30:0d:83:89:d0,당산,1009
00:30:0d:83:88:80,당산,1009
00:07:89:14:6f:e0,매봉,1003
12:16:1f:03:53:eb,매봉,1003
00:40:5a:a4:b8:02,매봉,1003
02:07:89:10:45:e3,매봉,1003
02:07:89:14:6f:b8,매봉,1003
02:07:89:14:6f:e0,매봉,1003
02:07:89:10:4d:dd,매봉,1003
02:17:b2:02:54:76,매봉,1003
00:40:5a:a4:ad:1a,매봉,1003
00:07:89:14:6f:dc,매봉,1003
02:07:89:14:6f:b4,매봉,1003
02:17:b2:02:54:74,매봉,1003
10:e3:c7:05:19:b2,매봉,1003
02:07:89:10:45:d1,매봉,1003
02:09:b4:61:1a:df,신촌,1002
00:30:0d:61:06:bc,신촌,1002
02:09:b4:61:1a:de,신촌,1002
00:40:5a:bf:bb:43,신촌,1002
00:30:0d:61:06:74,신촌,1002
00:09:b4:61:1a:6f,신촌,1002
06:30:0d:61:06:bc,신촌,1002
00:40:5a:c8:78:e2,신촌,1002
00:40:5a:bf:ab:22,신촌,1002
02:09:b4:61:1a:6f,신촌,1002
02:09:b4:61:12:8f,신촌,1002
02:07:89:14:6c:fc,신흥,1008
12:16:1f:03:87:72,수진,1008
22:e3:c7:05:3d:3f,여의나루,1005
10:e3:c7:05:3d:3a,여의나루,1005
00:25:a6:a4:24:b7,여의나루,1005
00:40:5a:c0:4a:bb,여의나루,1005
10:e3:c7:05:3d:3f,여의나루,1005
22:e3:c7:05:3d:3e,여의나루,1005
00:40:5a:c0:13:1b,여의나루,1005
00:40:5a:c0:13:1a,여의나루,1005
00:40:5a:c0:0c:33,여의나루,1005
10:e3:c7:05:3d:3e,여의나루,1005
10:e3:c7:05:3d:2a,여의나루,1005
00:25:a6:a4:f5:c1,여의나루,1005
22:e3:c7:05:3d:2a,여의나루,1005
22:e3:c7:05:3d:2e,여의나루,1005
00:25:a6:a4:f5:c2,여의나루,1005
22:e3:c7:05:3d:2f,여의나루,1005
00:40:5a:c0:3a:c2,여의나루,1005
10:e3:c7:05:3d:2f,여의나루,1005
00:40:5a:c0:3a:c3,여의나루,1005
10:e3:c7:05:3d:2e,여의나루,1005
22:e3:c7:05:3d:2b,여의나루,1005
10:e3:c7:05:3d:2b,여의나루,1005
06:17:b2:04:79:de,여의나루,1005
04:17:b2:04:79:dc,여의나루,1005
06:17:b2:04:77:3a,여의나루,1005
22:e3:c7:05:3d:3b,여의나루,1005
02:17:b2:02:77:3a,여의나루,1005
00:07:89:10:56:97,여의나루,1005
00:40:5a:c0:0c:32,여의나루,1005
04:17:b2:04:77:38,여의나루,1005
10:e3:c7:05:3d:3b,여의나루,1005
02:07:89:10:56:97,여의나루,1005
02:07:89:10:5c:12,여의나루,1005
00:25:a6:a4:c9:03,여의나루,1005
00:25:a6:a4:c9:02,여의나루,1005
00:40:5a:c0:1d:92,여의나루,1005
02:17:b2:02:77:4e,여의나루,1005
00:40:5a:c0:1d:93,여의나루,1005
04:17:b2:04:77:54,여의나루,1005
06:17:b2:04:77:4e,여의나루,1005
00:25:a6:a4:c6:fa,여의나루,1005
04:17:b2:04:77:4c,여의나루,1005
00:25:a6:a4:c6:fb,여의나루,1005
00:40:5a:bb:0b:9b,여의나루,1005
02:07:89:0f:d7:25,을지로4가,1005
00:07:89:0f:d7:25,을지로4가,1005
00:40:5a:c8:31:b2,을지로4가,1005
00:40:5a:c8:31:b3,을지로4가,1005
00:07:89:0f:d7:31,을지로4가,1005
0a:30:0d:84:7d:f2,을지로4가,1005
00:30:0d:84:7d:f0,을지로4가,1005
02:07:89:0f:d7:31,을지로4가,1005
02:07:89:0f:d7:30,을지로4가,1005
00:30:0d:84:7d:e0,을지로4가,1005
00:30:0d:83:78:00,을지로4가,1005
00:40:5a:91:f9:da,을지로4가,1005
00:30:0d:83:78:10,을지로4가,1005
00:40:5a:c8:58:63,을지로4가,1005
00:40:5a:91:f9:db,을지로4가,1005
00:40:5a:c8:58:62,을지로4가,1005
0a:30:0d:84:82:b2,을지로4가,1005
00:07:89:0f:d7:30,을지로4가,1005
0a:30:0d:83:78:12,을지로4가,1005
00:30:0d:84:7e:10,을지로4가,1005
00:30:0d:84:82:b0,을지로4가,1005
00:40:5a:c8:5e:12,을지로4가,1005
00:07:89:0f:d7:24,을지로4가,1005
00:40:5a:c8:5e:13,을지로4가,1005
02:17:b2:02:79:ca,을지로4가,1005
04:17:b2:04:79:c8,을지로4가,1005
02:07:89:10:59:7b,을지로4가,1005
02:17:b2:02:79:c8,을지로4가,1005
00:27:1c:10:6d:ff,당산,1002
06:30:0d:74:c6:21,교대,1002
00:07:89:0f:23:bf,교대,1002
06:30:0d:74:c9:e1,교대,1002
00:40:5a:af:3b:5a,교대,1002
00:40:5a:af:39:fa,교대,1002
06:30:0d:74:52:81,교대,1002
00:40:5a:af:22:2a,교대,1002
02:07:89:0f:23:cb,교대,1002
00:30:0d:7e:db:f0,교대,1002
00:30:0d:74:c9:f0,교대,1002
00:30:0d:7e:db:e0,교대,1002
02:07:89:0f:23:c3,교대,1002
02:07:89:0f:23:ca,교대,1002
00:40:5a:af:3d:d3,교대,1002
00:30:0d:74:c6:30,교대,1002
02:07:89:0f:22:c3,교대,1002
00:30:0d:74:c6:20,교대,1002
00:40:5a:af:39:fb,교대,1002
00:40:5a:af:30:3b,교대,1002
00:40:5a:af:3b:5b,교대,1002
00:30:0d:74:c9:e0,교대,1002
00:30:0d:74:52:80,교대,1002
02:07:89:0f:23:c2,교대,1002
00:40:5a:af:22:2b,교대,1002
02:07:89:0f:22:c7,교대,1002
02:07:89:0f:22:af,교대,1002
00:30:0d:75:44:20,교대,1002
00:40:5a:af:3b:d3,교대,1002
0a:30:0d:74:52:91,교대,1002
00:07:89:0f:23:c2,교대,1002
0a:30:0d:74:4e:f1,교대,1002
00:30:0d:74:52:90,교대,1002
02:07:89:0f:23:bf,교대,1002
00:30:0d:74:4e:f0,교대,1002
00:40:5a:af:3b:d2,교대,1002
00:07:89:0f:22:c2,교대,1002
00:07:89:0f:22:c7,교대,1002
00:07:89:0f:22:c6,교대,1002
0a:30:0d:74:c7:f1,교대,1002
02:17:b2:02:61:4e,교대,1002
00:40:5a:af:0c:8a,교대,1002
00:30:0d:74:c7:f0,교대,1002
00:40:5a:af:0c:8b,교대,1002
02:07:89:0f:23:be,교대,1002
02:17:b2:02:61:4c,교대,1002
00:07:89:0f:23:be,교대,1002
00:40:5a:af:1f:12,교대,1002
02:07:89:0f:22:c2,교대,1002
00:07:89:0f:22:b7,교대,1002
02:07:89:0f:22:b7,교대,1002
00:40:5a:af:1f:13,교대,1002
02:07:89:0f:22:cb,교대,1002
00:40:5a:af:35:92,교대,1002
00:07:89:0f:22:cb,교대,1002
00:40:5a:cd:75:35,교대,1002
00:40:5a:af:35:93,교대,1002
00:07:89:0f:22:b6,교대,1002
0a:30:0d:74:50:d1,교대,1002
02:07:89:0f:22:b6,교대,1002
00:30:0d:74:50:d0,교대,1002
06:40:5a:cd:75:35,교대,1002
00:17:b2:01:a8:5a,구로디지털단지,1002
00:07:89:0f:e0:19,구로디지털단지,1002
00:17:b2:01:a9:7a,구로디지털단지,1002
00:40:5a:bc:47:72,구로디지털단지,1002
00:40:5a:bf:a7:7a,구로디지털단지,1002
00:40:5a:bf:c6:aa,구로디지털단지,1002
00:07:89:0f:e0:05,구로디지털단지,1002
00:07:89:0f:df:fd,구로디지털단지,1002
00:07:89:0f:e0:18,구로디지털단지,1002
00:07:89:0f:e0:15,구로디지털단지,1002
00:07:89:0f:df:f5,구로디지털단지,1002
00:40:5a:bc:2d:d2,구로디지털단지,1002
00:07:89:0f:e0:04,구로디지털단지,1002
00:07:89:0f:e0:09,구로디지털단지,1002
00:17:b2:01:ac:c2,구로디지털단지,1002
00:40:5a:bf:c0:82,구로디지털단지,1002
70:25:59:11:fc:b4,구로디지털단지,1002
00:17:b2:01:a8:ca,구로디지털단지,1002
00:07:89:0f:df:fc,구로디지털단지,1002
00:40:5a:bf:a8:82,구로디지털단지,1002
00:40:5a:bf:c1:8a,구로디지털단지,1002
02:17:b2:02:51:bc,교대,1002
02:17:b2:02:4f:ee,구로디지털단지,1002
00:40:5a:bc:47:73,구로디지털단지,1002
02:07:89:0f:e0:19,구로디지털단지,1002
00:30:0D:80:F2:40,오금,1003
00:30:0D:80:F3:E0,오금,1003
00:30:0D:81:02:80,오금,1003
00:30:0D:7E:1D:20,오금,1003
00:30:0D:7E:0D:E0,오금,1003
00:30:0D:7E:3D:60,오금,1003
00:30:0D:81:02:C0,오금,1003
00:30:0D:81:04:E0,오금,1003
00:30:0D:81:04:A0,오금,1003
00:30:0D:81:02:60,오금,1003
00:30:0D:74:6A:F0,구파발,1003
00:30:0D:74:5F:30,구파발,1003
00:30:0D:74:DA:F0,구파발,1003
00:30:0D:74:4E:90,구파발,1003
00:30:0D:75:D9:50,구파발,1003
00:30:0D:80:FD:D0,연신내,1003
00:30:0D:75:59:B0,연신내,1003
00:30:0D:74:60:D0,연신내,1003
00:30:0D:74:DB:B0,연신내,1003
00:30:0D:73:3A:70,연신내,1003
00:30:0D:74:E5:B0,연신내,1003
00:30:0D:74:5F:10,불광,1003
00:30:0D:74:E0:10,불광,1003
00:30:0D:74:57:F0,불광,1003
00:30:0D:74:65:70,불광,1003
00:30:0D:74:DF:30,불광,1003
00:30:0D:74:58:30,불광,1003
00:30:0D:74:32:30,불광,1003
00:30:0D:75:4E:F0,불광,1003
00:30:0D:7E:B2:D0,홍제,1003
00:30:0D:74:63:90,종로3가,1003
00:30:0D:75:58:D0,종로3가,1003
00:30:0D:75:4E:B0,종로3가,1003
00:30:0D:76:F4:70,종로3가,1003
00:30:0D:74:DF:B0,종로3가,1003
00:30:0D:75:C2:30,종로3가,1003
00:30:0D:74:DA:10,종로3가,1003
00:30:0D:75:C1:D0,종로3가,1003
00:30:0D:75:45:10,을지로3가,1003
00:30:0D:80:36:70,김포공항,1005
00:30:0D:7E:46:30,오금,1005
00:30:0D:7E:1C:F0,오금,1005
00:30:0D:7D:91:10,오금,1005
00:30:0D:7E:21:10,오금,1005
00:30:0D:5D:CC:85,응암,1006
00:30:0D:5D:DC:2B,응암,1006
00:30:0D:5D:CC:7B,응암,1006
00:30:0D:5D:CD:77,응암,1006
00:30:0D:5D:DD:19,응암,1006
00:30:0D:5D:CD:79,응암,1006
00:27:1C:15:04:C0,역촌,1006
00:27:1C:15:03:55,역촌,1006
00:30:0D:5D:DC:C9,역촌,1006
00:27:1C:15:04:C3,역촌,1006
00:30:0D:5D:DC:C7,역촌,1006
00:30:0D:74:DA:2F,불광,1006
00:30:0D:75:C6:8F,불광,1006
00:30:0D:80:FD:AF,불광,1006
00:30:0D:75:BA:AF,불광,1006
00:30:0D:74:C7:4F,불광,1006
00:30:0D:74:4A:EF,불광,1006
00:30:0D:74:61:8F,불광,1006
00:30:0D:74:CA:6F,불광,1006
00:30:0D:5D:DD:1D,독바위,1006
00:30:0D:75:48:6F,독바위,1006
00:30:0D:63:64:31,독바위,1006
00:30:0D:60:F3:ED,독바위,1006
00:30:0D:5D:CD:9B,독바위,1006
00:30:0D:5D:CD:83,독바위,1006
00:30:0D:80:F7:6F,연신내,1006
00:30:0D:75:50:CF,연신내,1006
00:30:0D:75:CF:CF,연신내,1006
00:30:0D:75:C8:4F,연신내,1006
00:30:0D:75:CC:0F,연신내,1006
00:30:0D:5D:CD:CD,구산,1006
00:30:0D:5D:DD:51,구산,1006
00:30:0D:61:34:97,구산,1006
00:30:0D:5D:EA:8B,구산,1006
00:40:5a:a4:b8:03,매봉,1003
00:40:5a:a4:cf:f3,매봉,1003
00:07:89:14:6f:dd,매봉,1003
00:40:5a:a4:d7:12,매봉,1003
02:07:89:14:6f:dd,매봉,1003
10:e3:c7:05:19:b3,매봉,1003
00:16:1f:03:53:eb,매봉,1003
10:e3:c7:05:1c:1b,매봉,1003
00:40:5a:bf:8c:7a,총신대입구(이수),1007
00:07:89:0f:d8:69,총신대입구(이수),1007
06:30:0d:84:e9:c2,총신대입구(이수),1007
06:30:0d:84:fb:22,총신대입구(이수),1007
00:40:5a:bc:47:63,총신대입구(이수),1007
02:07:89:0f:d8:61,총신대입구(이수),1007
00:30:0d:84:55:40,총신대입구(이수),1007
02:07:89:0f:d8:60,총신대입구(이수),1007
00:30:0d:84:55:50,총신대입구(이수),1007
00:40:5a:bf:8c:7b,총신대입구(이수),1007
02:07:89:0f:d8:71,총신대입구(이수),1007
00:30:0d:84:e9:d0,총신대입구(이수),1007
02:07:89:0f:d8:69,총신대입구(이수),1007
00:30:0d:84:fb:20,총신대입구(이수),1007
00:30:0d:84:e9:c0,총신대입구(이수),1007
00:07:89:0f:d8:68,총신대입구(이수),1007
02:09:b4:61:09:2b,여의도,1009
12:16:1f:03:66:be,대모산입구,1075
00:30:0D:81:02:D0,오금,1003
00:30:0D:81:04:F0,오금,1003
00:30:0D:81:04:B0,오금,1003
00:30:0D:81:02:70,오금,1003
00:17:B2:00:BF:B4,당고개,1004
00:17:B2:00:C0:84,당고개,1004
00:17:B2:00:BF:AE,당고개,1004
00:17:B2:00:C0:42,당고개,1004
00:17:B2:00:BD:72,당고개,1004
00:17:B2:00:BD:84,당고개,1004
00:17:B2:00:BF:8A,상계,1004
00:17:B2:00:BF:F0,상계,1004
00:17:B2:00:BD:A8,상계,1004
00:17:B2:00:BF:CC,상계,1004
00:17:B2:00:C0:C0,상계,1004
00:17:B2:00:C0:AE,상계,1004
00:17:B2:00:C0:06,노원,1004
00:17:B2:00:BF:A8,노원,1004
00:17:B2:00:BF:C6,노원,1004
00:17:B2:00:BF:60,노원,1004
00:17:B2:00:C0:30,노원,1004
00:17:B2:00:BF:D2,노원,1004
00:17:B2:00:BF:72,창동,1004
00:17:B2:00:BF:F6,창동,1004
00:17:B2:00:BF:84,창동,1004
00:17:B2:00:BF:66,창동,1004
00:17:B2:00:C0:B4,창동,1004
00:17:B2:00:BF:90,창동,1004
00:30:0D:61:29:3B,쌍문,1004
00:30:0D:61:29:BB,쌍문,1004
00:30:0D:61:39:B9,쌍문,1004
00:30:0D:61:32:E5,쌍문,1004
00:30:0D:61:34:E1,쌍문,1004
00:30:0D:61:29:37,쌍문,1004
00:30:0D:61:34:AF,쌍문,1004
00:30:0D:61:34:E3,쌍문,1004
00:30:0D:60:F2:F7,수유,1004
00:30:0D:61:04:A9,수유,1004
00:30:0D:61:02:9D,수유,1004
00:30:0D:61:0D:41,수유,1004
00:30:0D:60:EB:5F,수유,1004
00:30:0D:61:0D:1D,수유,1004
00:30:0D:61:37:2F,미아,1004
00:30:0D:61:37:79,미아,1004
00:30:0D:61:29:8D,미아,1004
00:30:0D:61:1C:FD,미아,1004
00:30:0D:61:34:C9,미아,1004
00:30:0D:61:29:A1,미아,1004
00:30:0D:61:29:7D,미아삼거리,1004
00:30:0D:61:29:83,미아삼거리,1004
00:30:0D:61:34:D1,미아삼거리,1004
00:30:0D:61:29:8B,미아삼거리,1004
00:30:0D:61:34:CB,미아삼거리,1004
00:30:0D:61:29:89,미아삼거리,1004
06:17:b2:04:77:7e,을지로4가,1005
04:17:b2:04:77:7c,을지로4가,1005
02:17:b2:02:77:7c,을지로4가,1005
02:17:b2:02:77:7e,을지로4가,1005
00:07:89:10:4f:0b,을지로4가,1005
02:07:89:0f:d7:24,을지로4가,1005
06:17:b2:04:79:ca,을지로4가,1005
02:07:89:10:4f:0b,을지로4가,1005
00:07:89:10:59:7b,을지로4가,1005
02:17:b2:02:77:76,을지로4가,1005
02:07:89:10:3d:b0,을지로4가,1005
0a:30:0d:85:17:b2,을지로4가,1005
00:30:0d:85:17:b0,을지로4가,1005
22:e3:c7:05:3e:63,양평,1005
22:e3:c7:05:3e:62,양평,1005
00:40:5a:ba:cd:92,양평,1005
00:07:89:0f:24:8a,삼성,1002
00:30:0d:84:7b:d0,동대문역사문화공원,1005
02:07:89:0f:d9:ad,동대문역사문화공원,1005
02:07:89:0f:d6:f5,동대문역사문화공원,1005
02:07:89:0f:d9:99,동대문역사문화공원,1005
00:07:89:0f:d9:99,동대문역사문화공원,1005
00:40:5a:c8:4e:ca,동대문역사문화공원,1005
0a:30:0d:84:7b:d2,동대문역사문화공원,1005
00:40:5a:c7:b6:92,동대문역사문화공원,1005
00:40:5a:c8:28:42,동대문역사문화공원,1005
02:07:89:0f:d9:ac,동대문역사문화공원,1005
00:40:5a:c8:28:43,동대문역사문화공원,1005
06:30:0d:84:7b:c2,동대문역사문화공원,1005
00:30:0d:84:7b:c0,동대문역사문화공원,1005
00:07:89:0f:d9:ac,동대문역사문화공원,1005
00:40:5a:c7:b6:93,동대문역사문화공원,1005
0a:30:0d:84:7d:92,동대문역사문화공원,1005
00:30:0d:84:7d:90,동대문역사문화공원,1005
02:17:b2:02:6c:ee,동대문역사문화공원,1005
00:07:89:10:5b:09,동대문역사문화공원,1005
00:07:89:10:43:6e,동대문역사문화공원,1005
00:40:5a:c8:13:fb,동대문역사문화공원,1005
02:07:89:10:5b:09,동대문역사문화공원,1005
02:17:b2:02:6c:ec,동대문역사문화공원,1005
02:07:89:0f:d9:98,동대문역사문화공원,1005
00:07:89:0f:d6:f4,동대문역사문화공원,1005
00:40:5a:c8:56:32,동대문역사문화공원,1005
00:40:5a:c8:56:33,동대문역사문화공원,1005
04:17:b2:04:7a:84,동대문역사문화공원,1005
00:07:89:0f:d9:98,동대문역사문화공원,1005
02:07:89:10:58:09,동대문역사문화공원,1005
02:17:b2:02:7a:84,동대문역사문화공원,1005
06:17:b2:04:7a:86,동대문역사문화공원,1005
02:07:89:0f:d6:f4,동대문역사문화공원,1005
00:07:89:0f:d6:e5,청구,1005
0a:30:0d:83:6f:52,청구,1005
02:07:89:0f:d6:e5,청구,1005
00:30:0d:83:6f:50,청구,1005
00:30:0d:83:6f:40,청구,1005
0a:30:0d:83:6d:d2,청구,1005
00:40:5a:c8:56:23,청구,1005
00:30:0d:83:6d:d0,청구,1005
00:40:5a:c8:56:22,청구,1005
00:30:0d:83:6d:c0,청구,1005
00:07:89:0f:d6:fd,청구,1005
00:40:5a:c8:29:a2,청구,1005
02:07:89:0f:d6:fd,청구,1005
00:40:5a:c8:29:a3,청구,1005
00:07:89:0f:d6:fc,청구,1005
02:17:b2:02:80:86,청구,1005
02:07:89:0f:d6:fc,청구,1005
00:07:89:0f:d6:e4,청구,1005
02:07:89:0f:d6:e4,청구,1005
00:40:5a:c8:48:b2,청구,1005
00:07:89:0f:d6:e9,청구,1005
0a:30:0d:85:08:32,청구,1005
00:40:5a:c8:48:b3,청구,1005
02:07:89:0f:d6:e9,청구,1005
00:30:0d:85:08:30,청구,1005
00:30:0d:85:08:20,청구,1005
0a:30:0d:85:17:92,청구,1005
00:30:0d:85:17:90,청구,1005
00:07:89:10:57:8d,청구,1005
00:07:89:0f:d7:05,청구,1005
02:07:89:0f:d6:e8,청구,1005
00:30:0d:85:17:80,청구,1005
00:17:b2:01:a9:78,구로디지털단지,1002
00:17:b2:01:a8:58,구로디지털단지,1002
02:07:89:0f:e0:05,구로디지털단지,1002
0a:30:0d:74:4e:31,왕십리,1002
06:30:0d:74:4e:31,왕십리,1002
00:40:5a:b0:0f:ca,왕십리,1002
12:16:1f:03:6f:5b,정발산,1003
02:07:89:14:6b:c9,정발산,1003
02:07:89:14:6b:c8,정발산,1003
00:07:89:14:6b:c8,정발산,1003
00:40:5a:b8:4c:23,정발산,1003
12:16:1f:03:6f:5a,정발산,1003
00:07:89:14:6b:a5,정발산,1003
00:40:5a:b8:65:5a,정발산,1003
02:07:89:14:6b:a5,정발산,1003
00:40:5a:b8:65:5b,정발산,1003
00:16:1f:03:6f:5a,정발산,1003
02:07:89:14:6b:a4,정발산,1003
00:40:5a:b8:63:ca,정발산,1003
00:07:89:14:6b:b9,정발산,1003
12:16:1f:03:78:ce,정발산,1003
00:16:1f:03:27:8b,정발산,1003
00:16:1f:03:27:8a,정발산,1003
00:40:5a:b8:63:cb,정발산,1003
00:16:1f:03:78:ce,정발산,1003
00:07:89:14:6b:e0,정발산,1003
00:07:89:14:6b:bd,정발산,1003
02:07:89:14:6b:bd,정발산,1003
00:16:1f:03:78:cf,정발산,1003
00:07:89:14:6b:b8,정발산,1003
12:16:1f:03:78:cf,정발산,1003
12:16:1f:03:4a:b2,정발산,1003
00:16:1f:03:4a:b2,정발산,1003
00:40:5a:b8:50:a2,정발산,1003
00:40:5a:b8:50:a3,정발산,1003
12:16:1f:03:78:f7,정발산,1003
00:07:89:14:6b:cd,정발산,1003
02:07:89:14:6b:e0,정발산,1003
02:07:89:14:6b:b8,정발산,1003
02:07:89:14:6b:cd,정발산,1003
00:16:1f:03:78:f7,정발산,1003
00:07:89:14:6b:bc,정발산,1003
12:16:1f:03:76:2e,정발산,1003
02:07:89:14:6b:bc,정발산,1003
00:16:1f:03:6f:5b,정발산,1003
00:16:1f:03:4a:b3,정발산,1003
00:16:1f:03:76:2e,정발산,1003
00:40:5a:b8:66:42,정발산,1003
00:40:5a:b8:66:43,정발산,1003
12:16:1f:03:89:c3,마두,1003
00:07:89:14:6b:fd,마두,1003
00:07:89:14:6b:fc,마두,1003
12:16:1f:03:89:c2,마두,1003
00:07:89:14:6b:d1,마두,1003
00:40:5a:b8:1c:ea,마두,1003
00:40:5a:b8:02:b2,마두,1003
00:40:5a:b8:52:d2,마두,1003
00:07:89:14:6b:e5,마두,1003
12:16:1f:03:88:e2,마두,1003
02:07:89:14:6b:fd,마두,1003
02:07:89:14:6b:fc,마두,1003
00:16:1f:03:89:c2,마두,1003
02:07:89:14:6b:d1,마두,1003
00:40:5a:b8:1c:eb,마두,1003
00:40:5a:b8:02:b3,마두,1003
00:40:5a:b8:52:d3,마두,1003
00:16:1f:03:88:e3,마두,1003
02:07:89:14:6b:d0,마두,1003
02:07:89:14:6b:e5,마두,1003
00:16:1f:03:88:9a,마두,1003
12:16:1f:03:88:03,마두,1003
12:16:1f:03:88:02,마두,1003
00:40:5a:b8:88:ba,마두,1003
00:40:5a:b8:88:bb,마두,1003
00:16:1f:03:88:02,마두,1003
00:16:1f:03:88:e2,마두,1003
12:16:1f:03:88:9a,마두,1003
00:07:89:14:6c:25,마두,1003
12:16:1f:03:88:9b,마두,1003
00:07:89:14:6b:d0,마두,1003
12:16:1f:03:7b:96,마두,1003
00:16:1f:03:88:03,마두,1003
02:07:89:14:6c:25,마두,1003
12:16:1f:03:7b:97,마두,1003
00:40:5a:b8:1f:0a,마두,1003
00:07:89:14:6b:a9,마두,1003
12:16:1f:03:88:e3,마두,1003
00:30:0D:5D:EA:9B,구산,1006
00:30:0D:61:2D:8B,새절,1006
00:30:0D:61:38:79,새절,1006
00:30:0D:61:37:5B,새절,1006
00:30:0D:61:39:A3,새절,1006
00:30:0D:61:30:07,새절,1006
00:30:0D:63:5E:23,증산,1006
00:30:0D:61:02:FD,증산,1006
00:30:0D:62:2D:01,증산,1006
00:30:0D:62:29:61,증산,1006
00:30:0D:7E:C1:4F,디지털미디어시티,1006
00:30:0D:7C:1E:4F,디지털미디어시티,1006
00:30:0D:7C:1E:6F,디지털미디어시티,1006
00:30:0D:7C:21:0F,디지털미디어시티,1006
00:30:0D:7C:5F:0F,디지털미디어시티,1006
00:30:0D:7D:C6:8F,디지털미디어시티,1006
00:30:0D:61:20:BF,월드컵경기장,1006
00:30:0D:61:18:C3,월드컵경기장,1006
00:30:0D:61:18:59,월드컵경기장,1006
00:30:0D:61:1A:A9,월드컵경기장,1006
00:30:0D:61:18:C1,월드컵경기장,1006
00:30:0D:5D:D7:EF,마포구청,1006
00:30:0D:5D:F1:87,마포구청,1006
00:30:0D:5D:D1:79,마포구청,1006
00:30:0D:5D:D1:71,마포구청,1006
00:30:0D:5D:D8:0B,마포구청,1006
00:30:0D:5D:D8:09,마포구청,1006
00:30:0D:7F:1E:10,군자,1005
00:30:0D:7F:F8:90,군자,1005
00:30:0D:7B:74:B0,천호,1005
00:30:0D:7E:5C:D0,천호,1005
00:30:0D:7D:93:F0,천호,1005
00:30:0D:7E:5C:F0,천호,1005
00:30:0D:7E:51:D0,천호,1005
00:30:0D:7E:DC:B0,강동,1005
00:30:0D:75:C8:10,강동,1005
00:30:0D:81:4F:30,강동,1005
00:30:0D:71:B8:50,강동,1005
10:E3:C7:04:29:08,강동,1005
00:30:0D:73:2C:F0,강동,1005
00:30:0D:76:43:50,강동,1005
00:30:0D:73:2C:D0,강동,1005
00:30:0D:7E:2C:B0,오금,1005
00:30:0D:7D:B0:B0,오금,1005
00:30:0D:5D:CD:20,공릉,1007
00:30:0D:5D:CC:94,공릉,1007
00:30:0D:5D:CB:88,공릉,1007
00:30:0D:5D:CD:1E,공릉,1007
00:30:0D:7F:12:A0,태릉입구,1007
00:30:0D:7F:7A:E0,태릉입구,1007
00:30:0D:74:DA:80,태릉입구,1007
00:30:0D:74:55:40,태릉입구,1007
00:30:0D:74:D1:40,태릉입구,1007
00:30:0D:74:CE:00,태릉입구,1007
00:30:0D:73:7D:00,태릉입구,1007
00:30:0D:61:34:92,먹골,1007
00:30:0D:61:1D:76,먹골,1007
00:30:0D:61:25:B0,먹골,1007
00:30:0D:62:29:AC,먹골,1007
00:30:0D:61:02:D8,먹골,1007
00:30:0D:61:25:E4,먹골,1007
00:30:0D:61:25:98,먹골,1007
00:30:0D:63:5D:16,중화,1007
00:30:0D:63:5B:24,중화,1007
00:30:0D:63:5D:18,중화,1007
00:30:0D:63:62:4A,중화,1007
00:30:0D:63:62:48,중화,1007
00:30:0D:63:64:38,중화,1007
00:30:0D:7B:E0:20,상봉,1007
00:30:0D:7C:B4:80,상봉,1007
00:30:0D:7A:C6:C0,상봉,1007
00:30:0D:7C:AD:40,상봉,1007
00:30:0D:7D:09:E0,상봉,1007
00:30:0D:7C:C0:40,상봉,1007
00:30:0D:7B:5E:C0,상봉,1007
00:30:0D:73:DE:80,상봉,1007
00:30:0D:7C:35:60,상봉,1007
00:30:0D:81:12:EF,길음,1004
00:30:0D:61:1D:EF,길음,1004
00:30:0D:61:26:2B,길음,1004
00:30:0D:61:2B:CD,길음,1004
00:30:0D:61:24:15,길음,1004
00:30:0D:68:D5:64,성신여대입구,1004
00:1D:93:0B:E5:3B,성신여대입구,1004
00:30:0D:7A:98:8F,성신여대입구,1004
00:30:0D:7A:F6:8F,성신여대입구,1004
00:30:0D:7D:07:CF,성신여대입구,1004
00:30:0D:7C:0F:CF,성신여대입구,1004
00:30:0D:7D:08:8F,성신여대입구,1004
00:30:0D:7A:C6:2F,성신여대입구,1004
00:30:0D:78:4E:2F,성신여대입구,1004
00:30:0D:78:0C:0F,성신여대입구,1004
00:30:0D:7B:98:CF,성신여대입구,1004
00:30:0D:61:2C:51,한성대입구,1004
00:30:0D:60:FB:37,한성대입구,1004
00:30:0D:60:E7:07,한성대입구,1004
00:30:0D:61:30:29,한성대입구,1004
00:30:0D:61:39:B1,한성대입구,1004
00:30:0D:76:D6:AF,혜화,1004
00:30:0D:74:C7:2F,혜화,1004
00:30:0D:74:5F:6F,혜화,1004
00:30:0D:74:D9:EF,혜화,1004
00:30:0D:74:54:0F,혜화,1004
00:30:0D:75:44:0F,혜화,1004
00:30:0D:5D:CD:82,독바위,1006
00:30:0D:61:30:45,반포,1007
00:30:0D:61:18:23,반포,1007
00:30:0D:61:20:89,반포,1007
00:30:0D:61:21:2D,반포,1007
00:30:0D:61:30:53,반포,1007
00:30:0D:81:4F:6F,고속터미널,1007
00:30:0D:72:1F:8F,고속터미널,1007
00:30:0D:72:DE:4F,고속터미널,1007
00:30:0D:80:FF:2F,고속터미널,1007
00:30:0D:72:E5:CF,고속터미널,1007
00:30:0D:75:CC:8F,고속터미널,1007
00:30:0D:72:E0:AF,고속터미널,1007
00:30:0D:74:36:0F,고속터미널,1007
00:30:0D:74:D9:8F,고속터미널,1007
00:30:0D:63:5E:09,내방,1007
00:30:0D:63:63:0D,내방,1007
00:30:0D:63:64:F3,내방,1007
00:30:0D:62:29:93,내방,1007
00:30:0D:62:29:95,내방,1007
00:30:0D:75:50:2F,총신대입구(이수),1007
10:E3:C7:04:2F:25,총신대입구(이수),1007
00:30:0D:75:50:0F,총신대입구(이수),1007
00:30:0D:75:51:0F,총신대입구(이수),1007
00:30:0D:75:CF:2F,총신대입구(이수),1007
00:30:0D:73:0B:AF,총신대입구(이수),1007
00:30:0D:74:4F:EF,총신대입구(이수),1007
00:30:0D:81:64:6F,총신대입구(이수),1007
00:30:0D:61:18:CB,남성,1007
00:30:0D:61:18:31,남성,1007
00:16:1F:03:1C:DC,남성,1007
00:30:0D:61:18:C9,남성,1007
00:30:0D:61:18:CD,남성,1007
00:30:0D:57:D2:46,숭실대입구,1007
00:30:0D:57:D6:56,숭실대입구,1007
00:30:0D:5D:EA:77,숭실대입구,1007
00:30:0D:57:D2:4A,숭실대입구,1007
00:30:0D:57:D5:70,숭실대입구,1007
00:30:0D:57:D2:B2,숭실대입구,1007
00:30:0D:5D:EF:79,상도,1007
00:30:0D:5D:EA:F1,상도,1007
00:30:0D:5D:EA:E7,상도,1007
00:30:0D:5D:F0:1D,상도,1007
00:30:0D:5D:EA:F3,상도,1007
00:30:0D:5D:EA:E5,상도,1007
00:30:0D:61:29:F3,장승배기,1007
00:30:0D:61:29:AB,장승배기,1007
00:30:0D:61:1C:F5,장승배기,1007
00:30:0D:61:25:0F,장승배기,1007
00:07:89:0f:d6:e8,청구,1005
02:07:89:0f:d7:05,청구,1005
00:07:89:0f:d7:04,청구,1005
02:07:89:0f:d7:04,청구,1005
22:e3:c7:05:3e:9f,신금호,1005
00:40:5a:c0:3c:fa,신금호,1005
22:e3:c7:05:3d:cb,신금호,1005
22:e3:c7:05:3d:ca,신금호,1005
00:40:5a:c0:17:82,신금호,1005
10:e3:c7:05:3e:9f,신금호,1005
10:e3:c7:05:3d:cb,신금호,1005
00:40:5a:c0:3c:fb,신금호,1005
00:40:5a:c0:17:83,신금호,1005
22:e3:c7:05:3e:9b,신금호,1005
10:e3:c7:05:3e:9b,신금호,1005
22:e3:c7:05:3e:9e,신금호,1005
10:e3:c7:05:3e:9e,신금호,1005
00:25:a6:a3:ac:1c,신금호,1005
00:40:5a:c0:39:c3,신금호,1005
00:40:5a:bf:eb:e3,군자,1005
00:09:b4:61:41:f2,군자,1005
02:09:b4:61:41:f2,군자,1005
02:07:89:0f:22:bf,서울대입구,1002
00:30:0d:83:79:70,충무로,1003
00:40:5a:91:e7:63,충무로,1003
02:07:89:0f:24:67,충무로,1003
00:07:89:0f:24:66,충무로,1003
02:17:b2:02:4f:b0,충무로,1003
02:17:b2:02:4f:c6,충무로,1003
02:17:b2:02:4f:c4,충무로,1003
00:40:5a:92:46:fa,충무로,1003
02:07:89:0f:24:62,충무로,1003
00:07:89:0f:24:73,충무로,1003
00:40:5a:92:46:fb,충무로,1003
02:07:89:0f:24:73,충무로,1003
00:30:0d:83:9e:c0,충무로,1003
00:30:0d:83:6d:e0,충무로,1003
00:40:5a:92:41:da,충무로,1003
00:40:5a:92:41:db,충무로,1003
00:30:0d:83:6d:f0,충무로,1003
22:e3:c7:05:0f:ff,동대입구,1003
22:e3:c7:05:0f:fe,동대입구,1003
12:16:1f:03:76:d3,동대입구,1003
12:16:1f:03:76:d2,동대입구,1003
10:e3:c7:05:0f:fe,동대입구,1003
10:e3:c7:05:0f:ff,동대입구,1003
00:16:1f:03:76:d2,동대입구,1003
00:40:5a:c3:7a:b2,동대입구,1003
00:40:5a:c3:87:72,동대입구,1003
00:40:5a:c3:7a:b3,동대입구,1003
00:40:5a:c3:87:73,동대입구,1003
12:16:1f:03:7c:d6,동대입구,1003
12:16:1f:03:7c:d7,동대입구,1003
00:16:1f:03:7c:d7,동대입구,1003
00:16:1f:03:7c:d6,동대입구,1003
00:25:a6:a3:f2:da,동대입구,1003
00:40:5a:c3:ea:c2,동대입구,1003
00:40:5a:c3:ea:c3,동대입구,1003
00:40:5a:c3:df:e3,동대입구,1003
00:25:a6:a3:c7:01,동대입구,1003
00:25:a6:a3:f2:de,동대입구,1003
00:25:a6:a3:f2:df,동대입구,1003
00:25:a6:a5:5c:1a,동대입구,1003
00:40:5a:c3:df:aa,동대입구,1003
00:40:5a:c3:df:ab,동대입구,1003
00:25:a6:a5:5c:19,동대입구,1003
00:16:1f:03:76:d3,동대입구,1003
00:30:0d:72:12:50,약수,1003
02:07:89:0f:23:23,약수,1003
00:30:0d:72:12:40,약수,1003
06:30:0d:72:12:41,약수,1003
0a:30:0d:72:12:51,약수,1003
00:07:89:0f:23:6b,약수,1003
00:40:5a:c4:0b:0a,약수,1003
02:07:89:0f:23:6b,약수,1003
00:40:5a:c4:0b:0b,약수,1003
00:40:5a:c3:e6:f3,약수,1003
00:40:5a:c3:e6:f2,약수,1003
06:30:0d:74:db:01,약수,1003
00:30:0d:74:db:00,약수,1003
0a:30:0d:74:db:11,약수,1003
00:30:0d:74:db:10,약수,1003
00:07:89:0f:23:6a,약수,1003
02:07:89:0f:23:6a,약수,1003
00:07:89:0f:23:23,약수,1003
06:30:0d:75:4c:21,약수,1003
00:30:0d:75:4c:20,약수,1003
12:16:1f:03:89:f2,마두,1003
00:16:1f:03:7b:96,마두,1003
00:16:1f:03:7b:97,마두,1003
00:40:5a:b8:1f:0b,마두,1003
00:16:1f:03:89:c3,마두,1003
02:07:89:14:6b:a9,마두,1003
00:16:1f:03:89:f3,마두,1003
00:16:1f:03:89:f2,마두,1003
12:16:1f:03:89:f3,마두,1003
00:16:1f:03:88:9b,마두,1003
02:07:89:14:6b:a8,마두,1003
00:30:0d:75:4d:40,종로5가,1001
0a:30:0d:83:6e:f2,왕십리,1005
00:40:5a:c0:40:13,왕십리,1005
00:30:0d:83:6e:f0,왕십리,1005
00:07:89:0e:bb:de,왕십리,1005
00:07:89:0e:bb:df,왕십리,1005
02:07:89:0e:bb:de,왕십리,1005
00:09:b4:61:0a:5a,왕십리,1005
02:09:b4:61:0a:5a,왕십리,1005
02:07:89:0f:24:43,왕십리,1005
22:e3:c7:05:3e:87,마장,1005
22:e3:c7:05:3e:83,마장,1005
00:40:5a:bf:d8:3a,마장,1005
22:e3:c7:05:3e:86,마장,1005
00:40:5a:bf:d8:3b,마장,1005
10:e3:c7:05:3e:83,마장,1005
10:e3:c7:05:3e:86,마장,1005
00:40:5a:bf:d0:0b,마장,1005
00:40:5a:bf:da:42,마장,1005
00:40:5a:bf:da:43,마장,1005
22:e3:c7:05:3e:82,마장,1005
00:25:a6:a4:60:b2,마장,1005
10:e3:c7:05:3e:82,마장,1005
00:40:5a:bf:d0:0a,마장,1005
00:25:a6:a4:5d:29,마장,1005
00:40:5a:bf:d8:13,마장,1005
00:40:5a:bf:d8:12,마장,1005
10:e3:c7:05:3e:87,마장,1005
00:25:a6:a4:5d:28,마장,1005
00:25:a6:a4:5c:97,마장,1005
00:40:5a:bf:e8:8a,마장,1005
22:e3:c7:05:3e:8b,마장,1005
00:25:a6:a4:5c:98,마장,1005
10:e3:c7:05:3e:8b,마장,1005
10:e3:c7:05:3e:8a,마장,1005
00:40:5a:bf:e8:8b,마장,1005
00:40:5a:bf:ea:92,마장,1005
00:40:5a:bf:ea:93,마장,1005
00:25:a6:a4:60:b1,마장,1005
00:40:5a:bf:83:c2,마장,1005
00:40:5a:bf:83:c3,마장,1005
22:e3:c7:05:3e:8f,마장,1005
00:40:5a:bf:e9:52,마장,1005
22:e3:c7:05:3e:8a,마장,1005
10:e3:c7:05:3e:8f,마장,1005
00:40:5a:bf:e9:53,마장,1005
10:e3:c7:05:3e:93,마장,1005
10:e3:c7:05:3e:92,마장,1005
22:e3:c7:05:3e:8e,마장,1005
00:25:a6:a4:55:4e,마장,1005
22:e3:c7:05:3e:93,마장,1005
10:e3:c7:05:3e:8e,마장,1005
22:e3:c7:05:3e:92,마장,1005
00:25:a6:a4:55:4f,마장,1005
00:25:a6:a4:31:e6,마장,1005
00:40:5a:bf:e8:82,마장,1005
00:40:5a:bf:e8:83,마장,1005
04:17:b2:04:74:20,답십리,1005
06:17:b2:04:74:3e,답십리,1005
02:17:b2:02:74:32,답십리,1005
06:17:b2:04:74:32,답십리,1005
02:17:b2:02:74:3e,답십리,1005
04:17:b2:04:74:3c,답십리,1005
22:e3:c7:05:1a:5a,장한평,1005
22:e3:c7:05:1a:5b,장한평,1005
22:e3:c7:05:1a:5f,장한평,1005
00:40:5a:c0:57:82,장한평,1005
10:e3:c7:05:1a:5a,장한평,1005
10:e3:c7:05:1a:5b,장한평,1005
10:e3:c7:05:1a:5f,장한평,1005
00:40:5a:c0:5c:1b,장한평,1005
00:25:a6:a2:ba:d6,장한평,1005
00:25:a6:a2:ba:d7,장한평,1005
00:40:5a:c0:5c:1a,장한평,1005
00:40:5a:c0:5b:4a,장한평,1005
22:e3:c7:05:1a:52,장한평,1005
00:40:5a:c0:57:83,장한평,1005
00:30:0D:61:2F:DA,면목,1007
00:30:0D:61:2C:82,면목,1007
00:30:0D:60:ED:54,면목,1007
00:30:0D:61:2A:3A,면목,1007
00:30:0D:61:37:30,면목,1007
00:30:0D:61:2C:CE,면목,1007
00:30:0D:61:06:5E,사가정,1007
00:30:0D:61:06:4A,사가정,1007
00:30:0D:60:F7:3E,사가정,1007
00:30:0D:60:F7:1A,사가정,1007
00:30:0D:61:06:62,사가정,1007
00:30:0D:61:36:A0,용마산,1007
00:30:0D:61:36:F4,용마산,1007
00:30:0D:61:2B:AC,용마산,1007
00:30:0D:61:36:96,용마산,1007
00:30:0D:61:29:48,중곡,1007
00:30:0D:61:29:B2,중곡,1007
00:30:0D:61:2C:1C,중곡,1007
00:30:0D:61:2B:E2,중곡,1007
00:30:0D:61:29:9E,중곡,1007
00:30:0D:80:25:C0,군자,1007
00:30:0D:80:18:A0,군자,1007
00:30:0D:7E:9F:20,군자,1007
00:30:0D:7E:B4:C0,군자,1007
00:30:0D:7F:1D:20,군자,1007
00:30:0D:7F:35:C0,군자,1007
00:30:0D:57:D6:35,어린이대공원,1007
00:30:0D:57:D1:F7,어린이대공원,1007
00:30:0D:57:D3:25,어린이대공원,1007
00:30:0D:57:D5:15,어린이대공원,1007
00:30:0D:57:D1:F9,어린이대공원,1007
00:30:0D:57:D1:FB,어린이대공원,1007
00:30:0D:57:D5:17,어린이대공원,1007
00:30:0D:72:E3:A0,건대입구,1007
00:30:0D:72:E3:60,건대입구,1007
00:30:0D:72:E3:80,건대입구,1007
00:30:0D:73:3A:C0,건대입구,1007
00:17:B2:01:A9:90,뚝섬유원지,1007
00:17:B2:01:AA:98,뚝섬유원지,1007
00:17:B2:01:A9:F0,뚝섬유원지,1007
00:17:B2:01:A9:68,뚝섬유원지,1007
00:17:B2:01:AA:68,뚝섬유원지,1007
00:17:B2:01:AA:28,뚝섬유원지,1007
00:30:0D:5D:CD:94,청담,1007
00:30:0D:61:16:D2,청담,1007
00:30:0D:5D:DD:20,청담,1007
00:30:0D:61:2D:A4,청담,1007
00:30:0D:5D:CB:D8,청담,1007
00:40:5a:c7:95:3b,신목동,1009
00:30:0D:74:54:2F,신당,1006
00:30:0D:75:CD:0F,신당,1006
00:30:0D:75:CD:4F,신당,1006
00:30:0D:75:CF:8F,신당,1006
00:30:0D:71:BE:EF,신당,1006
00:30:0D:7B:F0:AF,동묘앞,1006
00:30:0D:7C:AF:8F,동묘앞,1006
00:30:0D:7C:BE:6F,동묘앞,1006
00:30:0D:7B:E0:0F,동묘앞,1006
00:30:0D:60:F7:09,창신,1006
00:30:0D:61:06:41,창신,1006
00:30:0D:60:F7:21,창신,1006
00:30:0D:60:F7:19,창신,1006
00:30:0D:76:E5:0F,창신,1006
00:30:0D:61:2F:EF,보문,1006
00:30:0D:61:1E:FD,보문,1006
00:30:0D:61:1F:0F,보문,1006
00:30:0D:61:1F:19,보문,1006
00:30:0D:61:17:D9,보문,1006
00:30:0D:61:1C:4D,안암,1006
00:30:0D:61:1C:DF,안암,1006
00:30:0D:61:02:B7,안암,1006
00:30:0D:61:36:05,안암,1006
00:30:0D:61:1C:B5,안암,1006
00:30:0D:62:1E:6B,고려대,1006
00:30:0D:57:CE:98,고려대,1006
00:30:0D:57:CE:D6,고려대,1006
00:30:0D:78:CF:2F,고려대,1006
00:30:0D:57:CE:E4,고려대,1006
00:30:0D:61:34:E9,장승배기,1007
00:30:0D:61:34:D5,장승배기,1007
00:30:0D:61:34:DD,장승배기,1007
00:30:0D:61:29:E7,장승배기,1007
00:30:0D:63:7C:47,신대방삼거리,1007
00:30:0D:5D:CB:E7,신대방삼거리,1007
00:30:0D:5D:CB:F9,신대방삼거리,1007
00:30:0D:5D:DB:9F,신대방삼거리,1007
00:30:0D:5D:CC:3D,신대방삼거리,1007
00:30:0D:5D:CB:CB,신대방삼거리,1007
00:30:0D:5D:CB:C5,신대방삼거리,1007
00:27:1C:10:6E:D9,신대방삼거리,1007
00:30:0D:5D:D8:0D,보라매,1007
00:30:0D:5D:D8:0F,보라매,1007
00:30:0D:5D:D1:73,보라매,1007
00:30:0D:61:3D:75,보라매,1007
00:30:0D:61:24:DD,보라매,1007
00:30:0D:61:37:E9,보라매,1007
00:30:0D:63:64:AB,신풍,1007
00:30:0D:63:62:BF,신풍,1007
00:30:0D:63:62:C7,신풍,1007
00:30:0D:63:62:C3,신풍,1007
00:30:0D:63:63:D3,신풍,1007
10:E3:C7:04:01:31,대림,1007
10:E3:C7:04:04:49,대림,1007
10:E3:C7:04:01:E5,대림,1007
10:E3:C7:04:01:21,대림,1007
10:E3:C7:04:01:1D,대림,1007
10:E3:C7:04:03:11,대림,1007
00:30:0D:63:5F:2B,남구로,1007
00:30:0D:63:64:A5,남구로,1007
00:30:0D:73:84:CF,남구로,1007
02:07:89:14:6d:a4,한성대입구,1004
00:30:0D:5D:D7:95,올림픽공원,1005
00:30:0D:5D:D7:93,올림픽공원,1005
00:30:0D:5D:D7:97,올림픽공원,1005
00:30:0D:5D:D8:67,올림픽공원,1005
00:30:0D:5D:D1:0B,올림픽공원,1005
00:30:0D:5D:D7:8D,방이,1005
00:30:0D:5D:EA:7B,방이,1005
00:16:1F:03:19:9C,방이,1005
00:30:0D:5D:EF:C1,방이,1005
00:30:0D:5D:EA:8F,방이,1005
00:30:0D:7E:2C:AF,오금,1005
00:30:0D:7D:B0:AF,오금,1005
00:30:0D:7E:46:2F,오금,1005
00:30:0D:7E:1C:EF,오금,1005
00:30:0D:7D:91:0F,오금,1005
00:30:0D:7E:21:0F,오금,1005
00:30:0D:61:25:55,개롱,1005
00:30:0D:61:25:61,개롱,1005
00:30:0D:61:29:C7,개롱,1005
00:30:0D:61:29:C9,개롱,1005
00:30:0D:61:1D:09,개롱,1005
00:30:0D:61:1D:0D,개롱,1005
00:30:0D:5D:DA:93,거여,1005
00:30:0D:5D:DB:7F,거여,1005
00:30:0D:5D:D1:FB,거여,1005
00:30:0D:5D:DB:79,거여,1005
00:30:0D:5D:D1:0F,거여,1005
00:30:0D:5D:DB:73,거여,1005
00:30:0D:61:3C:8B,마천,1005
00:30:0D:61:21:3B,마천,1005
00:30:0D:62:2D:4F,마천,1005
00:30:0D:61:20:8D,마천,1005
00:30:0D:61:18:DB,마천,1005
00:30:0D:61:24:DB,마천,1005
00:30:0D:61:03:EA,방화,1005
00:30:0D:62:29:28,방화,1005
00:30:0D:63:84:90,방화,1005
00:30:0D:60:EB:52,방화,1005
00:30:0D:60:EC:CE,방화,1005
00:30:0D:60:F3:F0,방화,1005
00:30:0D:61:39:C0,개화산,1005
00:30:0D:61:39:90,개화산,1005
00:30:0D:61:30:0E,개화산,1005
00:30:0D:61:30:14,개화산,1005
00:30:0D:61:16:76,개화산,1005
00:07:89:0f:23:22,약수,1003
00:40:5a:c3:7d:12,약수,1003
0a:30:0d:75:4c:51,약수,1003
06:30:0d:75:4c:41,약수,1003
02:07:89:0f:23:27,약수,1003
00:30:0d:75:4c:50,약수,1003
00:40:5a:c3:7d:13,약수,1003
00:30:0d:75:4c:40,약수,1003
00:40:5a:c4:0a:4b,약수,1003
00:40:5a:c3:e5:4b,약수,1003
00:40:5a:c4:0a:4a,약수,1003
02:07:89:0f:23:22,약수,1003
00:07:89:0f:23:27,약수,1003
06:30:0d:74:d9:a1,약수,1003
00:30:0d:74:d9:a0,약수,1003
0a:30:0d:74:d9:b1,약수,1003
00:30:0d:74:d9:b0,약수,1003
00:40:5a:c3:e5:4a,약수,1003
0a:30:0d:75:4c:31,약수,1003
00:40:5a:c3:7c:da,약수,1003
00:30:0d:75:4c:30,약수,1003
00:40:5a:c3:7c:db,약수,1003
22:e3:c7:05:0a:ef,금호,1003
22:e3:c7:05:0a:da,금호,1003
00:40:5a:af:fc:8a,금호,1003
00:40:5a:af:fc:8b,금호,1003
00:40:5a:c0:3d:63,목동,1005
0a:40:5a:e2:f5:26,목동,1005
00:40:5a:c0:5b:d2,양평,1005
00:25:a6:a4:4b:c2,양평,1005
00:40:5a:bb:0f:d1,양평,1005
00:25:a6:a4:4b:c1,양평,1005
00:40:5a:bb:0f:d2,양평,1005
22:e3:c7:05:3e:5e,양평,1005
00:40:5a:bb:28:ca,양평,1005
00:40:5a:bb:28:cb,양평,1005
10:e3:c7:05:3e:5e,양평,1005
00:40:5a:bb:0f:d3,양평,1005
22:e3:c7:05:3e:66,양평,1005
10:e3:c7:05:3e:67,양평,1005
22:e3:c7:05:3e:67,양평,1005
00:40:5a:bb:0e:4a,양평,1005
10:e3:c7:05:3e:66,양평,1005
00:40:5a:bb:0e:4b,양평,1005
00:25:a6:a3:c9:80,양평,1005
00:25:a6:a3:c9:81,양평,1005
22:e3:c7:05:3d:1f,양평,1005
10:e3:c7:05:3e:63,양평,1005
10:e3:c7:05:3d:1f,양평,1005
00:25:a6:a4:58:50,양평,1005
00:25:a6:a4:58:51,양평,1005
00:40:5a:c0:5b:d3,양평,1005
00:07:89:10:4e:d0,양평,1005
00:40:5a:bb:0f:92,양평,1005
02:07:89:10:4e:d0,양평,1005
00:40:5a:bb:0f:93,양평,1005
00:25:a6:a4:57:61,양평,1005
22:e3:c7:05:3e:5f,양평,1005
00:25:a6:a4:57:60,양평,1005
10:e3:c7:05:3e:5f,양평,1005
22:e3:c7:05:3d:1e,양평,1005
00:40:5a:c3:75:03,양평,1005
00:07:89:0f:d5:6d,영등포구청,1005
0a:30:0d:84:ff:f2,영등포구청,1005
00:40:5a:bb:0d:f2,영등포구청,1005
00:30:0d:84:5d:e0,영등포구청,1005
00:30:0d:84:ff:f0,영등포구청,1005
00:30:0d:84:ff:e0,영등포구청,1005
00:40:5a:bb:0d:f3,영등포구청,1005
00:40:5a:bb:2e:ba,영등포구청,1005
00:40:5a:bb:2e:bb,영등포구청,1005
00:40:5a:bb:2e:93,영등포구청,1005
00:30:0d:84:f4:10,영등포구청,1005
02:07:89:0f:d5:6d,영등포구청,1005
00:40:5a:bb:2e:92,영등포구청,1005
00:30:0d:84:4e:f0,영등포구청,1005
00:40:5a:ba:f1:43,영등포구청,1005
0a:30:0d:84:4e:f2,영등포구청,1005
00:30:0d:84:f4:00,영등포구청,1005
00:07:89:0f:d5:6c,영등포구청,1005
00:40:5a:ba:f1:42,영등포구청,1005
02:17:b2:02:78:fe,영등포구청,1005
06:17:b2:04:78:fe,영등포구청,1005
04:17:b2:04:78:fc,영등포구청,1005
00:40:5a:bb:25:53,영등포구청,1005
00:30:0d:84:4f:00,영등포구청,1005
0a:30:0d:84:4f:12,영등포구청,1005
10:e3:c7:05:1a:52,장한평,1005
22:e3:c7:05:1a:53,장한평,1005
00:25:a6:a2:9b:8c,장한평,1005
22:e3:c7:05:1a:57,답십리,1005
00:40:5a:c0:4a:12,답십리,1005
00:40:5a:c0:1b:eb,답십리,1005
00:40:5a:c0:4a:13,답십리,1005
00:40:5a:c0:22:42,답십리,1005
00:40:5a:c0:22:43,답십리,1005
00:40:5a:c0:54:72,답십리,1005
00:25:a6:a3:df:d3,답십리,1005
00:25:a6:a3:df:d4,답십리,1005
00:30:0d:7d:ef:10,답십리,1005
22:e3:c7:05:1a:66,답십리,1005
00:25:a6:a4:11:66,답십리,1005
00:40:5a:af:2e:aa,봉천,1002
00:25:a6:a2:eb:5a,봉천,1002
22:e3:c7:05:3d:fe,개화산,1005
00:40:5a:bb:0f:52,개화산,1005
22:e3:c7:05:3d:fb,개화산,1005
22:e3:c7:05:3e:06,개화산,1005
00:40:5a:bb:1e:02,개화산,1005
00:40:5a:ba:f1:e2,개화산,1005
00:40:5a:bb:25:1b,개화산,1005
10:e3:c7:05:3d:fe,개화산,1005
10:e3:c7:05:3d:fa,개화산,1005
10:e3:c7:05:3d:fb,개화산,1005
00:40:5a:bb:0f:53,개화산,1005
00:40:5a:ba:f1:e3,개화산,1005
00:40:5a:bb:1e:03,개화산,1005
00:40:5a:bb:30:6a,개화산,1005
22:e3:c7:05:3e:02,개화산,1005
10:e3:c7:05:3e:02,개화산,1005
00:07:89:0f:d7:e0,김포공항,1005
00:40:5a:c0:32:c3,김포공항,1005
00:40:5a:bb:0f:a2,김포공항,1005
00:40:5a:bb:24:f2,김포공항,1005
06:30:0d:80:33:21,김포공항,1005
00:30:0d:80:33:20,김포공항,1005
00:07:89:0f:d4:d0,김포공항,1005
00:07:89:0f:d4:d1,김포공항,1005
22:e3:c7:05:18:f2,발산,1005
10:e3:c7:05:3c:ae,화곡,1005
00:25:a6:a3:82:4f,화곡,1005
22:e3:c7:05:3c:ae,화곡,1005
00:25:a6:a3:7e:3b,화곡,1005
00:40:5a:bb:30:8a,화곡,1005
00:40:5a:ba:ef:ba,화곡,1005
22:e3:c7:05:3c:b2,화곡,1005
00:25:a6:a3:7e:3a,화곡,1005
10:e3:c7:05:3c:b2,화곡,1005
22:e3:c7:05:3c:b3,화곡,1005
00:40:5a:ba:df:da,화곡,1005
10:e3:c7:05:3c:b3,화곡,1005
00:40:5a:ba:ef:bb,화곡,1005
00:40:5a:ba:df:db,화곡,1005
22:e3:c7:05:3a:ca,화곡,1005
10:e3:c7:05:3a:ca,화곡,1005
00:40:5a:b7:3e:23,광화문,1005
00:40:5a:af:ae:42,광화문,1005
00:40:5a:b0:3b:e2,광화문,1005
00:40:5a:af:ae:43,광화문,1005
00:40:5a:b0:3b:e3,광화문,1005
00:40:5a:b0:07:32,광화문,1005
00:40:5a:b0:07:33,광화문,1005
00:25:a6:a2:cf:40,광화문,1005
00:25:a6:a2:cf:41,광화문,1005
00:25:a6:a2:d3:84,광화문,1005
00:40:5a:b7:09:22,광화문,1005
00:40:5a:b7:09:23,광화문,1005
00:40:5a:b7:3e:22,광화문,1005
06:17:b2:04:82:0a,광화문,1005
04:17:b2:04:7a:4c,광화문,1005
06:17:b2:04:7a:4e,광화문,1005
00:07:89:10:46:db,광화문,1005
02:07:89:10:46:db,광화문,1005
02:17:b2:02:77:52,광화문,1005
00:07:89:10:5b:ad,광화문,1005
00:25:a6:a2:d3:85,광화문,1005
02:07:89:10:5b:ad,광화문,1005
02:07:89:10:54:3a,광화문,1005
00:40:5a:b7:03:4a,서대문,1005
12:16:1f:03:14:23,서대문,1005
12:16:1f:03:14:22,서대문,1005
00:40:5a:b7:03:4b,서대문,1005
00:16:1f:03:14:23,서대문,1005
00:30:0D:57:D4:BC,고려대,1006
00:30:0D:62:29:49,월곡,1006
00:30:0D:61:2E:99,월곡,1006
00:30:0D:61:21:37,월곡,1006
00:30:0D:61:21:35,월곡,1006
00:30:0D:5D:DC:31,상월곡,1006
00:30:0D:5D:CC:97,상월곡,1006
00:30:0D:5D:DC:27,상월곡,1006
00:30:0D:5D:EE:8F,상월곡,1006
00:30:0D:79:9D:8F,돌곶이,1006
00:30:0D:61:1D:4B,돌곶이,1006
00:30:0D:61:1D:2D,돌곶이,1006
00:30:0D:61:1D:25,돌곶이,1006
00:30:0D:61:25:7D,돌곶이,1006
00:30:0D:7D:ED:4F,석계,1006
00:30:0D:7F:36:EF,석계,1006
00:30:0D:7F:39:6F,석계,1006
00:30:0D:7E:B4:2F,석계,1006
00:30:0D:7E:B1:AF,석계,1006
00:30:0D:63:5F:37,화랑대,1006
00:30:0D:60:D4:EF,화랑대,1006
00:30:0D:61:1C:B1,화랑대,1006
00:30:0D:61:1C:AB,화랑대,1006
00:30:0D:5D:EA:2B,봉화산,1006
00:30:0D:5D:F0:25,봉화산,1006
00:30:0D:5D:CD:23,봉화산,1006
00:30:0D:5D:DC:E9,봉화산,1006
00:30:0D:5D:EA:25,봉화산,1006
00:30:0D:5D:F0:23,봉화산,1006
00:30:0D:5D:CC:84,응암,1006
00:30:0D:5D:DC:2A,응암,1006
00:30:0D:5D:CC:7A,응암,1006
00:30:0D:5D:CD:76,응암,1006
00:30:0D:5D:DD:18,응암,1006
00:30:0D:5D:CD:78,응암,1006
00:27:1C:15:04:C2,역촌,1006
00:27:1C:15:03:57,역촌,1006
00:30:0D:5D:DC:C8,역촌,1006
00:27:1C:15:04:C5,역촌,1006
00:30:0D:5D:DC:C6,역촌,1006
00:30:0D:74:DA:20,불광,1006
00:30:0D:75:C6:80,불광,1006
00:30:0D:80:FD:A0,불광,1006
00:30:0D:75:BA:A0,불광,1006
00:30:0D:74:C7:40,불광,1006
00:30:0D:74:4A:E0,불광,1006
00:30:0D:74:61:80,불광,1006
00:30:0D:74:CA:60,불광,1006
00:30:0D:5D:DD:1C,독바위,1006
00:30:0D:75:48:60,독바위,1006
00:30:0D:63:64:30,독바위,1006
00:30:0D:60:F3:EC,독바위,1006
00:30:0D:5D:CD:9A,독바위,1006
00:1D:93:08:D7:B0,용산,1001
00:16:1F:03:15:10,여의도,1005
00:16:1F:03:18:B8,여의도,1005
00:16:1F:03:14:90,여의도,1005
00:16:1F:03:1E:D4,여의도,1005
00:16:1F:03:1E:E8,여의도,1005
00:16:1F:03:18:F0,여의도,1005
00:16:1F:03:1D:E4,여의도,1005
00:16:1F:03:1F:C0,여의도,1005
00:16:1F:03:05:78,여의도,1005
00:30:0D:60:EB:A3,여의나루,1005
00:30:0D:60:F6:B9,여의나루,1005
00:30:0D:60:EB:11,여의나루,1005
00:30:0D:60:D5:23,여의나루,1005
00:30:0D:61:0D:77,여의나루,1005
00:30:0D:60:F6:C7,여의나루,1005
00:30:0D:61:0D:8B,여의나루,1005
00:30:0D:7F:F3:AF,공덕,1005
00:30:0D:7E:92:8F,공덕,1005
00:30:0D:7F:F3:6F,공덕,1005
00:30:0D:7F:F3:0F,공덕,1005
00:30:0D:7F:7B:0F,공덕,1005
00:30:0D:7E:92:AF,공덕,1005
00:30:0D:80:11:4F,공덕,1005
00:30:0D:7D:14:4F,충정로,1005
00:30:0D:80:33:20,김포공항,1005
00:30:0D:80:33:40,김포공항,1005
00:30:0D:7B:E5:A0,김포공항,1005
00:30:0D:7D:16:E0,김포공항,1005
00:30:0D:7E:B1:00,김포공항,1005
00:30:0D:7B:E8:E0,김포공항,1005
00:30:0D:80:36:60,김포공항,1005
00:30:0D:62:29:36,송정,1005
00:30:0D:62:29:34,송정,1005
00:30:0D:62:2C:FE,송정,1005
00:30:0D:62:29:4C,송정,1005
00:30:0D:62:2C:FA,송정,1005
00:30:0D:61:06:A0,마곡,1005
00:30:0D:60:F7:76,마곡,1005
00:30:0D:5D:CD:6E,마곡,1005
00:30:0D:60:F7:74,마곡,1005
00:30:0D:5D:D8:72,발산,1005
00:30:0D:63:58:C0,발산,1005
00:30:0D:5D:D8:74,발산,1005
00:30:0D:5D:D6:7C,발산,1005
00:30:0D:61:1C:84,발산,1005
00:30:0D:63:58:BA,발산,1005
00:30:0D:61:34:E6,우장산,1005
00:30:0D:61:2C:88,우장산,1005
00:30:0D:61:34:C6,우장산,1005
00:30:0D:61:29:8E,우장산,1005
00:30:0D:61:2C:8C,우장산,1005
00:30:0D:61:29:AE,우장산,1005
00:30:0D:61:3D:54,화곡,1005
00:30:0D:61:30:04,화곡,1005
00:30:0D:61:3D:50,화곡,1005
00:30:0D:61:2C:24,화곡,1005
00:30:0D:61:2D:8E,화곡,1005
00:30:0D:7F:33:80,까치산,1005
00:30:0D:80:33:80,까치산,1005
00:30:0D:80:33:60,까치산,1005
00:30:0D:7F:B7:A0,까치산,1005
00:30:0D:7F:BA:40,까치산,1005
00:30:0D:61:16:D0,녹사평,1006
00:30:0D:62:29:8A,녹사평,1006
00:30:0D:61:18:34,녹사평,1006
00:30:0D:61:16:CE,녹사평,1006
00:30:0D:61:3C:A4,녹사평,1006
00:30:0D:61:16:C8,녹사평,1006
00:30:0D:57:D9:95,이태원,1006
00:30:0D:57:D6:5B,이태원,1006
00:30:0D:57:D3:3F,이태원,1006
00:30:0D:57:D5:6B,이태원,1006
00:30:0D:57:D2:4B,이태원,1006
00:30:0D:57:D3:43,이태원,1006
00:30:0D:63:64:F0,한강진,1006
00:30:0D:63:62:DE,한강진,1006
00:30:0D:63:64:DC,한강진,1006
00:30:0D:63:63:0E,한강진,1006
00:30:0D:63:64:F8,한강진,1006
00:30:0D:61:1C:B2,버티고개,1006
00:30:0D:61:25:20,버티고개,1006
00:30:0D:61:25:64,버티고개,1006
00:30:0D:61:25:1C,버티고개,1006
00:30:0D:61:37:5C,버티고개,1006
00:30:0D:61:25:22,버티고개,1006
00:30:0D:61:1C:B6,버티고개,1006
00:30:0D:77:62:20,약수,1006
00:30:0D:77:61:E0,약수,1006
00:30:0D:76:EC:00,약수,1006
00:30:0D:77:61:80,약수,1006
00:30:0D:74:49:00,약수,1006
00:30:0D:78:A6:20,약수,1006
00:30:0D:78:06:80,약수,1006
00:30:0D:77:63:00,약수,1006
00:30:0D:72:1F:C0,청구,1006
00:30:0D:71:C7:40,청구,1006
00:30:0D:74:DE:20,청구,1006
00:30:0D:71:EA:A0,청구,1006
00:30:0D:75:D9:60,청구,1006
00:30:0D:75:59:80,청구,1006
00:30:0D:73:1D:00,신당,1006
00:30:0D:74:54:20,신당,1006
02:07:89:0f:d5:6c,영등포구청,1005
00:30:0d:84:4f:10,영등포구청,1005
00:40:5a:bb:25:52,영등포구청,1005
0a:30:0d:84:5d:f2,영등포구청,1005
00:07:89:10:4f:2e,영등포구청,1005
00:30:0d:84:5d:f0,영등포구청,1005
0a:30:0d:84:ef:72,영등포구청,1005
00:40:5a:bb:61:79,영등포구청,1005
00:40:5a:bb:61:7a,영등포구청,1005
00:30:0d:84:ef:70,영등포구청,1005
00:30:0d:84:ef:60,영등포구청,1005
00:40:5a:bb:61:7b,영등포구청,1005
00:40:5a:ba:d2:c3,영등포구청,1005
00:07:89:0f:d7:29,영등포구청,1005
00:40:5a:ba:d2:c2,영등포구청,1005
02:07:89:0f:d7:29,영등포구청,1005
02:07:89:0f:d5:61,영등포구청,1005
00:30:0d:84:4e:e0,영등포구청,1005
0a:30:0d:84:f4:12,영등포구청,1005
04:17:b2:04:81:6c,영등포구청,1005
00:40:5a:bb:61:42,영등포시장,1005
0a:30:0d:85:00:72,영등포시장,1005
00:30:0d:85:00:70,영등포시장,1005
00:25:a6:a4:03:92,영등포시장,1005
00:40:5a:bb:61:43,영등포시장,1005
00:30:0d:84:3a:90,영등포시장,1005
00:25:a6:a5:3f:cd,영등포시장,1005
22:e3:c7:05:3d:c2,서대문,1005
10:e3:c7:05:3d:c2,서대문,1005
0a:30:0d:74:c6:31,교대,1002
00:40:5a:af:30:3a,교대,1002
00:07:89:0f:22:c3,교대,1002
00:07:89:14:6c:2d,화정,1003
02:16:1f:03:66:6a,화정,1003
00:40:5a:b0:2d:ca,화정,1003
00:16:1f:03:66:6b,화정,1003
02:07:89:14:6c:2d,화정,1003
00:16:1f:03:75:d3,화정,1003
00:40:5a:b0:2d:cb,화정,1003
00:07:89:14:6c:05,화정,1003
02:16:1f:03:58:aa,화정,1003
02:16:1f:03:75:d2,화정,1003
00:40:5a:b0:1c:fa,화정,1003
02:07:89:14:6c:05,화정,1003
00:40:5a:b0:1c:fb,화정,1003
00:07:89:14:6c:2c,화정,1003
02:07:89:14:6c:2c,화정,1003
12:16:1f:03:58:ab,화정,1003
12:16:1f:03:75:d3,화정,1003
00:16:1f:03:58:ab,화정,1003
00:40:5a:b8:52:f3,화정,1003
00:40:5a:b0:19:32,화정,1003
00:07:89:14:6c:19,화정,1003
12:16:1f:03:66:6b,화정,1003
00:07:89:14:6c:18,화정,1003
02:16:1f:03:88:7a,화정,1003
00:40:5a:b8:63:a2,화정,1003
00:07:89:14:6b:f1,화정,1003
00:07:89:14:6c:1c,화정,1003
00:40:5a:b0:19:33,화정,1003
02:07:89:14:6c:19,화정,1003
02:07:89:14:6c:18,화정,1003
02:07:89:14:6b:f1,화정,1003
00:40:5a:c0:2a:22,화정,1003
00:07:89:14:6c:04,화정,1003
00:40:5a:c0:29:ba,화정,1003
00:07:89:14:6b:f0,화정,1003
02:16:1f:03:7b:2e,화정,1003
00:40:5a:b8:52:f2,화정,1003
02:16:1f:03:7b:c6,화정,1003
00:40:5a:c0:2a:23,화정,1003
02:07:89:14:6c:04,화정,1003
02:07:89:14:6b:f0,화정,1003
00:16:1f:03:88:7b,화정,1003
00:07:89:14:6b:f5,화정,1003
00:07:89:14:6b:f4,화정,1003
02:07:89:14:6b:f4,화정,1003
00:40:5a:c0:29:bb,화정,1003
12:16:1f:03:7b:c7,화정,1003
00:16:1f:03:7b:c7,화정,1003
00:40:5a:b8:1c:42,원당,1003
00:40:5a:b8:1c:ca,원당,1003
00:40:5a:b8:25:62,원당,1003
00:25:a6:a4:5b:5c,원당,1003
00:40:5a:b8:51:32,원당,1003
00:40:5a:b8:1c:43,원당,1003
00:40:5a:b8:1c:cb,원당,1003
00:40:5a:b8:25:63,원당,1003
00:16:1f:03:14:22,서대문,1005
22:e3:c7:05:3d:be,서대문,1005
10:e3:c7:05:3d:be,서대문,1005
00:25:a6:a4:c9:ed,서대문,1005
00:25:a6:a4:c9:ee,서대문,1005
22:e3:c7:05:3d:bf,서대문,1005
00:40:5a:b7:05:22,서대문,1005
10:e3:c7:05:3d:bf,서대문,1005
00:40:5a:b7:05:23,서대문,1005
00:25:a6:a4:c8:a8,서대문,1005
00:25:a6:a4:c7:8b,서대문,1005
00:25:a6:a4:c8:a9,서대문,1005
00:40:5a:af:da:2a,서대문,1005
22:e3:c7:05:3d:bb,서대문,1005
22:e3:c7:05:3d:ba,서대문,1005
00:40:5a:af:da:2b,서대문,1005
10:e3:c7:05:3d:bb,서대문,1005
10:e3:c7:05:3d:ba,서대문,1005
00:25:a6:a4:c7:8c,서대문,1005
04:17:b2:04:77:f4,서대문,1005
00:40:5a:bb:51:ca,발산,1005
00:40:5a:c3:ff:6a,건대입구,1002
00:30:0d:84:7d:30,종로3가,1003
00:30:0d:84:db:f0,종로3가,1003
00:30:0d:84:7d:20,종로3가,1003
02:07:89:0f:20:9a,종로3가,1003
00:40:5a:bc:40:e3,종로3가,1003
00:07:89:0f:20:bf,종로3가,1003
02:07:89:0f:20:bf,종로3가,1003
00:40:5a:bc:40:e2,종로3가,1003
00:07:89:0f:20:9a,종로3가,1003
0a:30:0d:84:dd:d2,종로3가,1003
00:30:0d:84:dd:d0,종로3가,1003
00:40:5a:af:d4:d3,종로3가,1003
06:30:0d:84:dd:62,종로3가,1003
00:30:0d:72:2c:a0,을지로3가,1003
00:30:0d:74:61:10,을지로3가,1003
0a:30:0d:74:61:11,을지로3가,1003
06:30:0d:74:61:01,을지로3가,1003
00:30:0d:74:61:00,을지로3가,1003
00:09:b4:61:41:07,을지로3가,1003
0a:30:0d:71:e6:51,을지로3가,1003
02:09:b4:61:41:07,을지로3가,1003
00:30:0d:71:e6:50,을지로3가,1003
00:40:5a:b7:a5:02,을지로3가,1003
00:30:0d:71:e6:40,을지로3가,1003
00:09:b4:61:41:06,을지로3가,1003
00:40:5a:b7:a4:6a,을지로3가,1003
02:09:b4:61:40:53,을지로3가,1003
00:40:5a:b7:a5:03,을지로3가,1003
00:09:b4:61:40:52,을지로3가,1003
00:1e:b2:93:0a:e9,을지로3가,1003
02:09:b4:61:41:06,을지로3가,1003
02:09:b4:61:40:52,을지로3가,1003
00:40:5a:b7:a4:6b,을지로3가,1003
00:40:5a:b7:93:fa,을지로3가,1003
0a:30:0d:75:d8:d1,을지로3가,1003
06:30:0d:75:d8:c1,을지로3가,1003
00:40:5a:b7:69:32,을지로3가,1003
02:09:b4:61:40:fb,을지로3가,1003
02:09:b4:61:40:fa,을지로3가,1003
00:30:0d:75:d8:d0,을지로3가,1003
00:30:0d:75:d8:c0,을지로3가,1003
00:40:5a:b7:69:33,을지로3가,1003
00:09:b4:61:3f:f7,을지로3가,1003
00:09:b4:61:3f:f6,을지로3가,1003
02:09:b4:61:3f:f7,을지로3가,1003
02:09:b4:61:3f:f6,을지로3가,1003
00:40:5a:b7:ae:9a,을지로3가,1003
00:09:b4:61:40:fa,을지로3가,1003
00:40:5a:b7:ae:9b,을지로3가,1003
00:40:5a:b7:e8:8b,을지로3가,1003
06:30:0d:74:5e:81,을지로3가,1003
00:30:0d:74:5e:80,을지로3가,1003
06:30:0d:83:79:62,충무로,1003
0a:30:0d:83:79:72,충무로,1003
00:30:0d:83:79:60,충무로,1003
00:07:89:0f:24:6f,충무로,1003
0a:30:0d:83:a4:12,충무로,1003
00:30:0d:83:a4:10,충무로,1003
06:30:0d:83:a4:02,충무로,1003
02:07:89:0f:24:6f,충무로,1003
00:40:5a:91:e6:b2,충무로,1003
06:30:0d:83:9e:c2,충무로,1003
00:40:5a:91:e6:b3,충무로,1003
00:30:0D:7D:06:CF,충정로,1005
00:30:0D:7D:12:4F,충정로,1005
00:30:0D:7C:AD:EF,충정로,1005
00:30:0D:7F:DA:6F,충정로,1005
00:30:0D:80:3E:8F,충정로,1005
00:30:0D:61:16:DB,서대문,1005
00:30:0D:61:16:DD,서대문,1005
00:30:0D:61:29:21,서대문,1005
00:30:0D:61:17:79,서대문,1005
00:16:1F:03:14:20,서대문,1005
00:30:0D:61:19:A3,서대문,1005
00:30:0D:74:49:8F,종로3가,1005
00:30:0D:74:53:6F,종로3가,1005
00:30:0D:75:49:8F,종로3가,1005
00:30:0D:75:BB:EF,종로3가,1005
00:30:0D:75:E5:AF,종로3가,1005
00:30:0D:77:AE:0F,종로3가,1005
00:30:0D:74:DE:EF,종로3가,1005
00:30:0D:74:CC:4F,종로3가,1005
00:30:0D:71:EB:EF,을지로4가,1005
00:30:0D:71:BB:AF,을지로4가,1005
00:30:0D:76:F0:EF,을지로4가,1005
00:30:0D:78:45:4F,을지로4가,1005
00:30:0D:74:50:8F,을지로4가,1005
00:30:0D:7E:09:6F,을지로4가,1005
00:30:0D:74:DA:CF,을지로4가,1005
00:30:0D:74:C7:6F,동대문역사문화공원,1005
00:30:0D:74:C5:EF,동대문역사문화공원,1005
00:30:0D:75:CB:CF,동대문역사문화공원,1005
00:30:0D:72:E0:CF,동대문역사문화공원,1005
00:30:0D:75:D8:4F,동대문역사문화공원,1005
00:30:0D:75:4E:CF,청구,1005
00:30:0D:74:60:2F,청구,1005
00:30:0D:75:CE:0F,청구,1005
00:30:0D:74:CD:6F,청구,1005
00:30:0D:75:CE:AF,청구,1005
00:30:0D:5D:CB:E9,신금호,1005
00:30:0D:5D:DB:A5,신금호,1005
00:30:0D:5D:C9:F9,신금호,1005
00:30:0D:5D:CB:F7,신금호,1005
00:30:0D:5D:CA:03,신금호,1005
00:30:0D:61:02:E5,신금호,1005
00:30:0D:61:1D:8D,행당,1005
00:30:0D:61:25:CF,행당,1005
00:30:0D:61:1D:3F,행당,1005
00:30:0D:61:1D:A5,행당,1005
00:30:0D:61:1D:A3,행당,1005
00:30:0D:63:5F:3D,행당,1005
00:30:0D:61:25:93,행당,1005
00:30:0D:74:CC:AF,왕십리,1005
00:30:0D:73:3C:4F,왕십리,1005
00:30:0D:74:49:6F,왕십리,1005
00:30:0D:80:F6:AF,왕십리,1005
00:30:0D:73:3C:EF,왕십리,1005
00:30:0D:73:0D:4F,왕십리,1005
00:30:0D:73:0C:8F,왕십리,1005
00:30:0D:61:29:E5,마장,1005
0a:30:0d:81:07:f1,홍대입구,1002
00:40:5a:af:dc:d2,홍대입구,1002
00:40:5a:b0:40:8b,홍대입구,1002
00:30:0d:81:07:f0,홍대입구,1002
02:07:89:0f:23:ee,홍대입구,1002
00:40:5a:af:dc:d3,홍대입구,1002
02:07:89:0f:23:ff,홍대입구,1002
02:07:89:0f:23:fe,홍대입구,1002
00:07:89:0f:23:ff,홍대입구,1002
00:07:89:0f:23:ee,홍대입구,1002
0a:30:0d:74:c8:51,홍대입구,1002
00:40:5a:b0:3c:32,홍대입구,1002
06:30:0d:74:c8:41,홍대입구,1002
00:30:0d:74:c8:50,홍대입구,1002
00:40:5a:b0:3c:33,홍대입구,1002
00:30:0d:74:c8:40,홍대입구,1002
00:07:89:0f:23:fe,홍대입구,1002
12:16:1f:03:20:03,홍대입구,1002
00:07:89:0f:23:f6,홍대입구,1002
00:16:1f:03:20:03,홍대입구,1002
00:40:5a:b0:25:6b,홍대입구,1002
00:07:89:14:6b:c5,주엽,1003
00:30:0D:75:CD:00,신당,1006
00:30:0D:75:CD:40,신당,1006
00:30:0D:75:CF:80,신당,1006
00:30:0D:71:BE:E0,신당,1006
00:30:0D:7B:F0:A0,동묘앞,1006
00:30:0D:7C:AF:80,동묘앞,1006
00:30:0D:7C:BE:60,동묘앞,1006
00:30:0D:7B:E0:00,동묘앞,1006
00:30:0D:60:F7:08,창신,1006
00:30:0D:61:06:40,창신,1006
00:30:0D:60:F7:20,창신,1006
00:30:0D:60:F7:18,창신,1006
00:30:0D:76:E5:00,창신,1006
00:30:0D:61:2F:EE,보문,1006
00:30:0D:61:1E:FC,보문,1006
00:30:0D:61:1F:0E,보문,1006
00:30:0D:61:1F:18,보문,1006
00:30:0D:61:17:D8,보문,1006
00:30:0D:61:1C:4C,안암,1006
00:30:0D:61:1C:DE,안암,1006
00:30:0D:61:02:B6,안암,1006
00:30:0D:61:36:04,안암,1006
00:30:0D:61:1C:B4,안암,1006
00:30:0D:62:1E:6A,고려대,1006
00:30:0D:57:CE:97,고려대,1006
00:30:0D:57:CE:D5,고려대,1006
00:30:0D:78:CF:20,고려대,1006
00:30:0D:57:CE:E3,고려대,1006
00:30:0D:57:D4:BB,고려대,1006
00:30:0D:62:29:48,월곡,1006
00:30:0D:61:2E:98,월곡,1006
00:30:0D:61:21:36,월곡,1006
00:30:0D:61:21:34,월곡,1006
00:30:0D:5D:DC:30,상월곡,1006
00:30:0D:5D:CC:96,상월곡,1006
00:30:0D:5D:DC:26,상월곡,1006
00:30:0D:5D:EE:8E,상월곡,1006
00:30:0D:79:9D:80,돌곶이,1006
00:30:0D:61:1D:4A,돌곶이,1006
00:30:0D:61:1D:2C,돌곶이,1006
00:30:0D:61:1D:24,돌곶이,1006
00:30:0D:61:25:7C,돌곶이,1006
00:30:0D:7D:ED:40,석계,1006
00:30:0D:80:F7:60,연신내,1006
00:30:0D:75:50:C0,연신내,1006
00:30:0D:75:CF:C0,연신내,1006
00:30:0D:75:C8:40,연신내,1006
00:30:0D:75:CC:00,연신내,1006
00:30:0D:5D:CD:CC,구산,1006
00:30:0D:5D:DD:50,구산,1006
00:30:0D:61:34:96,구산,1006
00:30:0D:5D:EA:8A,구산,1006
00:30:0D:5D:EA:9A,구산,1006
00:30:0D:61:2D:8A,새절,1006
00:30:0D:61:38:78,새절,1006
00:30:0D:61:37:5A,새절,1006
00:30:0D:61:39:A2,새절,1006
00:30:0D:61:30:06,새절,1006
00:30:0D:63:5E:22,증산,1006
00:30:0D:61:02:FC,증산,1006
00:30:0D:62:2D:00,증산,1006
00:30:0D:62:29:60,증산,1006
00:30:0D:7E:C1:40,디지털미디어시티,1006
00:30:0D:7C:1E:40,디지털미디어시티,1006
00:30:0D:7C:1E:60,디지털미디어시티,1006
00:30:0D:7C:21:00,디지털미디어시티,1006
00:30:0D:7C:5F:00,디지털미디어시티,1006
00:30:0D:7D:C6:80,디지털미디어시티,1006
00:30:0D:61:20:BE,월드컵경기장,1006
00:30:0D:61:18:C2,월드컵경기장,1006
00:30:0D:61:18:58,월드컵경기장,1006
00:30:0D:61:1A:A8,월드컵경기장,1006
00:30:0D:61:18:C0,월드컵경기장,1006
00:30:0D:5D:D7:EE,마포구청,1006
00:30:0D:5D:F1:86,마포구청,1006
00:30:0D:5D:D1:78,마포구청,1006
00:30:0D:5D:D1:70,마포구청,1006
00:40:5a:b8:51:33,원당,1003
00:40:5a:b8:47:eb,원당,1003
00:25:a6:a4:2c:a4,원당,1003
00:25:a6:a4:2c:a5,원당,1003
00:25:a6:a4:5f:ef,원당,1003
00:40:5a:b8:02:da,원당,1003
00:40:5a:b8:47:ea,원당,1003
00:40:5a:b8:02:db,원당,1003
00:25:a6:a4:4d:07,원당,1003
00:17:b2:01:69:12,원당,1003
00:25:a6:a5:2c:68,원당,1003
00:25:a6:a4:4d:06,원당,1003
00:09:b4:61:1c:be,잠실,1002
02:17:b2:02:56:ba,잠실,1002
06:30:0d:74:cb:c1,잠실,1002
00:30:0d:75:41:80,잠실,1002
00:40:5a:a8:5f:3b,잠실,1002
02:09:b4:61:1c:bf,잠실,1002
00:30:0d:71:de:80,잠실,1002
00:40:5a:a8:3d:6b,잠실,1002
00:30:0d:74:cb:c0,잠실,1002
06:08:52:22:e9:23,잠실,1002
00:09:b4:61:18:de,잠실,1002
00:40:5a:a8:3d:6a,잠실,1002
06:17:b2:04:4d:fe,잠실,1002
06:17:b2:04:5b:2e,잠실,1002
0a:30:0d:74:cb:d1,잠실,1002
0a:30:0d:71:de:91,잠실,1002
00:07:89:0e:bb:d7,잠실,1002
02:17:b2:02:5b:2e,잠실,1002
02:09:b4:61:18:de,잠실,1002
00:30:0d:74:cb:d0,잠실,1002
04:17:b2:04:4d:fc,잠실,1002
00:30:0d:71:de:90,잠실,1002
04:17:b2:04:5b:2c,잠실,1002
02:09:b4:61:1b:7a,잠실,1002
02:07:89:0e:bb:d7,잠실,1002
02:17:b2:02:5b:2c,잠실,1002
06:30:0d:84:fc:02,연신내,1006
00:09:b4:61:42:3f,신당,1002
00:40:5a:91:e8:9a,신당,1002
00:40:5a:91:f2:42,신당,1002
00:40:5a:91:f2:43,신당,1002
00:09:b4:61:42:3e,신당,1002
00:09:b4:61:42:43,신당,1002
00:09:b4:61:42:42,신당,1002
00:09:b4:61:47:9f,신당,1002
0a:30:0d:75:be:d1,신당,1002
06:30:0d:75:be:c1,신당,1002
02:09:b4:61:42:42,신당,1002
00:30:0d:75:be:d0,신당,1002
00:40:5a:91:e2:cb,신당,1002
00:30:0d:75:be:c0,신당,1002
00:40:5a:91:e2:ca,신당,1002
00:09:b4:61:3c:eb,신당,1002
02:09:b4:61:47:9f,신당,1002
00:09:b4:61:47:9e,신당,1002
00:40:5a:91:e8:e2,신당,1002
06:30:0d:74:4c:01,신당,1002
02:09:b4:61:47:9e,신당,1002
02:09:b4:61:3c:eb,신당,1002
00:40:5a:91:e8:e3,신당,1002
00:30:0d:74:4c:00,신당,1002
00:09:b4:61:3c:ea,신당,1002
00:17:b2:01:a9:a2,신대방,1002
00:17:b2:01:aa:82,신대방,1002
00:17:b2:01:aa:a2,신대방,1002
00:17:b2:01:ab:b2,신대방,1002
0a:19:70:76:5d:57,신대방,1002
00:40:5a:83:9c:62,신대방,1002
f8:0c:f3:bb:1d:d2,신대방,1002
00:40:5a:8c:59:8a,신대방,1002
00:17:b2:01:a9:a0,신대방,1002
00:17:b2:01:aa:80,신대방,1002
00:19:70:76:5d:57,신대방,1002
00:17:b2:01:aa:a0,신대방,1002
00:17:b2:01:ab:b0,신대방,1002
06:17:b2:04:4f:3a,신대방,1002
00:17:b2:01:ab:4a,신대방,1002
f8:0c:f3:ba:1e:a2,신대방,1002
04:17:b2:04:4f:38,신대방,1002
00:19:70:76:5d:c0,신대방,1002
0a:19:70:76:5d:c0,신대방,1002
06:40:5a:e0:9b:48,신대방,1002
00:17:b2:01:ab:e2,신대방,1002
00:17:b2:01:ab:48,신대방,1002
06:40:5a:e0:9b:47,신대방,1002
0a:40:5a:e0:9b:47,신대방,1002
00:30:0d:83:a4:00,충무로,1003
00:07:89:0f:24:63,충무로,1003
0a:30:0d:83:9e:d2,충무로,1003
00:07:89:0f:24:62,충무로,1003
00:40:5a:91:ee:aa,충무로,1003
02:07:89:0f:24:6e,충무로,1003
00:30:0d:83:9e:d0,충무로,1003
00:07:89:0f:24:6e,충무로,1003
00:40:5a:91:eb:1a,충무로,1003
00:40:5a:91:f2:5a,충무로,1003
0a:30:0d:83:6d:f2,충무로,1003
06:30:0d:83:6d:e2,충무로,1003
00:40:5a:91:ee:ab,충무로,1003
06:30:0d:75:5a:a1,충무로,1003
0a:30:0d:74:c8:d1,충무로,1003
0a:30:0d:75:5a:b1,충무로,1003
00:40:5a:91:eb:1b,충무로,1003
02:07:89:0f:24:63,충무로,1003
00:40:5a:91:f2:5b,충무로,1003
00:30:0d:75:5a:a0,충무로,1003
02:09:b4:61:44:bb,충무로,1003
00:30:0d:74:c8:d0,충무로,1003
00:30:0d:75:5a:b0,충무로,1003
00:40:5a:91:fe:1a,충무로,1003
00:07:89:0f:24:67,충무로,1003
02:09:b4:61:41:6e,까치산,1005
0a:30:0d:7f:33:91,까치산,1005
00:30:0D:61:2E:8E,신정,1005
00:30:0D:61:25:86,신정,1005
00:30:0D:61:1D:32,신정,1005
00:30:0D:61:20:90,신정,1005
00:30:0D:61:20:92,신정,1005
00:30:0D:61:03:9C,목동,1005
00:30:0D:61:0C:F8,목동,1005
00:30:0D:60:F3:98,목동,1005
00:30:0D:61:03:8E,목동,1005
00:30:0D:61:03:A0,목동,1005
00:30:0D:61:1D:A8,오목교,1005
00:30:0D:61:25:C0,오목교,1005
00:30:0D:61:1D:6A,오목교,1005
00:30:0D:61:1D:A6,오목교,1005
00:30:0D:61:36:FE,오목교,1005
00:30:0D:60:F5:26,양평,1005
00:30:0D:60:F5:06,양평,1005
00:30:0D:60:EB:38,양평,1005
00:30:0D:61:0D:1A,양평,1005
00:30:0D:60:EB:3C,양평,1005
00:30:0D:60:F5:0E,양평,1005
00:30:0D:75:4E:20,영등포구청,1005
00:30:0D:73:2E:80,영등포구청,1005
00:30:0D:73:02:00,영등포구청,1005
00:30:0D:71:C7:E0,영등포구청,1005
00:30:0D:75:50:A0,영등포구청,1005
00:30:0D:72:24:60,영등포구청,1005
00:30:0D:76:DB:A0,영등포구청,1005
00:30:0D:61:25:58,영등포시장,1005
00:30:0D:61:29:28,영등포시장,1005
00:30:0D:61:25:50,영등포시장,1005
00:30:0D:61:1D:06,영등포시장,1005
00:30:0D:61:36:D2,영등포시장,1005
00:30:0D:61:1D:00,영등포시장,1005
00:30:0D:61:1D:02,영등포시장,1005
00:30:0D:61:29:B0,영등포시장,1005
00:16:1F:03:1F:BA,신길,1005
00:16:1F:03:0D:FA,신길,1005
00:16:1F:03:1E:C6,신길,1005
00:16:1F:03:12:46,신길,1005
00:16:1F:03:1F:16,신길,1005
00:16:1F:03:20:6E,신길,1005
00:16:1F:03:08:92,신길,1005
00:16:1F:03:15:12,여의도,1005
00:16:1F:03:18:BA,여의도,1005
00:16:1F:03:14:92,여의도,1005
00:16:1F:03:1E:D6,여의도,1005
00:16:1F:03:1E:EA,여의도,1005
00:16:1F:03:18:F2,여의도,1005
00:16:1F:03:1D:E6,여의도,1005
00:16:1F:03:1F:C2,여의도,1005
00:16:1F:03:05:7A,여의도,1005
00:30:0D:60:EB:A2,여의나루,1005
00:40:5a:b8:6b:7a,주엽,1003
00:07:89:14:6b:d9,주엽,1003
00:40:5a:b8:4c:da,주엽,1003
00:40:5a:b8:55:02,주엽,1003
00:07:89:14:6b:b5,주엽,1003
00:40:5a:b8:4f:62,주엽,1003
12:16:1f:03:7a:fe,주엽,1003
00:40:5a:b8:61:02,주엽,1003
00:07:89:14:6b:b4,주엽,1003
02:07:89:14:6b:c5,주엽,1003
00:40:5a:b8:6b:7b,주엽,1003
02:07:89:14:6b:c4,주엽,1003
02:07:89:14:6b:d9,주엽,1003
02:07:89:14:6b:b5,주엽,1003
00:40:5a:b8:55:03,주엽,1003
02:07:89:14:6b:d8,주엽,1003
00:40:5a:b8:4f:63,주엽,1003
00:40:5a:b8:61:03,주엽,1003
00:07:89:14:6b:9d,주엽,1003
02:07:89:14:6b:b4,주엽,1003
02:07:89:14:6b:9d,주엽,1003
00:16:1f:03:3f:e3,주엽,1003
12:16:1f:03:7a:ff,주엽,1003
12:16:1f:03:3f:e3,주엽,1003
00:07:89:14:6b:dd,주엽,1003
12:16:1f:03:3f:e2,주엽,1003
00:16:1f:03:7a:ff,주엽,1003
02:07:89:14:6b:dd,주엽,1003
00:16:1f:03:3f:e2,주엽,1003
12:16:1f:03:6f:9f,주엽,1003
00:07:89:14:6b:d8,주엽,1003
12:16:1f:03:3c:06,주엽,1003
00:16:1f:03:7a:fe,주엽,1003
00:16:1f:03:3c:06,주엽,1003
12:16:1f:03:6f:9e,주엽,1003
00:07:89:14:6b:c4,주엽,1003
00:07:89:14:6b:a1,주엽,1003
00:07:89:14:6b:dc,주엽,1003
00:40:5a:b8:6c:12,주엽,1003
02:07:89:14:6b:a1,주엽,1003
00:40:5a:b8:6c:13,주엽,1003
02:07:89:14:6b:9c,주엽,1003
12:16:1f:03:3e:ef,주엽,1003
12:16:1f:03:3e:ee,주엽,1003
12:16:1f:03:7b:82,주엽,1003
00:16:1f:03:3e:ef,주엽,1003
00:16:1f:03:6f:9e,주엽,1003
00:16:1f:03:3e:ee,주엽,1003
00:40:5a:b8:4c:db,주엽,1003
00:16:1f:03:7b:82,주엽,1003
00:16:1f:03:6f:9f,주엽,1003
00:40:5a:b8:6e:d3,주엽,1003
12:16:1f:03:3c:07,주엽,1003
02:07:89:14:6b:dc,주엽,1003
02:07:89:14:6b:a0,주엽,1003
00:07:89:14:6b:e1,정발산,1003
00:40:5a:b8:0e:5a,정발산,1003
12:16:1f:03:27:8b,정발산,1003
12:16:1f:03:27:8a,정발산,1003
02:07:89:14:6b:e1,정발산,1003
00:40:5a:b8:0e:5b,정발산,1003
02:07:89:14:6b:b9,정발산,1003
00:40:5a:b8:1e:32,정발산,1003
00:40:5a:b8:64:52,정발산,1003
00:40:5a:b8:1e:33,정발산,1003
00:40:5a:b8:64:53,정발산,1003
00:40:5a:b8:4c:22,정발산,1003
00:07:89:14:6b:a4,정발산,1003
00:16:1f:03:78:f6,정발산,1003
12:16:1f:03:78:f6,정발산,1003
12:16:1f:03:60:f6,상월곡,1006
00:17:B2:01:A8:B8,강변,1002
00:17:B2:01:AC:10,강변,1002
00:17:B2:01:AB:58,강변,1002
00:17:B2:01:AB:88,강변,1002
00:17:B2:01:A8:D8,강변,1002
00:17:B2:01:AC:08,강변,1002
00:30:0D:7B:76:40,잠실,1002
00:30:0D:75:41:80,잠실,1002
00:30:0D:74:CB:C0,잠실,1002
00:30:0D:57:D1:3F,잠실,1002
00:30:0D:54:C9:4F,잠실,1002
00:30:0D:54:5D:91,잠실,1002
10:E3:C7:04:2D:BF,잠실,1002
00:30:0D:75:C0:00,잠실,1002
00:30:0D:75:44:A0,잠실,1002
10:E3:C7:04:2D:AF,잠실,1002
10:E3:C7:04:2D:BB,잠실,1002
00:30:0D:71:DE:80,잠실,1002
00:30:0D:71:BD:C0,잠실,1002
00:30:0D:5D:D8:0A,마포구청,1006
00:30:0D:5D:D8:08,마포구청,1006
00:30:0D:5D:D1:92,마포구청,1006
00:30:0D:72:E4:A0,합정,1006
00:30:0D:74:51:60,합정,1006
00:27:1C:13:1D:93,합정,1006
00:30:0D:75:43:80,합정,1006
10:E3:C7:04:2C:37,합정,1006
00:30:0D:75:D3:40,합정,1006
00:30:0D:61:1C:AE,상수,1006
00:30:0D:61:25:3C,상수,1006
00:30:0D:61:1C:DC,상수,1006
00:30:0D:61:25:3A,상수,1006
00:30:0D:61:1D:28,광흥창,1006
00:30:0D:61:25:80,광흥창,1006
00:30:0D:61:29:D6,광흥창,1006
00:30:0D:61:29:C0,광흥창,1006
00:30:0D:61:29:C4,광흥창,1006
00:30:0D:61:25:82,광흥창,1006
00:30:0D:57:D2:55,대흥,1006
00:30:0D:57:D1:7D,대흥,1006
00:30:0D:57:CE:D9,대흥,1006
00:30:0D:57:D0:D7,대흥,1006
00:30:0D:7F:36:80,대흥,1006
00:30:0D:7F:F3:40,공덕,1006
00:30:0D:7E:9F:60,공덕,1006
00:30:0D:7E:9E:80,공덕,1006
00:30:0D:80:06:A0,공덕,1006
00:30:0D:80:11:00,공덕,1006
00:30:0D:7F:F3:20,공덕,1006
00:30:0D:61:29:30,효창공원앞,1006
00:30:0D:61:29:C2,효창공원앞,1006
00:30:0D:61:34:9C,효창공원앞,1006
00:30:0D:60:F3:04,효창공원앞,1006
00:30:0D:61:29:26,효창공원앞,1006
00:30:0D:72:25:40,삼각지,1006
00:30:0D:75:CC:E0,삼각지,1006
00:30:0D:78:1A:00,삼각지,1006
00:30:0D:74:31:C0,삼각지,1006
00:30:0D:75:CE:20,삼각지,1006
00:30:0D:75:48:C0,삼각지,1006
00:30:0D:74:C6:A0,삼각지,1006
00:30:0D:75:50:40,삼각지,1006
00:30:0D:75:CF:00,삼각지,1006
00:30:0D:61:18:62,녹사평,1006
00:30:0D:61:34:98,녹사평,1006
00:40:5a:bf:ab:02,뚝섬유원지,1007
00:30:0D:77:AE:00,종로3가,1005
00:30:0D:74:DE:E0,종로3가,1005
00:30:0D:74:CC:40,종로3가,1005
00:30:0D:71:EB:E0,을지로4가,1005
00:30:0D:71:BB:A0,을지로4가,1005
00:30:0D:76:F0:E0,을지로4가,1005
00:30:0D:78:45:40,을지로4가,1005
00:30:0D:74:50:80,을지로4가,1005
00:30:0D:7E:09:60,을지로4가,1005
00:30:0D:74:DA:C0,을지로4가,1005
00:30:0D:74:C7:60,동대문역사문화공원,1005
00:30:0D:74:C5:E0,동대문역사문화공원,1005
00:30:0D:75:CB:C0,동대문역사문화공원,1005
00:30:0D:72:E0:C0,동대문역사문화공원,1005
00:30:0D:75:D8:40,동대문역사문화공원,1005
00:30:0D:75:4E:C0,청구,1005
00:30:0D:74:60:20,청구,1005
00:30:0D:75:CE:00,청구,1005
00:30:0D:74:CD:60,청구,1005
00:30:0D:75:CE:A0,청구,1005
00:30:0D:5D:CB:E8,신금호,1005
00:30:0D:5D:DB:A4,신금호,1005
00:30:0D:5D:C9:F8,신금호,1005
00:30:0D:5D:CB:F6,신금호,1005
00:30:0D:5D:CA:02,신금호,1005
00:30:0D:61:02:E4,신금호,1005
00:30:0D:61:1D:8C,행당,1005
00:30:0D:61:25:CE,행당,1005
00:30:0D:61:1D:3E,행당,1005
00:30:0D:61:1D:A4,행당,1005
00:17:b2:01:ab:e0,신대방,1002
00:19:70:76:5d:3c,신대방,1002
0a:19:70:6f:8c:03,신대방,1002
00:40:5a:94:ea:2a,신대방,1002
06:19:70:6f:8c:03,신대방,1002
00:40:5a:93:98:3a,신대방,1002
f8:0c:f3:b8:05:5a,신대방,1002
06:30:0d:7c:1d:61,신도림,1002
00:30:0d:7c:1d:60,신도림,1002
00:09:b4:61:0a:73,신도림,1002
00:09:b4:61:0a:72,신도림,1002
00:07:89:0e:bb:c3,신도림,1002
0a:30:0d:7c:1d:71,신도림,1002
00:07:89:0e:bb:c2,신도림,1002
02:17:b2:02:62:b2,신도림,1002
02:09:b4:61:0a:73,신도림,1002
02:09:b4:61:0a:72,신도림,1002
02:07:89:0e:bb:c3,신도림,1002
02:07:89:0e:bb:c2,신도림,1002
00:30:0d:7c:1d:70,신도림,1002
02:17:b2:02:3e:60,신도림,1002
00:09:b4:61:19:27,신도림,1002
00:09:b4:61:18:77,신도림,1002
06:30:0d:73:36:e1,신도림,1002
02:17:b2:02:62:b0,신도림,1002
00:40:5a:c4:0e:db,동대문역사문화공원,1002
02:09:b4:61:1d:33,동대문역사문화공원,1002
00:40:5a:c3:e7:9b,동대문역사문화공원,1002
00:09:b4:61:21:3b,동대문역사문화공원,1002
00:09:b4:61:21:3a,동대문역사문화공원,1002
00:09:b4:61:1d:33,동대문역사문화공원,1002
00:40:5a:c3:e7:9a,동대문역사문화공원,1002
00:07:89:0f:20:0e,동대문역사문화공원,1002
00:07:89:0f:20:0f,동대문역사문화공원,1002
00:40:5a:c3:e9:82,동대문역사문화공원,1002
00:40:5a:c3:d7:72,동대문역사문화공원,1002
00:40:5a:c3:d7:73,동대문역사문화공원,1002
02:09:b4:61:1d:32,동대문역사문화공원,1002
02:07:89:0f:20:0f,동대문역사문화공원,1002
04:17:b2:04:b4:c4,뚝섬,1002
00:40:5a:c3:d3:ba,뚝섬,1002
00:09:b4:61:1b:7a,잠실,1002
10:e3:c7:05:1d:57,홍제,1003
10:e3:c7:05:1d:56,홍제,1003
10:e3:c7:05:0c:e3,홍제,1003
00:40:5a:b0:35:5b,홍제,1003
10:e3:c7:05:0c:e2,홍제,1003
02:07:89:14:49:d8,홍제,1003
10:e3:c7:05:37:eb,홍제,1003
00:07:89:14:49:f1,홍제,1003
00:40:5a:b0:3b:0b,홍제,1003
02:07:89:14:49:f1,홍제,1003
22:e3:c7:05:37:ea,홍제,1003
12:16:1f:03:53:e2,홍제,1003
00:07:89:14:4a:0c,홍제,1003
00:07:89:14:49:f0,홍제,1003
02:07:89:14:49:f0,홍제,1003
00:40:5a:b0:32:a3,홍제,1003
00:07:89:14:49:d8,홍제,1003
00:40:5a:b0:30:5a,홍제,1003
02:17:b2:02:4f:98,홍제,1003
02:07:89:14:4a:21,홍제,1003
00:40:5a:b0:31:e2,홍제,1003
00:40:5a:b0:32:12,홍제,1003
02:07:89:14:4a:0c,홍제,1003
00:07:89:14:4a:21,홍제,1003
10:e3:c7:05:37:ea,홍제,1003
00:40:5a:b0:3b:0a,홍제,1003
22:e3:c7:05:37:eb,홍제,1003
02:07:89:14:4a:20,홍제,1003
00:16:1f:03:53:e3,홍제,1003
00:07:89:14:4a:20,홍제,1003
00:40:5a:b0:32:13,홍제,1003
00:40:5a:b0:31:e3,홍제,1003
00:40:5a:b0:30:5b,홍제,1003
02:07:89:14:4a:1d,무악재,1003
00:07:89:14:4a:b1,무악재,1003
12:16:1f:03:6b:4f,무악재,1003
02:07:89:14:4a:b1,무악재,1003
00:07:89:14:49:f5,무악재,1003
02:07:89:14:49:f5,무악재,1003
12:16:1f:03:83:03,무악재,1003
12:16:1f:03:6b:4e,무악재,1003
12:16:1f:03:83:02,무악재,1003
00:16:1f:03:83:02,무악재,1003
00:07:89:14:49:f9,무악재,1003
00:16:1f:03:83:03,무악재,1003
00:30:0D:60:F6:B8,여의나루,1005
00:30:0D:60:EB:10,여의나루,1005
00:30:0D:60:D5:22,여의나루,1005
00:30:0D:61:0D:76,여의나루,1005
00:30:0D:60:F6:C6,여의나루,1005
00:30:0D:61:0D:8A,여의나루,1005
00:30:0D:7F:F3:A0,공덕,1005
00:30:0D:7E:92:80,공덕,1005
00:30:0D:7F:F3:60,공덕,1005
00:30:0D:7F:F3:00,공덕,1005
00:30:0D:7F:7B:00,공덕,1005
00:30:0D:7E:92:A0,공덕,1005
00:30:0D:80:11:40,공덕,1005
00:30:0D:7D:14:40,충정로,1005
00:30:0D:7D:06:C0,충정로,1005
00:30:0D:7D:12:40,충정로,1005
00:30:0D:7C:AD:E0,충정로,1005
00:30:0D:7F:DA:60,충정로,1005
00:30:0D:80:3E:80,충정로,1005
00:30:0D:61:16:DA,서대문,1005
00:30:0D:61:16:DC,서대문,1005
00:30:0D:61:29:20,서대문,1005
00:30:0D:61:17:78,서대문,1005
00:16:1F:03:14:22,서대문,1005
00:30:0D:61:19:A2,서대문,1005
00:30:0D:74:49:80,종로3가,1005
00:30:0D:74:53:60,종로3가,1005
00:30:0D:75:49:80,종로3가,1005
00:30:0D:75:BB:E0,종로3가,1005
00:25:a6:a4:d8:bc,봉천,1002
00:25:a6:a4:d8:bb,봉천,1002
00:25:a6:a2:eb:5b,봉천,1002
00:40:5a:af:50:fb,봉천,1002
00:25:a6:a2:c7:96,봉천,1002
00:40:5a:af:50:fa,봉천,1002
06:30:0d:57:d3:c3,봉천,1002
00:25:a6:a2:d2:d0,봉천,1002
00:25:a6:a2:c7:97,봉천,1002
00:30:0d:57:d3:c3,봉천,1002
00:40:5a:af:14:e3,봉천,1002
00:25:a6:a2:d2:d1,봉천,1002
00:30:0d:78:63:a0,사당,1002
00:07:89:0f:23:83,사당,1002
06:30:0d:78:63:a1,사당,1002
00:07:89:0f:23:82,사당,1002
00:40:5a:af:54:d2,사당,1002
0a:30:0d:78:63:b1,사당,1002
00:07:89:0f:23:87,사당,1002
00:07:89:0f:23:86,사당,1002
00:40:5a:af:4f:0a,사당,1002
00:40:5a:af:47:02,사당,1002
00:07:89:0f:23:73,사당,1002
0a:30:0d:7b:77:f1,사당,1002
02:07:89:0f:23:83,사당,1002
02:07:89:0f:23:82,사당,1002
00:40:5a:af:54:d3,사당,1002
00:30:0d:78:63:b0,사당,1002
02:07:89:0f:23:87,사당,1002
00:40:5a:af:56:b3,사당,1002
02:07:89:0f:23:86,사당,1002
00:40:5a:af:4f:0b,사당,1002
02:07:89:0f:23:73,사당,1002
02:07:89:0f:23:72,사당,1002
00:30:0d:7d:a0:c0,사당,1002
00:40:5a:af:50:cb,사당,1002
00:30:0d:7b:77:e0,사당,1002
00:40:5a:af:56:b2,사당,1002
00:07:89:0f:23:72,사당,1002
00:07:89:0f:23:8b,사당,1002
06:30:0d:7d:a0:c1,사당,1002
06:30:0d:7b:77:e1,사당,1002
0a:30:0d:7d:a0:d1,사당,1002
0a:30:0d:74:50:b1,사당,1002
00:40:5a:af:4e:fa,사당,1002
00:40:5a:af:47:03,사당,1002
02:07:89:0f:23:8b,사당,1002
02:07:89:0f:23:77,사당,1002
00:30:0d:7d:a0:d0,사당,1002
00:40:5a:af:4e:fb,사당,1002
00:30:0d:7b:77:f0,사당,1002
00:07:89:0f:23:77,사당,1002
00:40:5a:af:50:ca,사당,1002
02:07:89:0f:23:76,사당,1002
00:40:5a:af:55:5b,사당,1002
00:30:0d:82:03:40,사당,1002
00:30:0D:61:29:E8,신천,1002
00:30:0D:4F:72:97,신천,1002
00:30:0D:60:EB:62,신천,1002
00:30:0D:61:36:0E,신천,1002
00:30:0D:61:2D:94,신천,1002
00:30:0D:60:F2:98,신천,1002
00:30:0D:54:59:B9,종합운동장,1002
00:30:0D:54:5E:AD,종합운동장,1002
00:30:0D:54:5D:95,종합운동장,1002
00:30:0D:54:5E:A5,종합운동장,1002
00:30:0D:54:8A:65,종합운동장,1002
00:30:0D:54:5D:9B,종합운동장,1002
00:30:0D:54:59:BF,종합운동장,1002
00:30:0D:54:5D:97,종합운동장,1002
00:30:0D:57:D2:63,종합운동장,1002
00:30:0D:74:CC:80,삼성,1002
00:30:0D:74:CB:A0,삼성,1002
00:30:0D:74:CA:E0,삼성,1002
00:30:0D:81:0A:80,삼성,1002
00:30:0D:74:51:40,삼성,1002
00:30:0D:74:4E:60,삼성,1002
00:30:0D:75:40:A0,선릉,1002
00:30:0D:75:C1:60,선릉,1002
00:30:0D:75:BE:40,선릉,1002
00:30:0D:81:2A:60,선릉,1002
00:30:0D:81:4F:C0,선릉,1002
00:30:0D:81:2A:E0,선릉,1002
00:30:0D:75:BE:80,선릉,1002
00:30:0D:81:2C:00,선릉,1002
00:30:0D:75:CE:E0,선릉,1002
00:30:0D:74:C4:00,역삼,1002
00:30:0D:74:33:60,역삼,1002
00:30:0D:81:50:80,역삼,1002
00:30:0D:74:4C:40,역삼,1002
00:30:0D:74:DB:40,역삼,1002
00:30:0D:74:48:A0,역삼,1002
00:30:0D:7C:5C:20,역삼,1002
00:30:0D:61:2D:9C,강남,1002
00:30:0D:61:20:86,강남,1002
00:30:0D:4F:4C:BD,강남,1002
00:30:0D:74:CB:60,강남,1002
00:30:0D:74:47:00,강남,1002
00:30:0D:74:CA:00,강남,1002
00:30:0D:74:D9:C0,강남,1002
00:30:0D:74:4E:E0,교대,1002
00:30:0D:74:C9:E0,교대,1002
00:30:0D:74:50:C0,교대,1002
00:30:0D:75:44:20,교대,1002
00:30:0D:7E:DB:E0,교대,1002
00:30:0D:74:C7:E0,교대,1002
00:30:0D:74:C6:20,교대,1002
00:30:0D:74:52:80,교대,1002
00:30:0D:57:D0:C1,서초,1002
00:30:0D:57:CE:8D,서초,1002
00:30:0D:57:D1:49,서초,1002
00:30:0D:57:D7:FF,서초,1002
00:30:0D:61:38:42,서초,1002
00:30:0D:54:5A:DB,서초,1002
00:30:0D:75:4D:80,방배,1002
00:30:0D:71:F9:A0,방배,1002
00:30:0D:80:FA:80,방배,1002
00:30:0D:7A:F4:40,방배,1002
00:30:0D:80:71:00,방배,1002
00:30:0D:74:DB:C0,방배,1002
00:30:0D:7B:77:E0,사당,1002
00:30:0D:74:65:80,사당,1002
00:30:0D:74:50:A0,사당,1002
00:30:0D:74:64:00,사당,1002
00:30:0D:78:63:A0,사당,1002
00:16:1F:03:05:2A,사당,1002
00:30:0D:74:59:20,사당,1002
00:30:0D:7D:A0:C0,사당,1002
00:30:0D:75:BD:80,사당,1002
00:30:0D:61:1C:F2,낙성대,1002
00:30:0D:61:34:DA,낙성대,1002
00:30:0D:61:1C:CA,낙성대,1002
00:30:0D:61:25:56,낙성대,1002
00:30:0D:61:25:4E,낙성대,1002
00:30:0D:61:1C:FA,낙성대,1002
00:30:0D:75:BF:80,서울대입구,1002
00:1D:93:0B:E3:1D,용산,1001
00:1D:93:0C:0D:DD,용산,1001
00:1D:93:21:CD:F3,용산,1001
00:1D:93:0B:E2:FE,용산,1001
00:1D:93:08:DB:DE,용산,1001
00:1D:93:0B:EB:79,용산,1001
00:1D:93:21:CF:31,노량진,1001
00:1D:93:08:DA:F9,노량진,1001
00:1D:93:00:63:0C,노량진,1001
00:1D:93:0B:EE:53,노량진,1001
00:1D:93:08:DD:5B,대방,1001
00:1D:93:0B:E8:C3,대방,1001
00:1D:93:21:CD:B8,대방,1001
00:1D:93:00:64:FD,대방,1001
00:30:0D:61:1D:A2,행당,1005
00:30:0D:63:5F:3C,행당,1005
00:30:0D:61:25:92,행당,1005
00:30:0D:74:CC:A0,왕십리,1005
00:30:0D:73:3C:40,왕십리,1005
00:30:0D:74:49:60,왕십리,1005
00:30:0D:80:F6:A0,왕십리,1005
00:30:0D:73:3C:E0,왕십리,1005
00:30:0D:73:0D:40,왕십리,1005
00:30:0D:73:0C:80,왕십리,1005
00:30:0D:61:29:E4,마장,1005
00:30:0D:61:1D:D2,마장,1005
00:30:0D:61:1D:C6,마장,1005
00:30:0D:61:26:32,마장,1005
00:30:0D:61:1D:B2,마장,1005
00:30:0D:61:24:94,마장,1005
00:30:0D:61:06:72,답십리,1005
00:30:0D:60:F7:A2,답십리,1005
00:30:0D:60:F7:6C,답십리,1005
00:30:0D:61:06:9E,답십리,1005
00:30:0D:60:F7:92,답십리,1005
00:30:0D:7D:EF:00,답십리,1005
00:30:0D:61:24:DE,장한평,1005
00:30:0D:61:25:04,장한평,1005
00:30:0D:61:1C:26,장한평,1005
00:30:0D:61:1C:6A,장한평,1005
00:30:0D:61:36:10,장한평,1005
00:30:0D:61:1C:90,장한평,1005
00:30:0D:7E:9F:00,군자,1005
00:30:0D:7F:1D:C0,군자,1005
00:30:0D:7E:9F:40,군자,1005
00:30:0D:7F:F1:20,군자,1005
00:30:0D:7F:1E:00,군자,1005
00:30:0D:7F:F8:80,군자,1005
00:30:0D:61:1D:B6,아차산,1005
00:30:0D:61:1D:98,아차산,1005
00:30:0D:61:1D:90,아차산,1005
00:30:0D:61:1D:9A,아차산,1005
00:30:0D:61:26:00,아차산,1005
00:30:0D:61:1D:D0,광나루,1005
00:30:0D:61:2B:D0,광나루,1005
00:30:0D:61:1C:04,광나루,1005
00:30:0D:61:1D:92,광나루,1005
00:30:0D:61:25:E0,광나루,1005
00:30:0D:7B:74:A0,천호,1005
00:30:0D:7E:5C:C0,천호,1005
00:30:0D:7D:93:E0,천호,1005
00:30:0D:7E:5C:E0,천호,1005
00:30:0D:7E:51:C0,천호,1005
00:30:0D:7E:DC:A0,강동,1005
00:30:0D:75:C8:00,강동,1005
00:30:0D:5D:CB:CA,신대방삼거리,1007
00:30:0D:78:50:B0,신당,1002
00:30:0D:74:4A:50,신당,1002
00:30:0D:75:41:70,왕십리,1002
00:30:0D:74:C6:D0,왕십리,1002
00:30:0D:74:C4:90,왕십리,1002
00:30:0D:81:07:10,왕십리,1002
00:30:0D:74:48:90,왕십리,1002
00:30:0D:74:50:70,왕십리,1002
00:30:0D:74:4E:30,왕십리,1002
00:30:0D:74:4F:10,왕십리,1002
00:30:0D:74:47:70,왕십리,1002
00:30:0D:74:C4:70,왕십리,1002
00:30:0D:74:52:70,왕십리,1002
00:30:0D:77:C4:90,건대입구,1002
00:30:0D:71:FF:90,건대입구,1002
00:30:0D:75:4D:D0,건대입구,1002
00:30:0D:75:4F:B0,건대입구,1002
00:30:0D:80:5A:50,건대입구,1002
00:30:0D:75:D4:50,건대입구,1002
00:30:0D:72:18:30,건대입구,1002
00:30:0D:76:79:70,건대입구,1002
00:30:0D:7B:76:50,잠실,1002
00:30:0D:75:41:90,잠실,1002
00:30:0D:74:CB:D0,잠실,1002
10:E3:C7:04:2D:C0,잠실,1002
00:30:0D:75:C0:10,잠실,1002
00:30:0D:75:44:B0,잠실,1002
10:E3:C7:04:2D:B0,잠실,1002
10:E3:C7:04:2D:BC,잠실,1002
00:30:0D:71:DE:90,잠실,1002
00:30:0D:71:BD:D0,잠실,1002
00:07:89:14:49:f4,무악재,1003
00:40:5a:b0:40:82,무악재,1003
00:40:5a:b0:40:83,무악재,1003
00:16:1f:03:6b:4f,무악재,1003
02:07:89:14:49:f4,무악재,1003
02:07:89:14:49:f9,무악재,1003
02:07:89:14:4a:b0,무악재,1003
00:16:1f:03:6b:4e,무악재,1003
00:40:5a:af:bf:e2,무악재,1003
00:40:5a:af:bf:e3,무악재,1003
00:07:89:14:4a:1d,무악재,1003
00:40:5a:b0:03:ba,무악재,1003
02:07:89:14:49:f8,무악재,1003
00:07:89:14:49:f8,무악재,1003
02:07:89:14:4a:1c,무악재,1003
12:16:1f:03:3f:3b,무악재,1003
00:40:5a:b0:35:42,무악재,1003
00:07:89:14:4a:1c,무악재,1003
00:16:1f:03:3f:3b,무악재,1003
00:40:5a:b0:02:e2,무악재,1003
00:40:5a:b0:35:43,무악재,1003
00:40:5a:b0:02:e3,무악재,1003
00:16:1f:03:3f:3a,무악재,1003
00:07:89:14:4a:11,무악재,1003
12:16:1f:03:3f:3a,무악재,1003
12:16:1f:03:67:eb,무악재,1003
02:07:89:14:4a:11,무악재,1003
00:40:5a:b0:03:bb,무악재,1003
00:16:1f:03:67:eb,무악재,1003
00:16:1f:03:67:ea,무악재,1003
00:07:89:14:4a:09,무악재,1003
02:07:89:14:4a:09,무악재,1003
00:16:1f:03:40:4b,무악재,1003
02:07:89:14:4a:08,무악재,1003
12:16:1f:03:40:4a,무악재,1003
00:40:5a:af:ad:92,무악재,1003
00:16:1f:03:40:4a,무악재,1003
00:40:5a:af:ad:93,무악재,1003
00:07:89:14:4a:b0,무악재,1003
02:07:89:14:4a:10,무악재,1003
12:16:1f:03:40:4b,무악재,1003
00:07:89:14:4a:10,무악재,1003
00:07:89:14:4a:08,무악재,1003
00:40:5a:b0:16:73,무악재,1003
00:40:5a:b0:16:72,무악재,1003
12:16:1f:03:67:ea,무악재,1003
00:07:89:14:4a:c5,독립문,1003
22:e3:c7:05:3d:fa,개화산,1005
00:40:5a:bb:96:2a,신천,1002
06:30:0d:60:f2:98,신천,1002
00:25:a6:a5:17:e1,신천,1002
00:40:5a:bb:96:2b,신천,1002
00:30:0d:60:f2:98,신천,1002
00:40:5a:bb:86:d3,신천,1002
06:30:0d:61:29:e8,신천,1002
00:40:5a:bb:52:1a,신천,1002
00:40:5a:b8:38:3a,신천,1002
00:40:5a:bb:52:1b,신천,1002
06:30:0d:4f:72:97,신천,1002
00:40:5a:bb:95:0a,신천,1002
00:25:a6:a5:28:d0,신천,1002
00:40:5a:b8:38:3b,신천,1002
00:30:0d:4f:72:97,신천,1002
06:30:0d:61:36:0e,신천,1002
00:25:a6:a5:05:bb,신천,1002
00:40:5a:bb:a8:72,신천,1002
00:30:0d:61:29:e8,신천,1002
00:30:0d:61:36:0e,신천,1002
00:25:a6:a5:05:bc,신천,1002
00:40:5a:bb:95:0b,신천,1002
0a:30:0d:74:48:91,왕십리,1002
06:30:0d:74:48:81,왕십리,1002
00:40:5a:b0:1c:8b,왕십리,1002
02:07:89:0f:d9:41,왕십리,1002
00:30:0d:74:48:90,왕십리,1002
00:30:0d:74:48:80,왕십리,1002
06:30:0d:81:07:01,왕십리,1002
02:07:89:0f:d9:44,왕십리,1002
00:30:0d:81:07:00,왕십리,1002
00:40:5a:b0:0d:e3,왕십리,1002
00:07:89:0f:d9:44,왕십리,1002
02:17:b2:02:4e:16,왕십리,1002
00:40:5a:b0:04:a3,왕십리,1002
00:40:5a:92:1c:4a,을지로3가,1002
00:09:b4:61:56:ba,을지로3가,1002
0a:30:0d:78:45:b1,을지로3가,1002
06:30:0d:78:45:a1,을지로3가,1002
00:40:5a:92:1c:4b,을지로3가,1002
0a:30:0d:82:03:51,사당,1002
00:07:89:0f:23:8a,사당,1002
0a:30:0d:75:bd:91,사당,1002
06:30:0d:82:03:41,사당,1002
00:30:0d:82:03:50,사당,1002
00:07:89:0f:23:76,사당,1002
00:40:5a:af:55:5a,사당,1002
00:30:0d:75:bd:90,사당,1002
02:07:89:0f:23:8a,사당,1002
00:30:0d:74:64:00,사당,1002
00:40:5a:af:7b:62,사당,1002
06:30:0d:75:43:21,사당,1002
00:07:89:0f:22:cf,사당,1002
00:07:89:0f:22:ce,사당,1002
02:09:b4:61:19:26,신도림,1002
00:30:0d:73:36:e0,신도림,1002
06:17:b2:04:3e:62,신도림,1002
00:07:89:10:5b:b7,신도림,1002
00:09:b4:61:19:26,신도림,1002
0a:30:0d:73:36:f1,신도림,1002
00:07:89:10:56:6e,신도림,1002
0a:30:0d:74:4c:91,신도림,1002
02:17:b2:02:63:42,신도림,1002
02:17:b2:02:3e:6a,신도림,1002
02:07:89:10:5b:b7,신도림,1002
04:17:b2:04:3e:60,신도림,1002
02:09:b4:61:19:27,신도림,1002
00:30:0d:73:36:f0,신도림,1002
00:30:0d:74:4c:90,신도림,1002
02:09:b4:61:18:77,신도림,1002
02:17:b2:02:63:40,신도림,1002
0a:30:0d:73:5d:f1,신도림,1002
00:30:0d:73:5d:f0,신도림,1002
02:07:89:10:56:6e,신도림,1002
02:17:b2:02:3e:62,신도림,1002
00:40:5a:b8:84:c3,마두,1003
00:40:5a:af:14:e2,봉천,1002
00:40:5a:b8:84:c2,마두,1003
06:30:0d:74:f0:21,신도림,1002
04:17:b2:04:62:b0,신도림,1002
02:07:89:10:41:ed,신도림,1002
00:30:0d:74:f0:20,신도림,1002
00:09:b4:61:18:76,신도림,1002
06:17:b2:04:3e:6a,신도림,1002
06:17:b2:04:63:42,신도림,1002
02:17:b2:02:67:8a,신도림,1002
06:17:b2:04:67:8a,신도림,1002
02:09:b4:61:18:76,신도림,1002
04:17:b2:04:63:40,신도림,1002
04:17:b2:04:3e:68,신도림,1002
02:09:b4:61:1a:f3,신도림,1002
02:17:b2:02:3e:68,신도림,1002
04:17:b2:04:67:88,신도림,1002
02:17:b2:02:67:88,신도림,1002
02:07:89:10:3e:a9,신도림,1002
00:30:0d:77:fd:80,신도림,1002
0a:30:0d:74:f0:31,신도림,1002
00:09:b4:61:18:d7,신도림,1002
00:09:b4:61:1a:f2,신도림,1002
06:30:0d:78:43:61,신도림,1002
00:30:0d:74:f0:30,신도림,1002
02:09:b4:61:18:d7,신도림,1002
02:09:b4:61:1a:f2,신도림,1002
00:30:0d:78:43:60,신도림,1002
00:09:b4:61:18:d6,신도림,1002
02:09:b4:61:18:d6,신도림,1002
02:17:b2:02:4e:1a,신도림,1002
02:17:b2:02:4e:18,신도림,1002
06:30:0d:61:3d:4a,신림,1002
00:25:a6:a2:1a:ec,신림,1002
00:40:5a:af:1e:7a,신림,1002
00:40:5a:af:28:32,신림,1002
06:30:0d:61:2d:82,신림,1002
00:40:5a:af:75:92,신림,1002
00:30:0d:61:3d:4a,신림,1002
00:25:a6:a2:1a:ed,신림,1002
00:40:5a:af:1e:7b,신림,1002
00:40:5a:af:28:33,신림,1002
00:30:0d:61:2d:82,신림,1002
00:40:5a:af:75:93,신림,1002
00:25:a6:a2:1a:fe,신림,1002
00:40:5a:af:16:82,신림,1002
00:25:a6:a2:1a:ff,신림,1002
00:40:5a:af:16:83,신림,1002
00:25:a6:a2:34:d8,신림,1002
00:25:a6:a2:34:d9,신림,1002
06:30:0d:54:c8:c7,신림,1002
00:40:5a:b0:07:7b,왕십리,1002
02:07:89:0f:d9:50,왕십리,1002
00:30:0d:74:c4:60,왕십리,1002
00:30:0d:74:4f:10,왕십리,1002
00:30:0d:74:4f:00,왕십리,1002
02:07:89:0f:d9:5c,왕십리,1002
00:40:5a:b0:03:1b,왕십리,1002
00:30:0d:74:47:70,왕십리,1002
02:07:89:0f:d9:61,왕십리,1002
00:40:5a:b0:07:fb,왕십리,1002
00:30:0d:74:47:60,왕십리,1002
00:30:0d:74:52:70,왕십리,1002
00:30:0d:74:52:60,왕십리,1002
02:07:89:0f:d9:4d,왕십리,1002
02:07:89:0f:d9:3d,왕십리,1002
00:40:5a:b0:0f:73,왕십리,1002
00:07:89:0f:d9:5c,왕십리,1002
00:40:5a:b0:07:fa,왕십리,1002
00:40:5a:b0:04:a2,왕십리,1002
02:07:89:0f:d9:49,왕십리,1002
00:40:5a:af:e1:eb,왕십리,1002
0a:30:0d:74:c4:71,왕십리,1002
0a:30:0d:74:c4:91,왕십리,1002
02:07:89:0f:d9:60,왕십리,1002
02:07:89:0f:d9:4c,왕십리,1002
00:30:0d:74:c4:70,왕십리,1002
00:40:5a:b8:2b:fb,왕십리,1002
00:40:5a:bf:ea:9b,왕십리,1002
00:30:0d:74:c4:80,왕십리,1002
00:07:89:0f:d9:4c,왕십리,1002
00:07:89:0f:d9:60,왕십리,1002
00:40:5a:bf:ea:9a,왕십리,1002
00:07:89:0f:d9:45,왕십리,1002
00:07:89:0f:24:37,왕십리,1002
02:07:89:0f:d9:45,왕십리,1002
02:07:89:0f:24:37,왕십리,1002
00:40:5a:b0:0f:72,왕십리,1002
00:07:89:0f:d9:41,왕십리,1002
00:40:5a:b0:1c:8a,왕십리,1002
00:09:b4:61:1b:4e,합정,1002
02:09:b4:61:19:de,합정,1002
00:40:5a:b0:2e:8b,합정,1002
00:40:5a:b0:2e:8a,합정,1002
00:40:5a:b0:35:8a,홍대입구,1002
00:07:89:0f:23:eb,홍대입구,1002
00:40:5a:b0:44:2a,홍대입구,1002
00:07:89:0f:24:03,홍대입구,1002
0a:30:0d:74:bb:11,홍대입구,1002
00:07:89:0f:23:ef,홍대입구,1002
00:40:5a:b0:35:8b,홍대입구,1002
02:07:89:0f:23:ea,홍대입구,1002
02:07:89:0f:23:eb,홍대입구,1002
00:30:0d:74:bb:00,홍대입구,1002
00:40:5a:b0:44:2b,홍대입구,1002
00:30:0d:74:bb:10,홍대입구,1002
02:07:89:0f:23:ef,홍대입구,1002
06:30:0d:74:bb:01,홍대입구,1002
00:40:5a:b0:40:8a,홍대입구,1002
00:40:5a:af:e0:52,홍대입구,1002
02:07:89:0f:24:03,홍대입구,1002
00:30:0d:81:07:e0,홍대입구,1002
02:07:89:0f:24:02,홍대입구,1002
00:40:5a:af:e0:53,홍대입구,1002
06:30:0d:81:07:e1,홍대입구,1002
10:e3:c7:05:63:07,삼송,1003
00:40:5a:b8:7e:db,삼송,1003
10:e3:c7:05:62:fe,삼송,1003
00:40:5a:b7:b3:3b,삼송,1003
00:30:0D:74:C8:00,을지로입구,1002
00:30:0D:72:2C:A0,을지로입구,1002
00:30:0D:71:BF:00,을지로입구,1002
00:30:0D:71:BB:40,을지로입구,1002
00:30:0D:54:85:29,을지로입구,1002
00:30:0D:75:C2:40,을지로3가,1002
00:30:0D:78:45:A0,을지로3가,1002
00:30:0D:73:37:C0,을지로3가,1002
00:30:0D:61:03:BA,을지로3가,1002
00:30:0D:60:F5:1E,을지로3가,1002
00:30:0D:60:F2:32,을지로3가,1002
00:30:0D:75:D8:A0,을지로3가,1002
00:30:0D:75:D8:60,을지로3가,1002
00:30:0D:73:0B:40,을지로3가,1002
00:30:0D:75:44:80,을지로3가,1002
00:30:0D:57:D5:85,을지로4가,1002
00:30:0D:75:40:E0,을지로4가,1002
00:30:0D:61:02:5A,을지로4가,1002
00:30:0D:61:01:D6,을지로4가,1002
00:30:0D:60:F2:0C,을지로4가,1002
00:30:0d:78:50:a0,신당,1002
00:40:5a:91:e7:fb,신당,1002
02:09:b4:61:41:f6,신당,1002
00:30:0d:73:3b:20,신당,1002
00:30:0d:73:3b:30,신당,1002
0a:30:0d:73:3b:31,신당,1002
00:40:5a:91:f1:fa,신당,1002
0a:30:0d:75:59:71,신당,1002
0a:30:0d:75:41:b1,신당,1002
00:40:5a:91:f2:1a,신당,1002
06:30:0d:75:41:b1,신당,1002
06:30:0d:75:59:61,신당,1002
00:40:5a:b8:43:2a,신당,1002
02:09:b4:61:42:3f,신당,1002
02:09:b4:61:41:f7,신당,1002
00:30:0d:75:59:70,신당,1002
00:30:0d:75:59:60,신당,1002
00:40:5a:91:f1:fb,신당,1002
02:09:b4:61:42:43,신당,1002
00:30:0d:75:41:b0,신당,1002
02:09:b4:61:42:3e,신당,1002
00:30:0d:75:41:a0,신당,1002
00:40:5a:b8:43:2b,신당,1002
00:40:5a:91:f2:1b,신당,1002
00:30:0d:83:68:a0,연신내,1003
00:30:0d:83:76:00,연신내,1003
0a:30:0d:74:c8:11,을지로입구,1002
06:30:0d:74:c8:01,을지로입구,1002
00:07:89:0f:22:36,을지로입구,1002
00:40:5a:92:19:a2,을지로입구,1002
00:07:89:0f:22:2f,을지로입구,1002
0a:30:0d:72:2c:b1,을지로입구,1002
00:07:89:0f:24:8e,을지로입구,1002
00:07:89:0f:24:8f,을지로입구,1002
00:40:5a:92:28:6a,을지로입구,1002
06:30:0d:72:2c:a1,을지로입구,1002
00:07:89:0f:24:93,을지로입구,1002
06:30:0d:52:d1:4c,을지로입구,1002
06:30:0d:71:f0:91,을지로입구,1002
00:40:5a:91:fd:cb,을지로입구,1002
00:30:0d:75:4e:70,을지로입구,1002
02:07:89:0f:22:43,을지로입구,1002
02:07:89:0f:22:37,을지로입구,1002
02:07:89:0f:22:42,을지로입구,1002
00:40:5a:91:fc:bb,을지로입구,1002
00:30:0d:74:c8:10,을지로입구,1002
02:07:89:0f:22:36,을지로입구,1002
00:30:0d:74:c8:00,을지로입구,1002
00:40:5a:92:19:a3,을지로입구,1002
00:30:0d:72:2c:b0,을지로입구,1002
02:07:89:0f:22:2f,을지로입구,1002
02:07:89:0f:24:8e,을지로입구,1002
02:07:89:0f:24:8f,을지로입구,1002
00:40:5a:92:28:6b,을지로입구,1002
00:30:0d:72:2c:a0,을지로입구,1002
02:07:89:0f:24:93,을지로입구,1002
00:40:5a:91:ed:5b,을지로입구,1002
00:30:0d:71:f0:80,을지로입구,1002
00:07:89:0f:24:92,을지로입구,1002
0a:30:0d:71:bb:51,을지로입구,1002
06:30:0d:71:bb:41,을지로입구,1002
00:40:5a:92:1b:62,을지로입구,1002
0a:30:0d:71:f0:91,을지로입구,1002
00:40:5a:c3:e9:42,을지로입구,1002
00:30:0d:52:d1:4c,을지로입구,1002
02:07:89:0f:22:2e,을지로입구,1002
00:30:0d:71:bb:40,을지로입구,1002
00:30:0d:71:bb:50,을지로입구,1002
00:40:5a:92:1b:63,을지로입구,1002
02:07:89:0f:22:03,을지로입구,1002
00:07:89:0f:22:03,을지로입구,1002
00:40:5a:92:2f:da,을지로입구,1002
00:07:89:0f:22:4b,을지로입구,1002
06:30:0d:78:45:41,을지로입구,1002
02:07:89:0f:24:92,을지로입구,1002
00:40:5a:c3:e9:43,을지로입구,1002
00:40:5a:92:2f:db,을지로입구,1002
00:30:0d:78:45:40,을지로입구,1002
00:40:5a:91:ed:5a,을지로입구,1002
00:07:89:0f:22:2e,을지로입구,1002
0a:30:0d:78:45:51,을지로입구,1002
00:40:5a:91:fc:b2,을지로입구,1002
02:07:89:0f:22:4b,을지로입구,1002
00:40:5a:91:fc:b3,을지로입구,1002
00:30:0d:78:45:50,을지로입구,1002
00:30:0D:61:03:B0,을지로4가,1002
00:30:0D:61:0D:68,을지로4가,1002
00:30:0D:60:F2:30,을지로4가,1002
00:30:0D:61:02:62,을지로4가,1002
00:30:0D:60:F2:22,을지로4가,1002
00:30:0D:60:E8:20,을지로4가,1002
00:30:0D:74:5F:40,을지로4가,1002
00:30:0D:75:D8:00,을지로4가,1002
00:30:0D:74:D0:40,을지로4가,1002
00:30:0D:74:4F:C0,을지로4가,1002
00:30:0D:75:BE:00,을지로4가,1002
00:30:0D:75:59:40,을지로4가,1002
00:30:0D:74:56:00,을지로4가,1002
00:30:0D:72:12:C0,을지로4가,1002
00:30:0D:73:3B:40,동대문역사문화공원,1002
00:30:0D:74:DF:C0,동대문역사문화공원,1002
00:30:0D:74:65:20,동대문역사문화공원,1002
00:30:0D:74:DF:E0,동대문역사문화공원,1002
00:30:0D:74:64:A0,동대문역사문화공원,1002
00:30:0D:74:64:60,동대문역사문화공원,1002
00:30:0D:74:E0:40,동대문역사문화공원,1002
00:30:0D:74:4C:00,신당,1002
00:30:0D:75:59:60,신당,1002
00:30:0D:75:BE:C0,신당,1002
00:30:0D:75:41:A0,신당,1002
00:30:0D:75:BF:A0,신당,1002
00:30:0D:73:3B:20,신당,1002
00:30:0D:78:50:A0,신당,1002
00:30:0D:74:4A:40,신당,1002
00:30:0D:61:28:1E,상왕십리,1002
00:30:0D:61:33:E2,상왕십리,1002
00:30:0D:61:28:00,상왕십리,1002
00:30:0D:61:33:E4,상왕십리,1002
00:30:0D:61:28:16,상왕십리,1002
00:30:0D:61:1A:BC,상왕십리,1002
00:30:0D:61:33:DA,상왕십리,1002
00:30:0D:61:2C:AE,상왕십리,1002
00:30:0D:61:33:E0,상왕십리,1002
00:30:0D:75:41:60,왕십리,1002
00:30:0D:74:C6:C0,왕십리,1002
00:30:0D:74:C4:80,왕십리,1002
00:30:0D:81:07:00,왕십리,1002
00:30:0D:74:48:80,왕십리,1002
00:30:0D:74:50:60,왕십리,1002
00:30:0D:74:4E:20,왕십리,1002
00:30:0D:74:4F:00,왕십리,1002
00:30:0D:74:47:60,왕십리,1002
00:30:0D:74:C4:60,왕십리,1002
00:30:0D:74:52:60,왕십리,1002
00:17:B2:01:AC:D8,뚝섬,1002
00:17:B2:01:AB:70,뚝섬,1002
00:17:B2:01:AB:68,뚝섬,1002
00:17:B2:01:AC:F0,뚝섬,1002
00:17:B2:01:AD:18,뚝섬,1002
00:17:B2:01:A8:D0,뚝섬,1002
00:17:B2:01:AD:08,성수,1002
00:17:B2:01:AB:30,성수,1002
00:17:B2:01:AA:D8,성수,1002
00:17:B2:01:AC:F8,성수,1002
00:17:B2:01:A8:E0,성수,1002
00:17:B2:01:A9:28,성수,1002
00:30:0D:77:C4:80,건대입구,1002
00:30:0D:71:FF:80,건대입구,1002
00:30:0D:75:4D:C0,건대입구,1002
00:30:0D:75:4F:A0,건대입구,1002
00:30:0D:80:5A:40,건대입구,1002
00:30:0D:75:D4:40,건대입구,1002
00:30:0D:72:18:20,건대입구,1002
00:30:0D:76:79:60,건대입구,1002
00:17:B2:01:A8:F8,구의,1002
00:17:B2:01:AB:50,구의,1002
00:17:B2:01:A9:00,구의,1002
00:17:B2:01:AD:58,구의,1002
00:17:B2:01:A8:A8,구의,1002
00:17:B2:01:AD:20,구의,1002
00:30:0D:73:19:2F,동작,1009
00:30:0D:74:4D:AF,동작,1009
00:30:0D:72:BB:AF,동작,1009
00:30:0D:73:48:4F,동작,1009
00:30:0D:73:49:0F,동작,1009
00:30:0D:74:4F:AF,동작,1009
00:30:0D:72:BD:6F,동작,1009
00:30:0D:5D:DC:79,구반포,1009
00:30:0D:5D:CC:CF,구반포,1009
00:30:0D:5D:DC:73,구반포,1009
00:30:0D:5D:CC:D9,구반포,1009
00:30:0D:5D:CC:C7,구반포,1009
00:30:0D:5D:EA:45,구반포,1009
00:07:89:0f:22:4a,을지로입구,1002
02:07:89:0f:22:4a,을지로입구,1002
02:17:b2:02:58:d4,이대,1002
00:40:5a:b0:11:aa,이대,1002
0a:30:0d:74:4e:d1,이대,1002
06:30:0d:74:4e:d1,이대,1002
00:40:5a:af:e3:e2,이대,1002
00:09:b4:61:1a:1f,이대,1002
00:09:b4:61:1b:07,이대,1002
00:40:5a:b0:0a:b2,이대,1002
00:40:5a:b0:34:8a,이대,1002
00:40:5a:b0:03:6a,이대,1002
0a:30:0d:74:cf:51,이대,1002
12:e3:c7:04:2c:24,이대,1002
00:09:b4:61:19:6f,이대,1002
00:40:5a:af:da:1a,이대,1002
06:30:0d:74:4e:b1,이대,1002
00:30:0d:74:4e:c0,이대,1002
00:30:0d:74:4e:d0,이대,1002
00:40:5a:b0:11:ab,이대,1002
00:40:5a:b0:0a:b3,이대,1002
02:09:b4:61:1a:1f,이대,1002
02:09:b4:61:1b:07,이대,1002
00:40:5a:af:e3:e3,이대,1002
00:40:5a:b0:34:8b,이대,1002
10:e3:c7:04:2c:23,이대,1002
10:e3:c7:04:2c:24,이대,1002
00:40:5a:b0:03:6b,이대,1002
00:30:0d:74:cf:50,이대,1002
00:40:5a:b0:43:32,금호,1003
10:e3:c7:05:0a:ef,금호,1003
00:40:5a:b8:58:5b,삼송,1003
00:07:89:14:6c:0c,삼송,1003
22:e3:c7:05:63:0a,삼송,1003
00:40:5a:b8:55:6a,삼송,1003
00:07:89:14:6c:34,삼송,1003
00:40:5a:b8:55:6b,삼송,1003
10:e3:c7:05:63:0a,삼송,1003
02:07:89:14:6c:34,삼송,1003
02:07:89:14:6c:31,삼송,1003
00:40:5a:b8:58:5a,삼송,1003
22:e3:c7:05:62:fa,삼송,1003
02:07:89:14:6c:0c,삼송,1003
22:e3:c7:05:62:fb,삼송,1003
02:07:89:14:6c:30,삼송,1003
00:17:b2:01:ac:32,지축,1003
00:07:89:14:58:61,지축,1003
00:40:5a:b0:16:e2,지축,1003
00:07:89:14:58:41,지축,1003
00:40:5a:b0:03:aa,지축,1003
00:07:89:14:58:75,지축,1003
00:17:b2:01:ac:e2,지축,1003
00:40:5a:b0:16:e3,지축,1003
00:17:b2:01:ac:30,지축,1003
02:07:89:14:58:61,지축,1003
00:40:5a:b0:03:ab,지축,1003
02:07:89:14:58:41,지축,1003
02:07:89:14:58:75,지축,1003
00:17:b2:01:ac:e0,지축,1003
00:40:5a:b0:22:1a,지축,1003
00:40:5a:b0:22:1b,지축,1003
00:07:89:14:58:40,지축,1003
02:07:89:14:58:40,지축,1003
02:07:89:14:58:60,지축,1003
00:17:b2:01:ab:82,지축,1003
00:17:b2:01:ab:80,지축,1003
00:40:5a:af:f6:02,지축,1003
00:40:5a:af:f6:03,지축,1003
00:17:b2:01:a8:9a,지축,1003
00:17:b2:01:a8:98,지축,1003
00:07:89:14:58:60,지축,1003
00:07:89:14:58:74,지축,1003
02:07:89:14:58:74,지축,1003
06:30:0d:74:4e:81,구파발,1003
0a:30:0d:74:4e:91,구파발,1003
00:07:89:0f:23:f3,구파발,1003
0a:30:0d:75:d9:51,구파발,1003
06:30:0d:75:d9:41,구파발,1003
00:40:5a:b0:1c:e2,구파발,1003
02:07:89:0f:24:07,구파발,1003
00:30:0d:74:4e:90,구파발,1003
02:07:89:0f:23:f3,구파발,1003
00:30:0d:74:4e:80,구파발,1003
00:30:0d:75:d9:50,구파발,1003
00:40:5a:af:b0:03,구파발,1003
00:30:0d:75:d9:40,구파발,1003
00:40:5a:b0:1c:e3,구파발,1003
00:40:5a:af:b0:02,구파발,1003
00:40:5a:b0:05:c3,구파발,1003
00:30:0D:5D:EF:6F,신반포,1009
00:30:0D:54:5D:2C,신반포,1009
00:30:0D:5D:EF:4D,신반포,1009
00:30:0D:5D:D1:AB,신반포,1009
00:30:0D:5D:D1:9D,신반포,1009
00:30:0D:5D:DB:AB,고속터미널,1009
00:30:0D:5D:CB:FB,고속터미널,1009
00:30:0D:5D:D9:AD,고속터미널,1009
00:30:0D:5D:DB:AF,고속터미널,1009
00:30:0D:5D:DB:B1,고속터미널,1009
00:30:0D:5D:D9:89,고속터미널,1009
00:30:0D:5D:CC:01,고속터미널,1009
00:30:0D:5D:CC:11,고속터미널,1009
00:30:0D:5D:DB:B7,고속터미널,1009
00:30:0D:5D:CB:FF,고속터미널,1009
00:30:0D:5D:D7:A7,사평,1009
00:30:0D:5D:D6:DF,사평,1009
00:30:0D:5D:D0:5D,사평,1009
00:30:0D:5D:D0:6F,사평,1009
00:30:0D:5D:D6:D1,사평,1009
00:30:0D:5D:D7:23,사평,1009
00:30:0D:5D:D6:EB,사평,1009
00:30:0D:5D:F0:3D,신논현,1009
00:30:0D:5D:F0:39,신논현,1009
00:30:0D:5D:CF:11,신논현,1009
00:30:0D:5D:EA:F7,신논현,1009
00:30:0D:5D:D1:0D,신논현,1009
00:30:0D:5D:EA:EB,신논현,1009
00:30:0D:5D:DE:A1,신논현,1009
00:30:0D:5D:DE:A5,신논현,1009
00:30:0D:5D:D7:B5,신논현,1009
00:30:0D:5D:CF:0D,신논현,1009
00:30:0D:5D:CF:01,신논현,1009
00:16:1F:03:7D:C6,공항시장,1009
00:16:1F:03:66:82,공항시장,1009
00:16:1F:03:81:F2,공항시장,1009
00:16:1F:03:7E:36,공항시장,1009
00:16:1F:03:82:0E,신방화,1009
00:16:1F:03:80:AE,신방화,1009
00:16:1F:03:81:D2,신방화,1009
00:16:1F:03:2B:7A,신방화,1009
00:16:1F:03:33:C2,신방화,1009
00:16:1F:03:5F:AE,신방화,1009
00:16:1F:03:80:3E,신방화,1009
00:16:1F:03:83:12,양천향교,1009
00:16:1F:03:7F:2A,가양,1009
00:30:0D:5D:D7:A2,가양,1009
00:16:1F:03:6C:E2,가양,1009
00:16:1F:03:80:86,가양,1009
00:16:1F:03:7E:2E,가양,1009
00:16:1F:03:60:2A,가양,1009
00:30:0D:5D:D7:2C,증미,1009
00:30:0D:5D:D7:32,증미,1009
00:30:0D:5D:D7:3A,증미,1009
00:30:0D:5D:D0:8E,증미,1009
00:30:0D:5D:D0:36,증미,1009
00:30:0D:5D:D7:1A,증미,1009
00:30:0D:5D:D8:98,등촌,1009
00:30:0D:5D:DA:74,등촌,1009
00:30:0D:5D:D6:E8,등촌,1009
00:30:0D:5D:D0:3C,등촌,1009
00:30:0D:62:0B:F0,등촌,1009
00:30:0D:5D:D7:D4,등촌,1009
00:30:0D:5D:D8:78,염창,1009
00:30:0D:5D:D6:E0,염창,1009
00:30:0D:5D:D6:EE,염창,1009
00:30:0D:5D:D6:EC,염창,1009
22:e3:c7:05:1a:67,답십리,1005
22:e3:c7:05:1a:4f,답십리,1005
00:30:0d:71:ff:80,건대입구,1002
00:30:0d:71:ff:90,건대입구,1002
5a:08:fa:00:2c:f3,건대입구,1002
5a:08:fa:00:2c:f2,건대입구,1002
5a:08:fa:00:2d:07,건대입구,1002
00:40:5a:c4:30:d3,건대입구,1002
00:40:5a:c3:ff:6b,건대입구,1002
58:08:fa:00:2c:f7,건대입구,1002
06:30:0d:77:c4:81,건대입구,1002
00:40:5a:c4:30:ea,건대입구,1002
00:30:0d:74:6a:e0,구파발,1003
00:07:89:0f:24:07,구파발,1003
00:07:89:0f:23:f2,구파발,1003
02:07:89:0f:23:f2,구파발,1003
0a:30:0d:74:6a:f1,구파발,1003
06:30:0d:74:da:e1,구파발,1003
06:30:0d:74:6a:e1,구파발,1003
00:30:0d:74:6a:f0,구파발,1003
00:40:5a:b0:05:c2,구파발,1003
00:07:89:0f:23:fb,구파발,1003
00:07:89:0f:24:06,구파발,1003
00:07:89:0f:23:fa,구파발,1003
06:30:0d:74:5f:21,구파발,1003
02:07:89:0f:23:fb,구파발,1003
02:07:89:0f:23:fa,구파발,1003
00:30:0d:74:5f:20,구파발,1003
00:40:5a:b0:0a:ba,구파발,1003
00:07:89:0f:24:0a,구파발,1003
02:07:89:0f:24:06,구파발,1003
00:40:5a:b0:0a:bb,구파발,1003
00:40:5a:b0:1d:23,구파발,1003
02:07:89:0f:24:0a,구파발,1003
00:40:5a:bf:c2:8a,경복궁,1003
00:07:89:14:4b:35,경복궁,1003
00:40:5a:bf:c2:8b,경복궁,1003
00:07:89:14:4b:58,경복궁,1003
00:16:1f:03:c8:fb,경복궁,1003
12:16:1f:03:bc:7a,경복궁,1003
00:16:1f:03:bc:7a,경복궁,1003
00:40:5a:bf:b6:7a,경복궁,1003
00:07:89:14:4b:1c,경복궁,1003
12:16:1f:03:b7:df,경복궁,1003
22:e3:c7:05:3d:c6,서대문,1005
10:e3:c7:05:3d:c6,서대문,1005
00:40:5a:bf:ab:1b,충정로,1005
00:30:0D:7D:ED:50,석계,1006
00:30:0D:7F:36:F0,석계,1006
00:30:0D:7F:39:70,석계,1006
00:30:0D:7E:B4:30,석계,1006
00:30:0D:7E:B1:B0,석계,1006
00:17:B2:00:BD:78,장암,1007
00:17:B2:00:BE:00,장암,1007
00:17:B2:00:BD:F0,장암,1007
00:17:B2:00:BD:A2,도봉산,1007
00:17:B2:00:BE:36,도봉산,1007
00:17:B2:00:BE:60,도봉산,1007
00:17:B2:00:BE:96,도봉산,1007
00:17:B2:00:BE:F6,도봉산,1007
00:17:B2:00:BE:5A,도봉산,1007
00:30:0D:62:2D:9F,수락산,1007
00:30:0D:62:2C:93,수락산,1007
00:30:0D:5D:DA:E9,수락산,1007
00:30:0D:5D:CC:E5,수락산,1007
00:30:0D:5D:DC:95,수락산,1007
00:30:0D:5D:DC:8B,수락산,1007
00:30:0D:5D:CB:51,마들,1007
00:30:0D:5D:DB:33,마들,1007
00:30:0D:5D:DA:F7,마들,1007
00:30:0D:5D:DA:FB,마들,1007
00:30:0D:5D:CB:7D,마들,1007
00:30:0D:63:6E:23,마들,1007
00:30:0D:5D:DA:D9,마들,1007
00:30:0D:74:CB:4F,노원,1007
00:30:0D:71:C4:0F,노원,1007
00:30:0D:75:43:CF,노원,1007
00:30:0D:61:13:85,노원,1007
00:30:0D:7F:48:AF,노원,1007
00:30:0D:75:4C:EF,노원,1007
00:30:0D:61:2D:41,중계,1007
00:30:0D:61:18:0F,중계,1007
00:30:0D:61:3C:19,중계,1007
00:30:0D:61:3B:C3,중계,1007
00:30:0D:61:32:19,중계,1007
00:30:0D:61:29:71,중계,1007
00:30:0D:61:37:69,중계,1007
00:30:0D:62:2C:49,하계,1007
00:30:0D:60:F6:FB,하계,1007
00:30:0D:62:35:A7,하계,1007
00:30:0D:62:31:BD,하계,1007
00:30:0D:62:31:B9,하계,1007
00:30:0D:62:2D:27,하계,1007
00:30:0D:62:2D:2B,하계,1007
5a:08:fa:00:2d:06,건대입구,1002
5a:08:fa:00:2c:f7,건대입구,1002
00:30:0d:77:c4:80,건대입구,1002
00:40:5a:c3:fe:eb,건대입구,1002
0a:30:0d:77:c4:91,건대입구,1002
00:40:5a:c3:fe:ea,건대입구,1002
00:40:5a:bf:c0:42,건대입구,1002
06:30:0d:75:d4:41,건대입구,1002
0a:30:0d:80:5a:51,건대입구,1002
00:40:5a:c4:2e:9a,건대입구,1002
00:30:0d:77:c4:90,건대입구,1002
00:40:5a:c4:30:83,건대입구,1002
00:30:0d:75:d4:40,건대입구,1002
00:40:5a:c4:07:a3,건대입구,1002
00:40:5a:bf:c0:43,건대입구,1002
00:30:0d:80:5a:50,건대입구,1002
02:09:b4:61:4c:42,건대입구,1002
0a:30:0d:75:d4:51,건대입구,1002
06:30:0d:80:5a:41,건대입구,1002
00:30:0d:75:d4:50,건대입구,1002
58:08:fa:00:42:e7,건대입구,1002
58:08:fa:00:42:e6,건대입구,1002
58:08:fa:00:2d:1b,건대입구,1002
58:08:fa:00:2d:1a,건대입구,1002
58:08:fa:00:2d:1f,건대입구,1002
00:40:5a:c4:07:a2,건대입구,1002
06:30:0d:72:18:31,건대입구,1002
00:40:5a:c4:30:82,건대입구,1002
58:08:fa:00:2c:ef,건대입구,1002
58:08:fa:00:2d:1e,건대입구,1002
58:08:fa:00:2c:ee,건대입구,1002
0a:30:0d:72:18:31,건대입구,1002
58:08:fa:00:2d:03,건대입구,1002
06:40:5a:de:70:c8,건대입구,1002
0a:30:0d:75:4f:b1,건대입구,1002
0a:30:0d:75:4d:d1,건대입구,1002
0a:30:0d:76:79:71,건대입구,1002
00:30:0d:80:5a:40,건대입구,1002
5a:08:fa:00:42:e7,건대입구,1002
5a:08:fa:00:2d:1b,건대입구,1002
00:40:5a:c4:2e:9b,건대입구,1002
5a:08:fa:00:42:e6,건대입구,1002
5a:08:fa:00:2d:1f,건대입구,1002
5a:08:fa:00:2c:ef,건대입구,1002
00:30:0d:72:18:20,건대입구,1002
00:30:0d:72:18:30,건대입구,1002
00:40:5a:c3:c3:d3,건대입구,1002
5a:08:fa:00:2d:03,건대입구,1002
00:30:0d:76:79:60,건대입구,1002
00:30:0d:75:4f:b0,건대입구,1002
5a:08:fa:00:2d:0f,건대입구,1002
00:30:0d:75:4d:d0,건대입구,1002
0a:40:5a:de:70:c8,건대입구,1002
00:30:0d:76:79:70,건대입구,1002
00:40:5a:c4:24:33,건대입구,1002
06:30:0d:75:4f:a1,건대입구,1002
00:40:5a:c3:c3:d2,건대입구,1002
58:08:fa:00:2d:0f,건대입구,1002
00:40:5a:c4:24:32,건대입구,1002
00:40:5a:c3:b6:9a,건대입구,1002
5a:08:fa:00:2c:ee,건대입구,1002
00:30:0d:75:4f:a0,건대입구,1002
5a:08:fa:00:2d:1a,건대입구,1002
00:40:5a:c4:30:eb,건대입구,1002
5a:08:fa:00:2d:02,건대입구,1002
06:30:0d:75:4d:c1,건대입구,1002
58:08:fa:00:2d:0e,건대입구,1002
06:30:0d:76:79:61,건대입구,1002
58:08:fa:00:2d:02,건대입구,1002
00:40:5a:c3:b6:9b,건대입구,1002
5a:08:fa:00:2d:0e,건대입구,1002
00:30:0d:75:4d:c0,건대입구,1002
00:07:89:0f:23:cb,교대,1002
00:07:89:0f:23:c3,교대,1002
0a:30:0d:74:c9:f1,교대,1002
06:30:0d:7e:db:e1,교대,1002
0a:30:0d:7e:db:f1,교대,1002
00:40:5a:af:3d:d2,교대,1002
00:07:89:0f:23:ca,교대,1002
00:40:5a:a8:49:72,역삼,1002
00:40:5a:bb:50:3a,까치산,1005
06:30:0d:7f:33:81,까치산,1005
00:40:5a:bb:b2:93,까치산,1005
00:30:0d:7f:33:80,까치산,1005
00:40:5a:bb:50:3b,까치산,1005
02:09:b4:61:43:c3,까치산,1005
00:30:0D:5D:CB:29,공릉,1007
00:30:0D:5D:DC:CF,공릉,1007
00:30:0D:5D:CD:C9,공릉,1007
00:30:0D:5D:CD:21,공릉,1007
00:30:0D:5D:CC:95,공릉,1007
00:30:0D:5D:CB:89,공릉,1007
00:30:0D:5D:CD:1F,공릉,1007
00:30:0D:7F:12:AF,태릉입구,1007
00:30:0D:7F:7A:EF,태릉입구,1007
00:30:0D:74:DA:8F,태릉입구,1007
00:30:0D:74:55:4F,태릉입구,1007
00:30:0D:74:D1:4F,태릉입구,1007
00:30:0D:74:CE:0F,태릉입구,1007
00:30:0D:73:7D:0F,태릉입구,1007
00:30:0D:61:34:93,먹골,1007
00:30:0D:61:1D:77,먹골,1007
00:30:0D:61:25:B1,먹골,1007
00:30:0D:62:29:AD,먹골,1007
00:30:0D:61:02:D9,먹골,1007
00:30:0D:61:25:E5,먹골,1007
00:30:0D:61:25:99,먹골,1007
00:30:0D:63:5D:17,중화,1007
00:30:0D:63:5B:25,중화,1007
00:30:0D:63:5D:19,중화,1007
00:30:0D:62:2D:5D,중화,1007
00:30:0D:63:62:4B,중화,1007
00:30:0D:63:62:49,중화,1007
00:30:0D:63:64:39,중화,1007
00:30:0D:7B:E0:2F,상봉,1007
00:30:0D:7C:B4:8F,상봉,1007
00:30:0D:7A:C6:CF,상봉,1007
00:30:0D:7C:AD:4F,상봉,1007
00:30:0D:7D:09:EF,상봉,1007
00:30:0D:7C:C0:4F,상봉,1007
00:30:0D:7B:5E:CF,상봉,1007
00:30:0D:73:DE:8F,상봉,1007
00:30:0D:74:4F:60,시청,1001
00:30:0d:84:4a:40,연신내,1003
00:40:5a:af:af:6a,연신내,1003
02:07:89:0f:da:cc,연신내,1003
00:40:5a:b0:3e:cb,연신내,1003
0a:30:0d:84:4a:52,연신내,1003
00:40:5a:af:af:6b,연신내,1003
02:07:89:0f:d6:b0,연신내,1003
00:30:0d:84:4a:50,연신내,1003
0a:30:0d:74:df:31,불광,1003
06:30:0d:74:df:21,불광,1003
0a:30:0d:75:4e:f1,불광,1003
00:30:0d:74:df:30,불광,1003
00:30:0d:74:df:20,불광,1003
00:30:0d:75:4e:f0,불광,1003
06:30:0d:75:4e:e1,불광,1003
00:30:0d:75:4e:e0,불광,1003
00:30:0d:74:32:20,불광,1003
00:30:0d:74:57:e0,불광,1003
06:30:0d:74:57:e1,불광,1003
00:07:89:0f:d5:2d,불광,1003
00:07:89:0f:d5:35,불광,1003
06:30:0d:74:65:61,불광,1003
02:07:89:0f:d5:2d,불광,1003
02:07:89:0f:d5:39,불광,1003
02:07:89:0f:d5:35,불광,1003
00:30:0d:74:65:60,불광,1003
00:07:89:0f:d5:45,불광,1003
0a:30:0d:74:65:71,불광,1003
00:40:5a:c0:16:da,불광,1003
00:30:0d:74:65:70,불광,1003
02:07:89:0f:d5:45,불광,1003
00:40:5a:c0:16:db,불광,1003
00:40:5a:b0:02:d2,불광,1003
00:07:89:0f:d5:2c,불광,1003
00:07:89:0f:d5:44,불광,1003
02:07:89:0f:d5:2c,불광,1003
00:40:5a:af:fa:e3,불광,1003
00:07:89:0f:d5:39,불광,1003
0a:30:0d:74:57:f1,불광,1003
06:30:0d:74:32:21,불광,1003
00:40:5a:b0:02:d3,불광,1003
00:30:0d:74:57:f0,불광,1003
00:40:5a:b0:0b:6a,불광,1003
00:40:5a:b0:0b:6b,불광,1003
00:07:89:0f:d5:49,불광,1003
02:07:89:0f:d5:49,불광,1003
00:40:5a:b0:12:82,불광,1003
00:40:5a:bb:5f:8b,까치산,1005
00:40:5a:bb:b2:92,까치산,1005
00:09:b4:61:3b:3e,까치산,1005
00:40:5a:bb:b6:62,까치산,1005
00:09:b4:61:41:6e,까치산,1005
00:09:b4:61:3c:c3,까치산,1005
00:40:5a:bb:b0:72,까치산,1005
00:40:5a:bb:b6:63,까치산,1005
00:40:5a:bb:b0:73,까치산,1005
06:17:b2:04:4d:8a,까치산,1005
02:17:b2:02:4d:8a,까치산,1005
02:09:b4:61:3c:c3,까치산,1005
04:17:b2:04:4d:88,까치산,1005
02:09:b4:61:3c:c2,까치산,1005
0a:30:0d:80:33:71,까치산,1005
00:09:b4:61:42:3a,까치산,1005
00:30:0d:80:33:70,까치산,1005
00:40:5a:bb:8e:ba,신정,1005
00:40:5a:bb:8e:bb,신정,1005
00:40:5a:bb:94:6a,신정,1005
22:e3:c7:05:3a:e3,신정,1005
22:e3:c7:05:3a:e7,신정,1005
10:e3:c7:05:3a:e3,신정,1005
10:e3:c7:05:3a:e7,신정,1005
00:40:5a:bb:96:12,신정,1005
00:25:a6:a4:54:6e,신정,1005
00:25:a6:a4:54:6d,신정,1005
22:e3:c7:05:3a:e6,신정,1005
22:e3:c7:05:3a:e2,신정,1005
22:e3:c7:05:3a:d2,신정,1005
10:e3:c7:05:3a:d2,신정,1005
00:40:5a:bb:56:42,신정,1005
00:40:5a:bb:90:02,신정,1005
00:40:5a:bb:96:13,신정,1005
00:40:5a:bb:56:43,신정,1005
00:40:5a:bb:90:03,신정,1005
10:e3:c7:05:3a:e2,신정,1005
00:25:a6:a4:55:40,신정,1005
00:25:a6:a4:55:3f,신정,1005
00:25:a6:a4:5e:2d,신정,1005
00:25:a6:a4:5e:2c,신정,1005
00:40:5a:bb:57:e2,신정,1005
00:40:5a:bb:57:e3,신정,1005
10:e3:c7:05:3a:e6,신정,1005
00:25:a6:a5:8a:bd,신정,1005
00:40:5a:bb:94:6b,신정,1005
00:40:5a:bb:94:62,신정,1005
22:e3:c7:05:3a:da,신정,1005
00:40:5a:bb:94:63,신정,1005
10:e3:c7:05:3a:da,신정,1005
00:25:a6:a5:8a:be,신정,1005
04:17:b2:04:7a:dc,신정,1005
02:17:b2:02:7a:de,신정,1005
00:07:89:10:47:e0,신정,1005
04:17:b2:04:7a:e4,신정,1005
06:17:b2:04:7a:de,신정,1005
22:e3:c7:05:3a:d7,신정,1005
04:17:b2:04:7a:d4,신정,1005
00:25:a6:a4:2f:fc,신정,1005
10:e3:c7:05:3a:d7,신정,1005
22:e3:c7:05:3a:d3,신정,1005
02:07:89:10:59:14,신정,1005
10:e3:c7:05:3a:d3,신정,1005
00:40:5a:c0:0e:9a,신정,1005
00:25:a6:a4:2f:fb,신정,1005
00:07:89:10:59:14,신정,1005
00:40:5a:c0:0e:9b,신정,1005
00:40:5a:bb:8a:9b,신정,1005
22:e3:c7:05:3a:cf,목동,1005
00:40:5a:bb:b0:8a,목동,1005
10:e3:c7:05:3a:cf,목동,1005
00:40:5a:bb:b0:8b,목동,1005
22:e3:c7:05:3a:ce,목동,1005
22:e3:c7:05:3a:df,목동,1005
10:e3:c7:05:3a:df,목동,1005
00:40:5a:bb:90:7a,목동,1005
00:40:5a:bb:90:7b,목동,1005
00:25:a6:a4:3d:3f,목동,1005
0a:40:5a:e2:f5:25,목동,1005
06:40:5a:e2:f5:25,목동,1005
22:e3:c7:05:3a:de,목동,1005
06:40:5a:e2:f5:26,목동,1005
10:e3:c7:05:3a:de,목동,1005
00:25:a6:a2:99:76,목동,1005
00:25:a6:a2:99:77,목동,1005
00:40:5a:bb:8e:c3,목동,1005
00:17:b2:03:34:aa,강변,1002
00:40:5a:c9:98:12,강변,1002
00:30:0D:81:0E:D0,영등포구청,1002
00:07:89:0f:d5:48,불광,1003
00:07:89:10:43:70,불광,1003
06:30:0d:77:48:01,불광,1003
00:40:5a:b0:04:3b,불광,1003
02:07:89:0f:d5:51,불광,1003
02:07:89:0f:d5:50,불광,1003
00:30:0d:77:48:00,불광,1003
02:07:89:0f:d5:44,불광,1003
02:07:89:0f:d5:38,불광,1003
00:07:89:14:4a:19,녹번,1003
12:16:1f:03:80:a6,녹번,1003
12:16:1f:03:80:a7,녹번,1003
00:40:5a:b0:36:0a,녹번,1003
00:07:89:14:4a:99,녹번,1003
12:16:1f:03:c0:5e,녹번,1003
02:07:89:14:4a:19,녹번,1003
02:07:89:14:4a:18,녹번,1003
00:16:1f:03:80:a7,녹번,1003
02:07:89:14:4a:98,녹번,1003
02:07:89:14:4a:99,녹번,1003
00:40:5a:b0:36:0b,녹번,1003
00:16:1f:03:c0:5f,녹번,1003
00:40:5a:b0:22:92,녹번,1003
02:07:89:14:4a:01,녹번,1003
00:40:5a:b0:22:93,녹번,1003
00:07:89:14:4a:98,녹번,1003
12:16:1f:03:c0:5f,녹번,1003
00:07:89:14:4a:18,녹번,1003
00:07:89:14:4a:01,녹번,1003
00:16:1f:03:c0:5e,녹번,1003
02:07:89:14:4a:00,녹번,1003
00:40:5a:b0:15:43,녹번,1003
00:40:5a:b0:15:42,녹번,1003
10:e3:c7:05:3a:be,녹번,1003
00:07:89:14:4a:00,녹번,1003
00:16:1f:03:80:a6,녹번,1003
00:40:5a:af:b0:22,녹번,1003
00:40:5a:af:b0:23,녹번,1003
00:07:89:14:4a:0d,홍제,1003
00:07:89:14:49:d9,홍제,1003
00:40:5a:b0:35:5a,홍제,1003
22:e3:c7:05:1d:57,홍제,1003
22:e3:c7:05:1d:56,홍제,1003
22:e3:c7:05:0c:e3,홍제,1003
22:e3:c7:05:0c:e2,홍제,1003
00:30:0D:5D:D2:20,염창,1009
00:30:0D:5D:D7:B6,신목동,1009
00:07:89:0f:22:6b,역삼,1002
0a:30:0d:74:33:71,역삼,1002
0a:30:0d:7c:5c:31,역삼,1002
06:30:0d:74:33:61,역삼,1002
06:30:0d:7c:5c:21,역삼,1002
00:40:5a:a4:ad:3a,역삼,1002
00:40:5a:a8:4e:c2,역삼,1002
02:07:89:0f:22:7b,역삼,1002
02:07:89:0f:22:6b,역삼,1002
00:30:0d:7c:5c:30,역삼,1002
00:30:0d:74:33:70,역삼,1002
00:30:0d:74:33:60,역삼,1002
00:30:0d:7c:5c:20,역삼,1002
00:40:5a:a4:ad:3b,역삼,1002
00:07:89:0f:22:6a,역삼,1002
00:07:89:0f:22:72,역삼,1002
02:07:89:0f:22:7a,역삼,1002
02:07:89:0f:22:6a,역삼,1002
00:40:5a:a8:4e:c3,역삼,1002
00:30:0d:74:cf:80,영등포구청,1002
00:40:5a:bb:4b:fa,영등포구청,1002
06:30:0d:74:cf:91,영등포구청,1002
00:40:5a:bb:4b:fb,영등포구청,1002
02:07:89:0f:d5:b9,영등포구청,1002
0a:30:0d:74:cf:91,영등포구청,1002
00:07:89:0f:d5:b1,영등포구청,1002
00:30:0d:74:cf:90,영등포구청,1002
02:07:89:0f:d5:b1,영등포구청,1002
00:40:5a:bb:96:5b,영등포구청,1002
00:07:89:0f:d5:b9,영등포구청,1002
0a:30:0d:78:37:51,영등포구청,1002
0a:30:0d:73:36:11,영등포구청,1002
00:07:89:0f:d5:b8,영등포구청,1002
00:40:5a:bb:96:5a,영등포구청,1002
00:07:89:0f:d5:bd,영등포구청,1002
00:07:89:0f:d5:b0,영등포구청,1002
00:30:0d:78:37:50,영등포구청,1002
00:30:0d:73:36:10,영등포구청,1002
02:07:89:0f:d5:b8,영등포구청,1002
02:07:89:0f:d5:bd,영등포구청,1002
00:30:0D:73:3B:80,선릉,1075
10:E3:C7:04:0E:AF,선릉,1075
00:30:0D:71:D5:A0,선릉,1075
00:30:0D:57:D5:4B,한티,1075
00:30:0D:57:D1:47,한티,1075
00:30:0D:54:C6:8D,한티,1075
00:30:0D:57:D4:DB,한티,1075
00:30:0D:57:D3:AD,한티,1075
00:30:0D:57:D2:0F,한티,1075
00:30:0D:57:D6:49,도곡,1075
00:30:0D:7A:C6:A0,도곡,1075
00:30:0D:60:EC:20,구룡,1075
00:30:0D:61:3A:02,구룡,1075
00:30:0D:57:D5:01,구룡,1075
00:30:0D:57:D2:35,구룡,1075
00:30:0D:60:F6:E0,구룡,1075
00:30:0D:60:ED:6E,구룡,1075
00:30:0D:60:F6:DE,구룡,1075
00:30:0D:60:EC:B4,구룡,1075
00:30:0D:61:25:46,구룡,1075
00:30:0D:57:D2:11,개포동,1075
00:30:0D:57:D3:AF,개포동,1075
00:30:0D:57:D6:BD,개포동,1075
00:30:0D:57:D6:B5,개포동,1075
00:30:0D:57:D5:35,개포동,1075
00:30:0D:54:C6:8F,개포동,1075
00:30:0D:61:24:BA,대모산입구,1075
00:30:0D:61:1C:F6,대모산입구,1075
00:30:0D:61:30:40,대모산입구,1075
00:30:0D:61:29:0C,대모산입구,1075
00:30:0D:61:3C:4C,대모산입구,1075
00:30:0D:61:3B:C0,대모산입구,1075
00:30:0D:57:D5:57,대모산입구,1075
00:30:0D:61:30:6E,대모산입구,1075
00:30:0D:57:D5:97,수서,1075
00:30:0D:57:D2:67,수서,1075
00:30:0D:57:D0:E3,수서,1075
00:30:0D:54:C6:9F,수서,1075
00:30:0D:54:C6:9B,수서,1075
00:30:0D:54:C6:A5,수서,1075
00:30:0D:60:EC:22,복정,1075
00:30:0D:60:EB:E8,복정,1075
00:30:0D:61:0D:AC,복정,1075
00:30:0D:61:24:B0,태평,1075
00:30:0D:61:26:FE,태평,1075
00:30:0D:61:34:CE,태평,1075
00:30:0D:61:29:34,태평,1075
00:30:0D:62:2C:1E,태평,1075
00:30:0D:61:27:1A,태평,1075
00:16:1F:03:20:5A,모란,1075
00:16:1F:03:20:9E,모란,1075
00:30:0D:61:04:B8,모란,1075
00:30:0D:61:33:FC,모란,1075
00:30:0D:63:4E:BA,모란,1075
00:30:0D:61:28:34,모란,1075
00:30:0D:61:1A:56,모란,1075
00:30:0D:61:1F:EC,모란,1075
00:30:0D:61:2C:94,야탑,1075
00:27:1C:09:AD:CB,야탑,1075
00:30:0D:61:39:F2,야탑,1075
00:30:0D:62:29:C8,야탑,1075
00:30:0D:61:37:46,야탑,1075
00:30:0D:61:37:52,야탑,1075
00:30:0D:61:37:4C,이매,1075
00:30:0D:61:2C:9E,이매,1075
00:30:0D:61:2C:9A,이매,1075
00:30:0D:61:29:DC,이매,1075
00:30:0D:61:2C:98,이매,1075
00:30:0D:61:37:4E,이매,1075
00:30:0D:54:5F:0F,서현,1075
00:30:0D:54:4D:81,서현,1075
00:30:0D:54:54:1D,서현,1075
00:30:0D:54:5C:E3,서현,1075
00:30:0D:5D:FA:8E,서현,1075
00:30:0D:54:54:13,서현,1075
00:30:0D:61:34:16,서현,1075
00:30:0D:60:E6:BA,서현,1075
00:30:0D:57:D8:17,서현,1075
00:30:0D:57:CE:C5,수내,1075
00:30:0d:78:37:40,영등포구청,1002
00:40:5a:bb:ac:c3,영등포구청,1002
02:07:89:0f:d5:b0,영등포구청,1002
06:30:0d:78:37:41,영등포구청,1002
06:30:0d:73:36:01,영등포구청,1002
00:07:89:0f:d5:b5,영등포구청,1002
06:30:0d:74:d0:21,영등포구청,1002
00:40:5a:bb:90:72,영등포구청,1002
00:40:5a:bb:ac:c2,영등포구청,1002
06:30:0d:74:d2:41,영등포구청,1002
00:40:5a:bb:4a:42,영등포구청,1002
06:30:0d:74:56:61,영등포구청,1002
00:30:0d:73:36:00,영등포구청,1002
00:30:0d:74:d0:20,영등포구청,1002
00:40:5a:bb:4a:43,영등포구청,1002
00:40:5a:bb:90:73,영등포구청,1002
00:30:0d:74:d2:40,영등포구청,1002
00:30:0d:74:56:60,영등포구청,1002
00:40:5a:bb:aa:4b,영등포구청,1002
0a:30:0d:74:d0:31,영등포구청,1002
0a:30:0d:74:56:71,영등포구청,1002
00:30:0d:74:d0:30,영등포구청,1002
02:07:89:0f:d5:b5,영등포구청,1002
0a:30:0d:74:d2:51,영등포구청,1002
00:30:0d:74:d2:50,영등포구청,1002
00:30:0d:74:56:70,영등포구청,1002
00:07:89:0f:d5:ad,영등포구청,1002
00:40:5a:bb:a0:02,영등포구청,1002
06:30:0d:72:d8:a1,영등포구청,1002
02:07:89:0f:d5:ad,영등포구청,1002
00:40:5a:bb:a0:03,영등포구청,1002
00:30:0d:72:d8:a0,영등포구청,1002
00:07:89:0f:d5:bc,영등포구청,1002
00:40:5a:bb:aa:22,영등포구청,1002
00:07:89:0f:d5:c9,영등포구청,1002
02:07:89:0f:d5:bc,영등포구청,1002
00:40:5a:bb:aa:23,영등포구청,1002
02:07:89:0f:d5:c9,영등포구청,1002
00:40:5a:bb:aa:4a,영등포구청,1002
00:07:89:0f:d5:ac,영등포구청,1002
00:40:5a:bb:90:8b,영등포구청,1002
0a:30:0d:72:d8:b1,영등포구청,1002
00:07:89:0f:d5:c8,영등포구청,1002
00:40:5a:bb:90:8a,영등포구청,1002
00:30:0d:72:d8:b0,영등포구청,1002
02:07:89:0f:d5:25,영등포구청,1002
02:07:89:0f:d5:c8,영등포구청,1002
00:30:0d:74:4e:20,왕십리,1002
22:e3:c7:05:1c:7e,독립문,1003
00:25:a6:a3:80:cf,강변,1002
00:40:5a:af:21:7a,낙성대,1002
00:25:a6:a4:c7:04,낙성대,1002
06:30:0d:61:1c:ca,낙성대,1002
00:25:a6:a2:0e:44,낙성대,1002
12:16:1f:03:59:27,낙성대,1002
00:40:5a:af:21:2a,낙성대,1002
00:40:5a:af:25:da,낙성대,1002
06:30:0d:61:34:da,낙성대,1002
12:16:1f:03:59:26,낙성대,1002
00:40:5a:af:7b:e2,낙성대,1002
00:40:5a:af:49:8a,낙성대,1002
00:40:5a:af:21:7b,낙성대,1002
00:25:a6:a4:c7:05,낙성대,1002
00:40:5a:af:55:23,낙성대,1002
00:30:0d:61:1c:ca,낙성대,1002
00:16:1f:03:59:27,낙성대,1002
00:40:5a:af:25:db,낙성대,1002
00:16:1f:03:59:26,낙성대,1002
00:30:0d:61:34:da,낙성대,1002
00:40:5a:af:55:22,낙성대,1002
00:25:a6:a4:2f:47,낙성대,1002
00:40:5a:af:29:02,낙성대,1002
00:40:5a:af:7b:e3,낙성대,1002
00:25:a6:a2:26:e0,낙성대,1002
00:25:a6:a2:d2:ca,낙성대,1002
00:40:5a:af:21:6a,낙성대,1002
00:40:5a:af:29:fa,낙성대,1002
00:25:a6:a2:0e:45,낙성대,1002
00:25:a6:a2:26:e1,낙성대,1002
00:40:5a:af:21:2b,낙성대,1002
00:40:5a:af:49:8b,낙성대,1002
00:30:0d:61:1c:fa,낙성대,1002
00:25:a6:a4:2f:48,낙성대,1002
00:40:5a:af:29:fb,낙성대,1002
00:25:a6:a2:d2:47,낙성대,1002
00:30:0D:61:30:26,수내,1075
00:30:0D:61:30:10,수내,1075
00:30:0D:57:D3:91,수내,1075
00:25:a6:a4:1e:d0,답십리,1005
00:40:5a:c0:22:0a,답십리,1005
22:e3:c7:05:1a:4e,답십리,1005
10:e3:c7:05:1a:67,답십리,1005
00:40:5a:c0:54:73,답십리,1005
10:e3:c7:05:1a:4f,답십리,1005
00:25:a6:a4:1e:d1,답십리,1005
00:40:5a:c0:22:0b,답십리,1005
10:e3:c7:05:1a:4e,답십리,1005
00:40:5a:c0:1b:ea,답십리,1005
10:e3:c7:05:1a:57,답십리,1005
22:e3:c7:05:1a:56,답십리,1005
10:e3:c7:05:1a:56,답십리,1005
00:25:a6:a4:11:65,답십리,1005
02:17:b2:02:81:6a,답십리,1005
00:25:a6:a4:20:b1,답십리,1005
00:25:a6:a4:20:b0,답십리,1005
00:40:5a:c0:58:e2,답십리,1005
00:07:89:10:44:e1,답십리,1005
00:40:5a:c0:58:e3,답십리,1005
10:e3:c7:05:1a:66,답십리,1005
06:30:0d:7d:ef:01,답십리,1005
00:30:0d:7d:ef:00,답십리,1005
06:17:b2:04:74:2e,답십리,1005
06:17:b2:04:74:26,답십리,1005
0a:30:0d:7d:ef:11,답십리,1005
06:17:b2:04:74:22,답십리,1005
04:17:b2:04:74:2c,답십리,1005
04:17:b2:04:74:24,답십리,1005
04:17:b2:04:74:30,답십리,1005
22:e3:c7:05:1a:47,장한평,1005
10:e3:c7:05:1a:53,장한평,1005
00:25:a6:a2:9b:8d,장한평,1005
00:40:5a:c0:5b:4b,장한평,1005
10:e3:c7:05:1a:47,장한평,1005
00:40:5a:bf:d7:93,장한평,1005
02:17:b2:02:69:52,장한평,1005
22:e3:c7:05:1a:46,장한평,1005
06:17:b2:04:69:52,장한평,1005
00:07:89:10:57:16,장한평,1005
00:25:a6:a2:9c:10,장한평,1005
00:40:5a:bf:d7:92,장한평,1005
04:17:b2:04:69:50,장한평,1005
10:e3:c7:05:1a:46,장한평,1005
00:25:a6:a2:9c:11,장한평,1005
02:07:89:10:57:16,장한평,1005
00:40:5a:c0:5c:b2,장한평,1005
22:e3:c7:05:1a:42,장한평,1005
10:e3:c7:05:1a:4a,장한평,1005
10:e3:c7:05:1a:42,장한평,1005
22:e3:c7:05:1a:43,장한평,1005
22:e3:c7:05:1a:4a,장한평,1005
10:e3:c7:05:1a:43,장한평,1005
00:40:5a:c0:5c:b3,장한평,1005
0a:30:0d:84:7a:52,군자,1005
00:30:0d:84:7a:50,군자,1005
02:09:b4:61:41:f3,군자,1005
00:30:0d:84:7a:40,군자,1005
00:40:5a:c0:02:1a,군자,1005
00:09:b4:61:41:2b,군자,1005
00:40:5a:bf:fd:22,군자,1005
00:40:5a:c0:02:1b,군자,1005
00:40:5a:bf:fd:23,군자,1005
06:30:0d:84:78:e2,군자,1005
0a:30:0d:84:78:f2,군자,1005
00:30:0d:84:78:e0,군자,1005
02:09:b4:61:41:2b,군자,1005
00:30:0d:84:78:f0,군자,1005
00:09:b4:61:41:2a,군자,1005
02:09:b4:61:41:2a,군자,1005
06:30:0d:84:7a:42,군자,1005
00:09:b4:61:41:f3,군자,1005
0a:30:0d:85:08:72,군자,1005
00:30:0d:85:08:70,군자,1005
06:30:0d:85:08:62,군자,1005
00:40:5a:bf:eb:e2,군자,1005
00:40:5a:c0:3f:b2,군자,1005
00:30:0d:85:08:60,군자,1005
00:30:0d:74:ca:10,강남,1002
00:07:89:0f:23:6f,강남,1002
00:07:89:0f:1f:bf,강남,1002
00:40:5a:a8:3f:da,강남,1002
00:07:89:0f:23:6e,강남,1002
00:07:89:0f:1f:be,강남,1002
00:25:a6:a2:1d:81,낙성대,1002
06:30:0d:61:1c:fa,낙성대,1002
00:25:a6:a2:d2:46,낙성대,1002
00:25:a6:a2:8c:e0,낙성대,1002
06:30:0d:61:25:56,낙성대,1002
00:40:5a:af:29:03,낙성대,1002
00:25:a6:a2:1d:80,낙성대,1002
00:40:5a:af:43:7a,낙성대,1002
00:40:5a:af:43:7b,낙성대,1002
00:30:0d:61:25:56,낙성대,1002
00:25:a6:a3:82:a4,낙성대,1002
00:25:a6:a2:8c:e1,낙성대,1002
00:40:5a:af:3f:4a,낙성대,1002
00:40:5a:af:3f:4b,낙성대,1002
00:25:a6:a3:82:a5,낙성대,1002
06:30:0d:75:d9:21,당산,1002
00:40:5a:c3:ea:e2,당산,1002
00:40:5a:c3:d3:62,당산,1002
00:40:5a:c3:fa:5a,당산,1002
00:25:a6:a4:f7:56,당산,1002
00:07:89:0f:b8:a1,당산,1002
0a:30:0d:74:52:f1,당산,1002
00:40:5a:c3:d1:52,당산,1002
0a:30:0d:75:d9:31,당산,1002
00:07:89:0f:b8:a0,당산,1002
06:30:0d:74:52:e1,당산,1002
00:07:89:0f:e0:e9,당산,1002
0a:19:70:76:5e:1a,당산,1002
0a:19:70:76:5c:96,당산,1002
0a:30:0d:74:33:51,당산,1002
06:30:0d:74:33:41,당산,1002
06:27:1c:10:6d:ff,당산,1002
12:16:1f:03:1d:eb,당산,1002
00:40:5a:c3:ea:e3,당산,1002
00:40:5a:c3:d3:63,당산,1002
00:25:a6:a4:f7:57,당산,1002
02:07:89:0f:b8:a1,당산,1002
00:40:5a:c3:fa:5b,당산,1002
00:40:5a:c3:d1:53,당산,1002
00:30:0d:74:52:f0,당산,1002
00:30:0d:75:d9:30,당산,1002
02:07:89:0f:b8:a0,당산,1002
00:30:0d:74:52:e0,당산,1002
02:07:89:0f:e0:e9,당산,1002
00:30:0d:75:d9:20,당산,1002
06:19:70:76:5e:1a,당산,1002
06:19:70:76:5c:96,당산,1002
00:30:0d:74:33:50,당산,1002
00:16:1f:03:1d:eb,당산,1002
00:30:0d:74:33:40,당산,1002
06:17:b2:04:56:c6,당산,1002
06:17:b2:04:61:46,당산,1002
00:17:b2:03:2e:9a,당산,1002
00:19:70:76:5e:41,당산,1002
04:17:b2:04:61:44,당산,1002
00:40:5a:91:fc:72,을지로3가,1002
02:09:b4:61:3c:b6,을지로3가,1002
00:40:5a:af:1f:7a,삼성,1002
00:40:5a:af:32:ea,삼성,1002
02:07:89:0f:24:87,삼성,1002
02:07:89:0f:24:86,삼성,1002
00:40:5a:af:36:5b,삼성,1002
02:07:89:0f:24:8b,삼성,1002
00:40:5a:af:2f:23,삼성,1002
02:07:89:0f:24:8a,삼성,1002
00:40:5a:af:32:eb,삼성,1002
0a:30:0d:b1:c6:22,삼성,1002
00:30:0d:b1:c6:20,삼성,1002
00:07:89:0f:24:8b,삼성,1002
00:30:0d:b1:c6:10,삼성,1002
00:30:0d:ab:82:6f,삼성,1002
00:40:5a:af:29:a2,삼성,1002
0a:30:0d:b1:c6:24,삼성,1002
0a:30:0d:b1:c6:23,삼성,1002
06:30:0d:b1:c6:14,삼성,1002
06:30:0d:b1:c6:13,삼성,1002
06:30:0d:b1:c6:12,삼성,1002
0a:30:0d:ab:82:60,삼성,1002
0a:30:0d:ab:82:61,삼성,1002
0a:30:0d:ab:82:62,삼성,1002
02:17:b2:02:61:62,삼성,1002
00:40:5a:af:29:a3,삼성,1002
02:17:b2:02:52:32,삼성,1002
00:40:5a:af:1f:7b,삼성,1002
02:17:b2:02:52:30,삼성,1002
02:17:b2:02:4b:f8,삼성,1002
04:17:b2:04:52:30,삼성,1002
00:30:0d:ab:82:5f,삼성,1002
00:30:0d:32:12:b0,삼성,1002
0a:30:0d:74:cb:71,강남,1002
0a:30:0d:74:ca:11,강남,1002
00:07:89:0f:1f:bb,강남,1002
00:07:89:0f:21:ab,강남,1002
00:40:5a:a8:49:da,강남,1002
00:07:89:0f:1f:ba,강남,1002
02:07:89:0f:d4:a4,선릉,1002
00:40:5a:bb:87:e3,선릉,1002
00:16:1f:03:ca:82,경복궁,1003
02:07:89:14:4b:34,경복궁,1003
00:07:89:14:4b:21,경복궁,1003
00:40:5a:bf:b7:3a,경복궁,1003
12:16:1f:03:ca:83,경복궁,1003
00:40:5a:bf:c3:ea,경복궁,1003
02:07:89:14:4b:21,경복궁,1003
02:07:89:14:4b:20,경복궁,1003
00:16:1f:03:ca:83,경복궁,1003
00:40:5a:bf:b7:3b,경복궁,1003
00:40:5a:bf:c3:eb,경복궁,1003
00:07:89:14:4b:20,경복궁,1003
00:40:5a:bf:ad:62,경복궁,1003
00:07:89:14:4b:34,경복궁,1003
12:16:1f:03:b7:de,경복궁,1003
00:40:5a:bf:ad:63,경복궁,1003
00:40:5a:bc:3c:02,경복궁,1003
00:40:5a:bc:3c:03,경복궁,1003
02:07:89:14:4b:c9,경복궁,1003
00:07:89:14:48:d5,안국,1003
22:e3:c7:05:3e:13,안국,1003
00:07:89:14:48:99,안국,1003
22:e3:c7:05:3e:12,안국,1003
00:40:5a:b0:11:92,안국,1003
02:07:89:14:48:d5,안국,1003
10:e3:c7:05:3e:13,안국,1003
02:07:89:14:48:99,안국,1003
10:e3:c7:05:3e:12,안국,1003
00:40:5a:b0:11:93,안국,1003
00:40:5a:b0:34:72,안국,1003
12:16:1f:03:3c:5f,안국,1003
00:16:1f:03:3c:5f,안국,1003
02:07:89:14:48:d4,안국,1003
02:07:89:14:48:98,안국,1003
00:40:5a:b0:34:73,안국,1003
12:16:1f:03:3c:5e,안국,1003
00:16:1f:03:3c:5e,안국,1003
00:07:89:14:48:98,안국,1003
00:07:89:14:48:c0,안국,1003
02:07:89:14:48:c0,안국,1003
00:07:89:14:48:c5,안국,1003
22:e3:c7:05:1b:d3,안국,1003
22:e3:c7:05:1b:d2,안국,1003
00:40:5a:b0:3b:8a,안국,1003
02:07:89:14:48:c5,안국,1003
10:e3:c7:05:1b:d3,안국,1003
00:40:5a:b0:3b:8b,안국,1003
00:07:89:14:48:c4,안국,1003
00:07:89:14:48:d4,안국,1003
00:40:5a:af:c3:aa,안국,1003
00:16:1f:03:86:9a,안국,1003
02:07:89:14:48:c4,안국,1003
02:07:89:14:48:ac,안국,1003
00:30:0d:84:de:60,종로3가,1003
00:40:5a:bc:4c:23,종로3가,1003
06:30:0d:84:7d:22,종로3가,1003
00:40:5a:bc:4c:22,종로3가,1003
06:30:0d:84:de:62,종로3가,1003
00:40:5a:bc:4b:7a,종로3가,1003
00:40:5a:bc:4b:7b,종로3가,1003
00:07:89:0f:20:9b,종로3가,1003
02:07:89:0f:20:9b,종로3가,1003
0a:30:0d:84:de:72,종로3가,1003
06:30:0d:84:dd:c2,종로3가,1003
00:30:0d:84:dd:c0,종로3가,1003
06:30:0d:84:3e:42,종로3가,1003
00:30:0d:84:3e:40,종로3가,1003
0a:30:0d:84:3e:52,종로3가,1003
00:30:0d:84:de:70,종로3가,1003
00:40:5a:bc:25:4a,종로3가,1003
00:07:89:0f:20:c3,종로3가,1003
00:30:0d:84:3e:50,종로3가,1003
00:07:89:0f:20:c2,종로3가,1003
02:07:89:0f:20:c2,종로3가,1003
02:07:89:0f:20:c3,종로3가,1003
00:40:5a:bc:25:4b,종로3가,1003
00:30:0d:84:db:e0,종로3가,1003
00:40:5a:bc:28:aa,종로3가,1003
00:07:89:0f:20:bb,종로3가,1003
00:07:89:0f:20:b7,종로3가,1003
06:30:0d:ab:82:50,삼성,1002
06:30:0d:ab:82:51,삼성,1002
06:30:0d:ab:82:52,삼성,1002
0a:30:0d:32:12:b1,삼성,1002
0a:30:0d:32:12:b3,삼성,1002
0a:30:0d:32:12:b2,삼성,1002
00:30:0d:32:12:a0,삼성,1002
00:30:0d:61:33:e4,상왕십리,1002
06:30:0d:61:33:e4,상왕십리,1002
06:30:0d:61:33:da,상왕십리,1002
06:30:0d:61:1a:bc,상왕십리,1002
00:30:0d:61:33:da,상왕십리,1002
00:30:0d:61:1a:bc,상왕십리,1002
06:30:0d:61:28:16,상왕십리,1002
00:30:0d:61:28:16,상왕십리,1002
00:30:0d:61:28:1e,상왕십리,1002
06:30:0d:61:33:e0,상왕십리,1002
06:30:0d:61:28:00,상왕십리,1002
06:30:0d:61:2c:ae,상왕십리,1002
00:30:0d:61:33:e0,상왕십리,1002
02:07:89:10:3e:a5,상왕십리,1002
02:17:b2:02:3f:b0,상왕십리,1002
00:30:0d:61:28:00,상왕십리,1002
00:30:0d:61:2c:ae,상왕십리,1002
00:40:5a:af:51:2a,서울대입구,1002
00:07:89:0f:22:a7,서울대입구,1002
00:07:89:0f:22:a6,서울대입구,1002
0a:30:0d:7b:fc:51,서울대입구,1002
06:30:0d:7b:fc:41,서울대입구,1002
00:07:89:0f:22:bb,서울대입구,1002
00:07:89:0f:22:ba,서울대입구,1002
00:40:5a:af:7b:ba,서울대입구,1002
06:30:0d:75:41:f1,서울대입구,1002
00:07:89:0f:22:bf,서울대입구,1002
02:17:b2:02:5a:66,서울대입구,1002
00:40:5a:af:7a:e2,서울대입구,1002
06:30:0d:75:bf:91,서울대입구,1002
00:40:5a:af:7a:da,서울대입구,1002
00:40:5a:af:51:2b,서울대입구,1002
02:07:89:0f:22:a7,서울대입구,1002
02:07:89:0f:22:a6,서울대입구,1002
00:30:0d:7b:fc:50,서울대입구,1002
00:40:5a:af:7b:bb,서울대입구,1002
02:07:89:0f:22:ba,서울대입구,1002
02:07:89:0f:22:bb,서울대입구,1002
00:30:0d:75:41:e0,서울대입구,1002
00:40:5a:af:7a:db,서울대입구,1002
00:30:0d:75:bf:80,서울대입구,1002
00:40:5a:af:7a:e3,서울대입구,1002
00:40:5a:af:55:73,서울대입구,1002
0a:30:0d:75:41:f1,서울대입구,1002
00:07:89:0f:22:b3,서울대입구,1002
0a:30:0d:75:bf:91,서울대입구,1002
0a:30:0d:75:cb:11,서울대입구,1002
00:07:89:0f:22:ab,서울대입구,1002
00:40:5a:af:55:72,서울대입구,1002
06:30:0d:75:cb:01,서울대입구,1002
00:30:0d:75:41:f0,서울대입구,1002
00:07:89:14:6b:c9,정발산,1003
00:30:0D:5D:D1:36,신목동,1009
00:30:0D:5D:D1:32,신목동,1009
00:30:0D:5D:D1:30,신목동,1009
00:30:0D:5D:D1:3A,신목동,1009
00:30:0D:5D:D7:B8,신목동,1009
00:30:0D:5D:D8:1E,선유도,1009
00:30:0D:5D:D1:A0,선유도,1009
00:30:0D:5D:D8:22,선유도,1009
00:30:0D:5D:D1:98,선유도,1009
00:30:0D:5D:D8:14,선유도,1009
00:30:0D:5D:D8:20,선유도,1009
00:30:0D:5D:CE:FE,당산,1009
00:30:0D:5D:DE:8E,당산,1009
00:30:0D:61:05:0E,당산,1009
00:30:0D:5D:EA:DE,당산,1009
00:30:0D:5D:EA:DC,당산,1009
00:30:0D:5D:F0:0C,당산,1009
00:30:0D:5D:EF:58,당산,1009
00:30:0D:62:0B:6E,당산,1009
00:30:0D:5D:D1:50,국회의사당,1009
00:30:0D:5D:D1:34,국회의사당,1009
00:30:0D:5D:D0:94,국회의사당,1009
00:30:0D:5D:D0:8A,국회의사당,1009
00:07:89:0f:20:b6,종로3가,1003
0a:30:0d:84:81:92,종로3가,1003
06:30:0d:84:81:82,종로3가,1003
0a:30:0d:84:7d:32,종로3가,1003
06:30:0d:84:db:e2,종로3가,1003
0a:30:0d:84:db:f2,종로3가,1003
00:40:5a:bc:28:ab,종로3가,1003
02:07:89:0f:20:bb,종로3가,1003
02:07:89:0f:20:b7,종로3가,1003
00:30:0d:83:8e:a0,공덕,1005
00:30:0d:7f:f3:60,공덕,1005
06:30:0d:7f:f3:61,공덕,1005
10:e3:c7:05:3b:3f,굽은다리,1005
00:25:a6:a4:c7:91,굽은다리,1005
00:40:5a:b8:29:33,굽은다리,1005
04:17:b2:04:79:6c,굽은다리,1005
00:40:5a:b8:13:33,굽은다리,1005
22:e3:c7:05:38:6b,굽은다리,1005
00:40:5a:b8:28:82,굽은다리,1005
00:25:a6:a4:cd:76,굽은다리,1005
00:40:5a:b8:26:d2,굽은다리,1005
10:e3:c7:05:38:6b,굽은다리,1005
22:e3:c7:05:3b:4a,굽은다리,1005
10:e3:c7:05:38:6a,굽은다리,1005
00:40:5a:b8:26:d3,굽은다리,1005
22:e3:c7:05:3b:57,명일,1005
22:e3:c7:05:3b:56,명일,1005
00:40:5a:ba:cd:a2,명일,1005
22:e3:c7:05:3b:53,명일,1005
10:e3:c7:05:3b:57,명일,1005
00:40:5a:ba:cd:a3,명일,1005
10:e3:c7:05:3b:56,명일,1005
10:e3:c7:05:3b:53,명일,1005
00:40:5a:bb:36:52,명일,1005
00:40:5a:bb:36:53,명일,1005
22:e3:c7:05:3b:4f,명일,1005
10:e3:c7:05:3b:4f,명일,1005
00:40:5a:bb:27:ca,명일,1005
22:e3:c7:05:3b:5b,명일,1005
00:40:5a:bb:1a:9b,명일,1005
22:e3:c7:05:38:9e,명일,1005
00:40:5a:ba:e8:4b,명일,1005
10:e3:c7:05:38:9e,명일,1005
22:e3:c7:05:3b:52,명일,1005
00:40:5a:ba:e8:4a,명일,1005
00:40:5a:bb:29:b2,명일,1005
00:25:a6:a5:10:29,명일,1005
22:e3:c7:05:38:9f,명일,1005
00:40:5a:bb:1a:9a,명일,1005
00:25:a6:a5:10:2a,명일,1005
00:40:5a:bb:29:b3,명일,1005
00:25:a6:a4:f6:66,명일,1005
10:e3:c7:05:3b:52,명일,1005
10:e3:c7:05:38:9f,명일,1005
10:e3:c7:05:3b:5b,명일,1005
00:25:a6:a4:f6:67,명일,1005
10:e3:c7:05:3b:5a,명일,1005
02:07:89:10:4f:4c,명일,1005
00:25:a6:a5:06:6a,명일,1005
00:40:5a:ba:d2:82,명일,1005
00:25:a6:a5:06:6b,명일,1005
00:40:5a:ba:d2:83,명일,1005
00:25:a6:a4:f7:6f,명일,1005
00:40:5a:bb:27:cb,명일,1005
00:25:a6:a4:f7:70,명일,1005
22:e3:c7:05:3b:5a,명일,1005
10:e3:c7:05:3b:4e,명일,1005
22:e3:c7:05:3b:4e,명일,1005
00:40:5a:ba:cf:53,명일,1005
00:25:a6:a5:25:d3,명일,1005
00:40:5a:ba:cf:52,명일,1005
22:e3:c7:05:38:a3,고덕,1005
00:40:5a:ba:cd:ca,고덕,1005
22:e3:c7:05:38:a2,고덕,1005
00:40:5a:bb:27:b2,고덕,1005
00:25:a6:a4:f9:b8,고덕,1005
22:e3:c7:05:38:a7,고덕,1005
00:40:5a:ba:df:72,고덕,1005
22:e3:c7:05:38:a6,고덕,1005
10:e3:c7:05:38:a3,고덕,1005
00:40:5a:ba:cd:cb,고덕,1005
10:e3:c7:05:38:a6,고덕,1005
00:40:5a:bb:27:b3,고덕,1005
00:40:5a:ba:df:73,고덕,1005
00:40:5a:bb:2e:ea,고덕,1005
00:40:5a:bb:2e:eb,고덕,1005
22:e3:c7:05:38:97,고덕,1005
10:e3:c7:05:38:97,고덕,1005
00:30:0D:5D:D0:92,국회의사당,1009
00:30:0D:5D:D7:20,국회의사당,1009
00:16:1F:03:18:16,여의도,1009
00:16:1F:03:18:8A,여의도,1009
00:16:1F:03:0B:0E,여의도,1009
00:16:1F:03:0B:12,여의도,1009
00:30:0D:81:64:00,여의도,1009
00:16:1F:03:20:72,여의도,1009
00:30:0D:5D:EA:E2,샛강,1009
00:30:0D:5D:EA:34,샛강,1009
00:30:0D:5D:F0:16,샛강,1009
00:30:0D:5D:EF:52,샛강,1009
00:30:0D:5D:EF:54,샛강,1009
00:30:0D:5D:EA:10,샛강,1009
00:30:0D:52:C9:34,샛강,1009
00:30:0D:5D:D6:BC,노량진(9호선),1009
00:30:0D:5D:D0:1E,노량진(9호선),1009
00:30:0D:5D:D0:26,노량진(9호선),1009
00:30:0D:5D:D6:AA,노량진(9호선),1009
00:30:0D:5D:D6:C8,노량진(9호선),1009
00:30:0D:5D:D6:92,노량진(9호선),1009
00:30:0D:5D:D0:28,노량진(9호선),1009
00:30:0D:5D:D0:5E,노들,1009
00:30:0D:5D:D8:94,노들,1009
00:30:0D:5D:D0:54,노들,1009
00:30:0D:5D:D0:58,노들,1009
00:30:0D:5D:D8:90,노들,1009
00:30:0D:5D:D0:5A,노들,1009
00:30:0D:5D:CD:90,흑석,1009
00:30:0D:5D:D6:D8,흑석,1009
00:30:0D:5D:D6:CE,흑석,1009
00:30:0D:5D:D6:CC,흑석,1009
00:30:0D:54:52:3B,흑석,1009
00:30:0D:73:46:80,동작,1009
00:30:0D:73:49:60,동작,1009
10:E3:C7:04:2F:23,동작,1009
00:30:0D:73:19:20,동작,1009
00:30:0D:74:4D:A0,동작,1009
00:30:0D:72:BB:A0,동작,1009
00:30:0D:73:48:40,동작,1009
00:30:0D:73:49:00,동작,1009
00:30:0D:74:4F:A0,동작,1009
00:30:0D:72:BD:60,동작,1009
00:30:0D:5D:DC:78,구반포,1009
00:30:0D:5D:CC:CE,구반포,1009
00:30:0D:5D:DC:72,구반포,1009
00:30:0D:5D:CC:D8,구반포,1009
00:30:0D:5D:CC:C6,구반포,1009
00:30:0D:5D:EA:44,구반포,1009
00:30:0D:54:5D:2B,신반포,1009
00:30:0D:5D:EF:4C,신반포,1009
00:30:0D:5D:D1:AA,신반포,1009
00:30:0D:5D:D1:9C,신반포,1009
00:30:0D:5D:DB:AA,고속터미널,1009
00:30:0D:5D:CB:FA,고속터미널,1009
00:30:0D:5D:D9:AC,고속터미널,1009
00:30:0D:5D:DB:AE,고속터미널,1009
22:e3:c7:05:39:da,광나루,1005
10:e3:c7:05:39:da,광나루,1005
00:40:5a:b7:84:23,공덕,1005
02:07:89:0f:d8:4c,공덕,1005
06:30:0d:60:f3:70,마포,1005
00:25:a6:a4:c9:b6,마포,1005
00:30:0d:4f:4d:33,마포,1005
00:40:5a:b7:07:4b,마포,1005
00:25:a6:a4:c9:b7,마포,1005
00:40:5a:b7:07:4a,마포,1005
06:30:0d:4f:4d:33,마포,1005
06:30:0d:5d:cb:16,마포,1005
00:30:0d:5d:cb:16,마포,1005
00:25:a6:a4:cf:92,마포,1005
00:25:a6:a4:cf:93,마포,1005
00:40:5a:bb:3f:73,마포,1005
00:25:a6:a4:d5:92,마포,1005
00:25:a6:a4:d5:91,마포,1005
00:25:a6:a4:cc:be,마포,1005
00:40:5a:bb:3f:72,마포,1005
00:25:a6:a4:cc:bd,마포,1005
00:40:5a:b7:07:d2,마포,1005
06:17:b2:04:79:26,마포,1005
00:07:89:10:51:47,마포,1005
10:e3:c7:05:38:96,고덕,1005
00:25:a6:a4:f9:b9,고덕,1005
00:40:5a:ba:e8:9b,고덕,1005
10:e3:c7:05:38:a7,고덕,1005
00:25:a6:a5:2a:47,고덕,1005
00:40:5a:bb:3d:cb,고덕,1005
00:25:a6:a5:01:8d,고덕,1005
00:40:5a:bb:3d:ca,고덕,1005
00:25:a6:a5:01:8e,고덕,1005
22:e3:c7:05:38:93,고덕,1005
10:e3:c7:05:38:93,고덕,1005
00:25:a6:a5:19:b6,고덕,1005
00:25:a6:a5:19:b7,고덕,1005
22:e3:c7:05:38:92,고덕,1005
00:25:a6:a5:03:36,고덕,1005
22:e3:c7:05:38:9b,고덕,1005
00:40:5a:af:da:1b,이대,1002
00:40:5a:b0:05:1b,이대,1002
00:25:a6:a2:b5:00,강동,1005
10:e3:c7:05:38:72,길동,1005
22:e3:c7:05:38:73,길동,1005
00:25:a6:a5:2a:69,길동,1005
22:e3:c7:05:38:6f,길동,1005
22:e3:c7:05:38:7f,길동,1005
10:e3:c7:05:38:73,길동,1005
00:25:a6:a5:2a:6a,길동,1005
10:e3:c7:05:38:6f,길동,1005
10:e3:c7:05:38:7f,길동,1005
22:e3:c7:05:38:6e,길동,1005
10:e3:c7:05:38:6e,길동,1005
00:40:5a:bb:30:73,길동,1005
00:40:5a:ba:cd:fb,길동,1005
00:40:5a:bb:30:72,길동,1005
00:25:a6:a5:24:de,길동,1005
22:e3:c7:05:38:7b,길동,1005
10:e3:c7:05:38:7b,길동,1005
00:40:5a:ba:d2:e3,길동,1005
00:40:5a:ba:ea:5a,길동,1005
10:e3:c7:05:38:7e,길동,1005
00:25:a6:a5:24:dd,길동,1005
00:25:a6:a5:1b:3d,길동,1005
00:40:5a:ba:cf:62,길동,1005
00:40:5a:ba:d2:e2,길동,1005
00:40:5a:ba:cf:63,길동,1005
22:e3:c7:05:38:72,길동,1005
00:40:5a:bb:1a:d3,길동,1005
00:40:5a:bb:3d:ba,길동,1005
22:e3:c7:05:38:76,길동,1005
00:40:5a:bb:3d:bb,길동,1005
06:17:b2:04:81:66,길동,1005
22:e3:c7:05:38:77,길동,1005
04:17:b2:04:81:64,길동,1005
10:e3:c7:05:38:77,길동,1005
00:25:a6:a5:21:28,길동,1005
00:40:5a:bb:36:1b,길동,1005
22:e3:c7:05:38:7e,길동,1005
00:40:5a:bb:36:1a,길동,1005
10:e3:c7:05:38:76,길동,1005
00:40:5a:ba:ea:5b,길동,1005
10:e3:c7:05:38:7a,길동,1005
00:40:5a:ba:cd:fa,길동,1005
00:25:a6:a5:1b:3c,길동,1005
22:e3:c7:05:38:7a,길동,1005
00:40:5a:bb:1a:d2,길동,1005
00:25:a6:a5:21:27,길동,1005
00:25:a6:a5:2c:8b,길동,1005
00:25:a6:a5:2c:8a,길동,1005
22:e3:c7:05:3b:43,굽은다리,1005
22:e3:c7:05:3b:42,굽은다리,1005
22:e3:c7:05:3b:47,굽은다리,1005
22:e3:c7:05:3b:46,굽은다리,1005
00:25:a6:a4:ef:86,굽은다리,1005
00:40:5a:c3:ae:e2,굽은다리,1005
10:e3:c7:05:3b:43,굽은다리,1005
10:e3:c7:05:3b:47,굽은다리,1005
00:25:a6:a4:ef:87,굽은다리,1005
10:e3:c7:05:3b:46,굽은다리,1005
00:40:5a:b8:27:9a,굽은다리,1005
00:40:5a:b8:13:32,굽은다리,1005
00:40:5a:c3:ae:e3,굽은다리,1005
00:40:5a:b8:27:9b,굽은다리,1005
00:40:5a:b8:3b:03,굽은다리,1005
22:e3:c7:05:3b:3a,굽은다리,1005
22:e3:c7:05:3b:3b,굽은다리,1005
10:e3:c7:05:3b:3a,굽은다리,1005
10:e3:c7:05:3b:3b,굽은다리,1005
00:40:5a:b8:3b:02,굽은다리,1005
10:e3:c7:05:3b:3e,굽은다리,1005
02:17:b2:02:79:26,마포,1005
00:40:5a:b7:07:d3,마포,1005
00:25:a6:a4:d0:6a,마포,1005
00:30:0d:60:f3:70,마포,1005
04:17:b2:04:79:24,마포,1005
02:07:89:10:51:47,마포,1005
02:07:89:10:41:0e,마포,1005
00:25:a6:a4:d0:69,마포,1005
06:17:b2:04:79:3a,마포,1005
02:17:b2:02:79:3a,마포,1005
04:17:b2:04:79:38,마포,1005
00:25:a6:a4:cc:9b,마포,1005
00:25:a6:a4:cc:9a,마포,1005
06:27:1c:09:ac:6c,마포,1005
00:27:1c:09:ac:6c,마포,1005
00:09:b4:61:42:16,까치산,1005
0a:30:0d:7f:ba:51,까치산,1005
00:09:b4:61:3b:3f,까치산,1005
00:30:0d:7f:ba:50,까치산,1005
02:09:b4:61:3b:3f,까치산,1005
00:40:5a:bb:b0:5a,까치산,1005
00:40:5a:bb:b0:5b,까치산,1005
06:30:0d:80:33:61,까치산,1005
00:09:b4:61:42:3b,까치산,1005
00:09:b4:61:3d:37,까치산,1005
00:40:5a:bb:ab:42,까치산,1005
00:40:5a:bb:56:aa,까치산,1005
06:17:b2:04:63:0e,까치산,1005
02:09:b4:61:3d:37,까치산,1005
02:09:b4:61:42:3b,까치산,1005
02:09:b4:61:42:3a,까치산,1005
00:40:5a:bb:ab:43,까치산,1005
00:40:5a:bb:56:ab,까치산,1005
00:30:0d:80:33:60,까치산,1005
02:09:b4:61:3d:36,까치산,1005
04:17:b2:04:63:0c,까치산,1005
0a:30:0d:74:55:11,까치산,1005
02:17:b2:02:63:0e,까치산,1005
06:30:0d:74:c5:d1,까치산,1005
00:07:89:10:41:d9,까치산,1005
06:30:0d:74:55:01,까치산,1005
00:40:5a:bb:49:ea,까치산,1005
02:09:b4:61:3b:3e,까치산,1005
00:30:0d:74:55:00,까치산,1005
02:07:89:10:41:71,까치산,1005
00:30:0d:74:55:10,까치산,1005
00:30:0d:74:c5:c0,까치산,1005
00:40:5a:bb:b7:4a,까치산,1005
00:09:b4:61:42:17,까치산,1005
06:30:0d:7f:b7:a1,까치산,1005
0a:30:0d:7f:b7:b1,까치산,1005
00:40:5a:bb:91:42,까치산,1005
00:09:b4:61:3d:47,까치산,1005
00:09:b4:61:41:6f,까치산,1005
06:30:0d:7f:ba:41,까치산,1005
00:40:5a:bb:b7:4b,까치산,1005
00:30:0d:7f:b7:a0,까치산,1005
02:09:b4:61:42:17,까치산,1005
00:30:0d:7f:b7:b0,까치산,1005
00:40:5a:bb:49:eb,까치산,1005
02:09:b4:61:42:16,까치산,1005
02:09:b4:61:41:6f,까치산,1005
00:30:0d:7f:ba:40,까치산,1005
00:40:5a:bb:56:0a,까치산,1005
00:40:5a:bb:5f:8a,까치산,1005
00:40:5a:bb:56:0b,까치산,1005
00:07:89:0f:d6:f5,동대문역사문화공원,1005
00:07:89:0f:d9:ad,동대문역사문화공원,1005
00:40:5a:a8:5e:12,강남,1002
00:07:89:0f:20:03,강남,1002
00:07:89:0f:1f:db,강남,1002
12:16:1f:03:60:f7,상월곡,1006
00:40:5a:bf:92:92,상월곡,1006
12:16:1f:03:65:52,상월곡,1006
00:40:5a:bf:ab:82,상월곡,1006
12:16:1f:03:65:53,상월곡,1006
00:40:5a:bb:f6:8a,상월곡,1006
12:16:1f:03:67:f7,상월곡,1006
12:16:1f:03:67:f6,상월곡,1006
00:40:5a:bf:7e:fa,상월곡,1006
00:25:a6:a4:d0:50,상월곡,1006
00:40:5a:bf:7e:ba,상월곡,1006
00:25:a6:a4:f8:ec,상월곡,1006
00:40:5a:bf:92:93,상월곡,1006
00:40:5a:bf:ab:83,상월곡,1006
00:16:1f:03:65:52,상월곡,1006
00:16:1f:03:65:53,상월곡,1006
00:40:5a:b8:2a:7a,굽은다리,1005
00:40:5a:b8:2a:7b,굽은다리,1005
10:e3:c7:05:3b:42,굽은다리,1005
00:25:a6:a4:cd:77,굽은다리,1005
00:40:5a:b8:28:83,굽은다리,1005
06:17:b2:04:78:a2,굽은다리,1005
06:17:b2:04:78:72,굽은다리,1005
22:e3:c7:05:3b:3e,굽은다리,1005
00:25:a6:a5:b0:20,굽은다리,1005
22:e3:c7:05:3d:df,신금호,1005
22:e3:c7:05:3d:de,신금호,1005
10:e3:c7:05:3d:df,신금호,1005
00:25:a6:a4:d9:ce,신금호,1005
00:25:a6:a5:4d:2e,신금호,1005
00:40:5a:c0:39:c2,신금호,1005
00:25:a6:a5:27:8b,신금호,1005
10:e3:c7:05:3d:ca,신금호,1005
10:e3:c7:05:3d:de,신금호,1005
00:40:5a:c0:4f:f3,신금호,1005
00:25:a6:a5:27:8a,신금호,1005
00:25:a6:a3:ac:1b,신금호,1005
00:40:5a:c3:91:ca,뚝섬,1002
00:30:0d:81:2c:00,선릉,1002
00:30:0d:75:40:b0,선릉,1002
00:30:0d:75:40:a0,선릉,1002
00:30:0d:75:c1:60,선릉,1002
00:30:0d:75:be:40,선릉,1002
00:30:0d:81:03:a0,선릉,1002
00:40:5a:bb:96:ca,선릉,1002
00:40:5a:bb:85:b2,선릉,1002
00:40:5a:bb:4d:3a,선릉,1002
06:30:0d:75:be:41,선릉,1002
06:30:0d:81:2a:e1,선릉,1002
00:40:5a:bb:96:cb,선릉,1002
02:07:89:0f:21:e7,선릉,1002
00:40:5a:bb:85:b3,선릉,1002
02:07:89:0f:21:e6,선릉,1002
00:40:5a:bb:4d:3b,선릉,1002
00:30:0d:81:2a:e0,선릉,1002
00:30:0d:74:47:40,시청,1002
0a:30:0d:74:47:51,시청,1002
06:30:0d:74:47:41,시청,1002
00:09:b4:61:10:7f,시청,1002
00:40:5a:96:33:12,시청,1002
00:09:b4:61:10:7e,시청,1002
00:40:5a:96:40:fa,시청,1002
0a:30:0d:74:ca:91,시청,1002
00:30:0d:74:47:50,시청,1002
02:09:b4:61:10:7f,시청,1002
00:40:5a:96:33:13,시청,1002
02:09:b4:61:10:7e,시청,1002
00:30:0d:74:ca:90,시청,1002
00:40:5a:96:40:fb,시청,1002
00:40:5a:96:24:0a,시청,1002
02:09:b4:61:25:b3,시청,1002
00:40:5a:96:24:0b,시청,1002
00:40:5a:96:27:f3,시청,1002
00:09:b4:61:25:b3,시청,1002
00:09:b4:61:25:b2,시청,1002
02:09:b4:61:25:b2,시청,1002
00:09:b4:61:18:6f,시청,1002
00:40:5a:96:27:f2,시청,1002
06:30:0d:74:61:a1,시청,1002
02:09:b4:61:18:6e,시청,1002
00:30:0d:74:61:a0,시청,1002
06:30:0d:7c:8c:a1,시청,1002
00:40:5a:96:42:32,시청,1002
02:09:b4:61:18:6f,시청,1002
00:30:0d:7c:8c:a0,시청,1002
00:40:5a:96:42:33,시청,1002
00:09:b4:61:18:6e,시청,1002
0a:30:0d:74:61:b1,시청,1002
00:40:5a:96:32:22,시청,1002
00:30:0d:74:61:b0,시청,1002
00:40:5a:96:32:23,시청,1002
00:30:0d:75:bf:a0,신당,1002
00:09:b4:61:41:3a,신당,1002
00:09:b4:61:41:3b,신당,1002
00:40:5a:91:e8:6a,신당,1002
06:30:0d:75:bf:a1,신당,1002
0a:30:0d:75:bf:b1,신당,1002
06:30:0d:78:50:a1,신당,1002
0a:30:0d:78:50:b1,신당,1002
00:40:5a:91:e7:fa,신당,1002
06:30:0d:73:3b:21,신당,1002
00:09:b4:61:41:f6,신당,1002
02:09:b4:61:41:3b,신당,1002
02:09:b4:61:41:3a,신당,1002
00:40:5a:91:e8:6b,신당,1002
00:30:0d:75:bf:b0,신당,1002
00:30:0d:78:50:b0,신당,1002
00:40:5a:bf:7e:fb,상월곡,1006
00:40:5a:bb:f6:8b,상월곡,1006
00:16:1f:03:67:f6,상월곡,1006
00:40:5a:bf:7e:bb,상월곡,1006
00:25:a6:a4:f9:04,상월곡,1006
00:25:a6:a4:d0:51,상월곡,1006
00:40:5a:bf:c0:7b,상월곡,1006
00:40:5a:bf:c0:7a,상월곡,1006
00:25:a6:a4:f9:05,상월곡,1006
00:40:5a:bf:c7:62,상월곡,1006
00:25:a6:a4:f8:eb,상월곡,1006
00:25:a6:a4:ce:48,상월곡,1006
00:40:5a:bc:49:b2,상월곡,1006
00:16:1f:03:60:f7,상월곡,1006
00:16:1f:03:60:f6,상월곡,1006
00:25:a6:a4:ce:49,상월곡,1006
00:16:1f:03:67:f7,상월곡,1006
00:40:5a:bc:49:b3,상월곡,1006
12:16:1f:03:84:66,수진,1008
00:40:5a:c9:27:1b,수진,1008
00:07:89:14:6c:64,수진,1008
02:07:89:14:6c:64,수진,1008
12:16:1f:03:71:af,수진,1008
00:16:1f:03:87:73,수진,1008
00:16:1f:03:84:66,수진,1008
00:40:5a:c9:41:42,모란,1008
06:30:0d:83:91:82,모란,1008
0a:30:0d:83:91:92,모란,1008
06:30:0d:83:92:e2,모란,1008
00:40:5a:c9:41:43,모란,1008
02:09:b4:61:43:cb,모란,1008
00:30:0d:83:91:90,모란,1008
06:30:0d:83:a2:e2,모란,1008
0a:30:0d:83:a2:f2,모란,1008
00:09:b4:61:3f:b6,모란,1008
00:40:5a:c7:b1:3a,모란,1008
00:30:0d:83:a2:e0,모란,1008
00:30:0d:83:a2:f0,모란,1008
02:09:b4:61:3f:b6,모란,1008
00:40:5a:c7:b1:3b,모란,1008
00:40:5a:c9:3a:aa,모란,1008
00:09:b4:61:3f:b7,모란,1008
06:30:0d:83:a0:42,모란,1008
0a:30:0d:83:a0:52,모란,1008
00:40:5a:c9:3a:ab,모란,1008
02:09:b4:61:3f:b7,모란,1008
02:09:b4:61:3b:8b,모란,1008
00:40:5a:c9:41:4b,모란,1008
00:30:0d:83:a0:40,모란,1008
00:30:0d:83:91:80,모란,1008
00:30:0d:83:a0:50,모란,1008
00:30:0d:83:92:e0,모란,1008
00:09:b4:61:3b:8a,모란,1008
00:09:b4:61:3b:8b,모란,1008
00:09:b4:61:3f:d6,모란,1008
02:09:b4:61:3b:8a,모란,1008
00:40:5a:c8:45:fb,모란,1008
00:40:5a:c9:41:4a,모란,1008
02:09:b4:61:3f:d6,모란,1008
00:09:b4:61:3f:d7,모란,1008
00:09:b4:61:3f:b3,모란,1008
00:40:5a:c8:45:fa,모란,1008
00:09:b4:61:43:ca,모란,1008
06:30:0d:83:93:82,모란,1008
0a:30:0d:83:93:92,모란,1008
02:09:b4:61:3f:d7,모란,1008
00:30:0d:83:93:80,모란,1008
00:30:0d:83:92:f0,모란,1008
06:30:0d:84:f8:82,연신내,1006
00:07:89:0f:da:ac,연신내,1006
00:07:89:0f:da:c8,연신내,1006
00:40:5a:bf:90:62,연신내,1006
00:40:5a:bf:8f:ca,연신내,1006
00:40:5a:bc:2f:42,연신내,1006
0a:30:0d:84:f8:92,연신내,1006
00:40:5a:bc:4e:fb,종로5가,1001
00:40:5a:bc:28:6b,종로5가,1001
00:40:5a:c0:4a:ba,여의나루,1005
06:17:b2:04:58:f6,방배,1002
00:09:b4:61:1a:56,방배,1002
02:17:b2:02:58:f6,방배,1002
00:40:5a:af:1a:5a,방배,1002
0a:30:0d:7a:f4:51,방배,1002
0a:30:0d:80:71:11,방배,1002
00:40:5a:af:1f:72,방배,1002
06:17:b2:04:5e:5a,방배,1002
00:07:89:10:3e:b0,방배,1002
06:30:0d:7a:f4:41,방배,1002
02:17:b2:02:5b:4a,방배,1002
02:17:b2:02:63:76,방배,1002
02:09:b4:61:1d:eb,방배,1002
00:30:0d:80:fa:90,방배,1002
00:40:5a:bf:79:63,방배,1002
02:09:b4:61:1d:ea,방배,1002
00:30:0d:80:fa:80,방배,1002
02:09:b4:61:1a:57,방배,1002
02:09:b4:61:11:c7,방배,1002
00:40:5a:af:1a:5b,방배,1002
02:09:b4:61:24:03,방배,1002
00:40:5a:af:1b:33,방배,1002
00:30:0d:80:71:00,방배,1002
00:40:5a:af:1f:73,방배,1002
04:17:b2:04:58:f4,방배,1002
00:30:0d:80:71:10,방배,1002
02:17:b2:02:5e:58,방배,1002
00:30:0d:7a:f4:50,방배,1002
02:17:b2:02:5b:48,방배,1002
02:07:89:10:3e:b0,방배,1002
04:17:b2:04:5e:58,방배,1002
02:09:b4:61:19:4f,방배,1002
00:30:0d:7a:f4:40,방배,1002
04:17:b2:04:5e:38,방배,1002
00:09:b4:61:1a:57,방배,1002
00:40:5a:af:1b:32,방배,1002
00:09:b4:61:24:03,방배,1002
00:09:b4:61:11:c6,방배,1002
0a:30:0d:71:f9:b1,방배,1002
00:09:b4:61:1a:87,방배,1002
02:09:b4:61:1a:56,방배,1002
00:30:0d:71:f9:b0,방배,1002
02:09:b4:61:11:c6,방배,1002
00:40:5a:af:25:fb,방배,1002
02:09:b4:61:19:4e,방배,1002
00:09:b4:61:24:02,방배,1002
00:40:5a:af:25:fa,방배,1002
00:09:b4:61:19:4f,방배,1002
00:09:b4:61:19:4e,방배,1002
06:30:0d:75:4d:81,방배,1002
00:40:5a:af:2c:eb,방배,1002
00:30:0d:71:f9:a0,방배,1002
00:40:5a:af:23:63,방배,1002
00:30:0d:75:4d:80,방배,1002
00:40:5a:af:23:5a,방배,1002
00:40:5a:af:23:62,방배,1002
00:40:5a:af:2c:ea,방배,1002
00:40:5a:af:23:5b,방배,1002
06:30:0d:71:f9:a1,방배,1002
06:30:0d:74:db:c1,방배,1002
00:40:5a:af:3f:a3,방배,1002
00:30:0d:74:db:c0,방배,1002
00:40:5a:af:3f:a2,방배,1002
02:09:b4:61:24:02,방배,1002
02:09:b4:61:1a:87,방배,1002
02:09:b4:61:1a:86,방배,1002
00:09:b4:61:1a:86,방배,1002
0a:30:0d:75:4d:91,방배,1002
00:09:b4:61:1b:2f,방배,1002
00:30:0d:75:4d:90,방배,1002
00:40:5a:af:18:bb,방배,1002
02:09:b4:61:1b:2f,방배,1002
02:17:b2:02:3f:ac,봉천,1002
00:40:5a:af:30:82,봉천,1002
00:25:a6:a2:85:7e,봉천,1002
00:25:a6:a2:16:d8,봉천,1002
06:30:0d:57:d2:1f,봉천,1002
00:40:5a:af:7a:7a,봉천,1002
00:40:5a:af:51:1a,봉천,1002
00:40:5a:af:50:8a,봉천,1002
06:30:0d:63:86:1e,봉천,1002
00:25:a6:a2:1d:d4,봉천,1002
06:30:0d:57:d3:bb,봉천,1002
00:40:5a:af:30:83,봉천,1002
00:25:a6:a2:85:7f,봉천,1002
00:40:5a:af:7a:7b,봉천,1002
00:30:0d:57:d2:1f,봉천,1002
00:25:a6:a2:16:d9,봉천,1002
00:40:5a:af:50:8b,봉천,1002
00:40:5a:af:51:1b,봉천,1002
00:40:5a:af:2e:ab,봉천,1002
00:25:a6:a2:1d:d5,봉천,1002
00:30:0d:57:d3:bb,봉천,1002
00:30:0d:63:86:1e,봉천,1002
00:25:a6:a5:b8:cc,한양대,1002
00:40:5a:bc:33:7b,신촌,1002
00:40:5a:bf:bb:42,신촌,1002
00:09:b4:61:22:e3,신촌,1002
00:09:b4:61:22:e2,신촌,1002
06:30:0d:60:f7:78,신촌,1002
00:09:b4:61:18:27,신촌,1002
02:09:b4:61:22:e3,신촌,1002
00:30:0d:54:85:0f,신촌,1002
00:30:0d:60:f7:78,신촌,1002
00:40:5a:bf:ab:23,신촌,1002
02:09:b4:61:18:27,신촌,1002
02:09:b4:61:18:26,신촌,1002
00:09:b4:61:18:26,신촌,1002
00:09:b4:61:24:2f,신촌,1002
00:09:b4:61:1b:53,신촌,1002
00:40:5a:af:e3:db,신촌,1002
06:30:0d:60:f7:0c,신촌,1002
00:40:5a:bf:c4:f2,신촌,1002
06:30:0d:60:f7:b8,신촌,1002
02:09:b4:61:1b:52,신촌,1002
00:30:0d:60:f7:b8,신촌,1002
00:40:5a:bf:c4:f3,신촌,1002
02:09:b4:61:1b:53,신촌,1002
00:30:0d:60:f7:0c,신촌,1002
00:09:b4:61:1b:52,신촌,1002
00:30:0d:60:d4:9e,아현,1002
00:40:5a:af:f0:32,아현,1002
00:25:a6:a5:11:5a,아현,1002
00:25:a6:a4:fc:f1,아현,1002
00:40:5a:b0:12:42,아현,1002
06:30:0d:60:d4:9e,아현,1002
00:40:5a:b0:43:da,아현,1002
00:40:5a:b0:25:fa,아현,1002
00:25:a6:a4:fc:f6,아현,1002
06:30:0d:60:ed:5a,아현,1002
00:40:5a:af:f0:33,아현,1002
00:25:a6:a5:11:5b,아현,1002
00:25:a6:a4:fc:f2,아현,1002
00:40:5a:b0:43:db,아현,1002
00:40:5a:b0:12:43,아현,1002
00:40:5a:b0:25:fb,아현,1002
00:25:a6:a4:fc:f7,아현,1002
00:30:0d:60:ed:5a,아현,1002
00:40:5a:b0:12:62,아현,1002
00:40:5a:b0:12:63,아현,1002
00:30:0d:60:ed:50,아현,1002
00:30:0d:74:db:40,역삼,1002
0a:30:0d:74:db:51,역삼,1002
00:07:89:0f:22:6f,역삼,1002
06:30:0d:74:db:41,역삼,1002
00:07:89:0f:22:6e,역삼,1002
00:40:5a:a8:51:8a,역삼,1002
00:07:89:0f:22:57,역삼,1002
00:07:89:0f:22:5f,역삼,1002
0a:30:0d:74:4c:51,역삼,1002
0a:30:0d:81:50:91,역삼,1002
00:40:5a:a8:83:5a,역삼,1002
00:40:5a:a8:58:02,역삼,1002
00:40:5a:a8:4a:0a,역삼,1002
00:07:89:0f:22:56,역삼,1002
06:30:0d:81:50:81,역삼,1002
00:30:0d:74:db:50,역삼,1002
02:07:89:0f:22:6f,역삼,1002
02:07:89:0f:22:6e,역삼,1002
00:40:5a:a8:51:8b,역삼,1002
02:07:89:0f:22:5f,역삼,1002
02:07:89:0f:22:57,역삼,1002
00:30:0d:74:4c:50,역삼,1002
00:30:0d:81:50:90,역삼,1002
00:40:5a:a8:58:03,역삼,1002
00:40:5a:a8:4a:0b,역삼,1002
00:30:0d:74:4c:40,역삼,1002
00:07:89:0f:22:63,역삼,1002
06:30:0d:74:4c:41,역삼,1002
00:07:89:0f:22:5e,역삼,1002
00:40:5a:a8:84:aa,역삼,1002
00:40:5a:a8:83:5b,역삼,1002
02:07:89:0f:22:56,역삼,1002
02:07:89:0f:22:63,역삼,1002
02:07:89:0f:22:77,역삼,1002
00:40:5a:a8:49:73,역삼,1002
00:07:89:0f:22:76,역삼,1002
00:07:89:0f:22:77,역삼,1002
00:07:89:0f:22:7b,역삼,1002
00:07:89:0f:22:62,역삼,1002
02:07:89:0f:22:5e,역삼,1002
02:07:89:0f:22:76,역삼,1002
00:40:5a:a8:84:ab,역삼,1002
00:40:5a:a8:87:0a,역삼,1002
00:40:5a:a8:84:52,역삼,1002
00:07:89:0f:22:7a,역삼,1002
02:07:89:0f:22:62,역삼,1002
00:40:5a:a8:87:0b,역삼,1002
00:40:5a:a8:84:53,역삼,1002
02:07:89:14:4a:0d,홍제,1003
02:07:89:14:49:d9,홍제,1003
22:e3:c7:05:0a:ee,금호,1003
10:e3:c7:05:0a:ee,금호,1003
00:40:5a:b0:43:33,금호,1003
00:25:a6:a4:ce:3e,금호,1003
00:25:a6:a4:ce:3f,금호,1003
00:40:5a:b0:08:bb,금호,1003
22:e3:c7:05:0a:db,금호,1003
10:e3:c7:05:0a:db,금호,1003
00:40:5a:b0:08:ba,금호,1003
00:25:a6:a4:c8:bc,금호,1003
00:25:a6:a4:cc:dc,금호,1003
00:25:a6:a2:ba:35,금호,1003
22:e3:c7:05:3a:5a,금호,1003
10:e3:c7:05:3a:5a,금호,1003
00:40:5a:b0:26:db,금호,1003
00:40:5a:b0:09:0b,금호,1003
00:40:5a:b0:26:da,금호,1003
22:e3:c7:05:39:0e,금호,1003
00:25:a6:a4:cc:db,금호,1003
00:25:a6:a2:ba:34,금호,1003
10:e3:c7:05:0a:da,금호,1003
00:17:b2:01:ac:9a,옥수,1003
02:07:89:0f:d7:c5,옥수,1003
00:17:b2:01:ad:38,옥수,1003
00:40:5a:c4:00:53,옥수,1003
00:40:5a:c3:fb:12,옥수,1003
00:40:5a:c3:ac:6b,옥수,1003
00:40:5a:c3:fb:13,옥수,1003
00:40:5a:c3:ac:6a,옥수,1003
00:07:89:0f:d7:c5,옥수,1003
00:17:b2:01:ad:3a,옥수,1003
00:07:89:0f:d6:81,옥수,1003
00:40:5a:c4:00:52,옥수,1003
02:07:89:0f:d6:81,옥수,1003
00:17:b2:01:ad:32,옥수,1003
00:07:89:0f:d6:7d,옥수,1003
00:07:89:0f:d6:80,옥수,1003
02:07:89:0f:d6:80,옥수,1003
00:07:89:0f:d7:c4,옥수,1003
00:17:b2:01:a9:3a,옥수,1003
00:07:89:0f:d6:91,옥수,1003
00:17:b2:01:a9:38,옥수,1003
02:07:89:0f:d6:91,옥수,1003
00:40:5a:c3:c6:6a,옥수,1003
02:07:89:0f:d6:90,옥수,1003
00:40:5a:c3:c6:6b,옥수,1003
02:07:89:0f:d6:8d,옥수,1003
00:40:5a:c3:a7:7a,옥수,1003
00:07:89:0f:d6:75,옥수,1003
00:40:5a:c3:a7:7b,옥수,1003
02:07:89:0f:d6:75,옥수,1003
02:07:89:0f:d6:74,옥수,1003
00:07:89:0f:d6:8c,옥수,1003
00:40:5a:c4:01:2a,옥수,1003
06:30:0d:83:6e:a2,연신내,1003
0a:30:0d:83:6e:b2,연신내,1003
00:07:89:0f:d6:a9,연신내,1003
06:30:0d:83:9f:e2,연신내,1003
00:07:89:0f:d6:b1,연신내,1003
06:30:0d:83:a4:e2,연신내,1003
02:07:89:0f:d6:a9,연신내,1003
00:30:0d:83:9f:e0,연신내,1003
02:07:89:0f:d6:b1,연신내,1003
00:40:5a:b0:43:83,연신내,1003
0a:30:0d:83:a4:f2,연신내,1003
06:30:0d:83:76:02,연신내,1003
00:07:89:0f:d4:25,연신내,1003
00:30:0d:83:a4:e0,연신내,1003
00:40:5a:b0:3f:0b,연신내,1003
00:40:5a:b0:3f:0a,연신내,1003
00:40:5a:b0:43:82,연신내,1003
06:30:0d:84:4a:42,연신내,1003
02:07:89:0f:d6:a8,연신내,1003
00:07:89:0f:d6:b0,연신내,1003
0a:30:0d:83:9f:f2,연신내,1003
00:30:0d:83:9f:f0,연신내,1003
00:07:89:0f:da:cd,연신내,1003
00:30:0d:83:a4:f0,연신내,1003
00:30:0d:83:6e:a0,연신내,1003
00:07:89:0f:d6:a8,연신내,1003
00:07:89:0f:d4:24,연신내,1003
00:30:0d:83:6e:b0,연신내,1003
02:07:89:0f:d4:24,연신내,1003
00:40:5a:b0:1a:e2,연신내,1003
00:40:5a:b0:40:5a,연신내,1003
02:07:89:0f:da:cd,연신내,1003
00:40:5a:b0:40:5b,연신내,1003
00:40:5a:b0:1a:e3,연신내,1003
02:07:89:0f:d4:25,연신내,1003
0a:30:0d:83:76:12,연신내,1003
06:30:0d:83:68:a2,연신내,1003
00:30:0d:83:76:10,연신내,1003
00:40:5a:bb:24:52,오목교,1005
00:09:b4:61:3f:db,오목교,1005
02:07:89:0f:22:b3,서울대입구,1002
00:30:0d:75:cb:10,서울대입구,1002
00:30:0d:75:bf:90,서울대입구,1002
02:07:89:0f:22:ab,서울대입구,1002
00:40:5a:af:3e:d3,서울대입구,1002
00:30:0d:75:cb:00,서울대입구,1002
00:40:5a:af:3e:d2,서울대입구,1002
02:07:89:0f:22:aa,서울대입구,1002
00:07:89:0f:22:be,서울대입구,1002
02:07:89:0f:22:be,서울대입구,1002
02:07:89:0f:22:b2,서울대입구,1002
00:07:89:0f:22:b2,서울대입구,1002
00:30:0d:7b:fc:40,서울대입구,1002
00:30:0d:61:38:42,서초,1002
00:40:5a:af:12:a2,서초,1002
00:25:a6:a5:bc:22,서초,1002
00:25:a6:a5:61:87,서초,1002
00:25:a6:a5:b3:8a,서초,1002
00:40:5a:af:11:d2,서초,1002
00:40:5a:af:3f:ca,서초,1002
00:40:5a:af:3e:1a,서초,1002
00:40:5a:af:18:02,서초,1002
06:30:0d:61:38:42,서초,1002
06:30:0d:57:ce:8d,서초,1002
06:30:0d:54:5a:db,서초,1002
00:40:5a:af:12:a3,서초,1002
00:25:a6:a5:bc:23,서초,1002
00:40:5a:af:18:03,서초,1002
00:40:5a:af:3f:cb,서초,1002
00:40:5a:af:11:d3,서초,1002
00:40:5a:af:3e:1b,서초,1002
00:25:a6:a5:b3:8b,서초,1002
00:30:0d:57:ce:8d,서초,1002
00:40:5a:af:3a:0a,서초,1002
00:40:5a:af:32:1a,서초,1002
00:25:a6:a5:61:88,서초,1002
00:30:0d:54:5a:db,서초,1002
00:40:5a:af:32:1b,서초,1002
00:40:5a:af:3a:0b,서초,1002
00:25:a6:a5:ad:09,서초,1002
00:30:0d:57:d0:c1,서초,1002
00:25:a6:a5:ad:0a,서초,1002
00:25:a6:a3:ff:19,서초,1002
02:17:b2:02:5b:68,서초,1002
06:30:0d:57:d0:c1,서초,1002
00:40:5a:af:23:f2,서초,1002
00:25:a6:a3:ff:18,서초,1002
00:40:5a:af:23:f3,서초,1002
00:25:a6:a5:ba:a6,서초,1002
00:25:a6:a5:ba:a7,서초,1002
00:40:5a:af:39:62,서초,1002
00:40:5a:af:39:63,서초,1002
0a:30:0d:75:be:91,선릉,1002
00:07:89:0f:23:d7,선릉,1002
06:30:0d:75:be:81,선릉,1002
00:30:0d:75:be:90,선릉,1002
02:07:89:0f:23:d7,선릉,1002
00:40:5a:bb:9e:23,선릉,1002
00:40:5a:bb:95:9a,선릉,1002
00:40:5a:bb:49:c2,선릉,1002
00:30:0d:75:be:80,선릉,1002
00:40:5a:bb:95:3b,선릉,1002
00:40:5a:bb:49:c3,선릉,1002
02:07:89:0f:23:d6,선릉,1002
00:07:89:0f:23:d3,선릉,1002
0a:30:0d:75:ce:f1,선릉,1002
00:40:5a:bb:95:3a,선릉,1002
00:30:0d:67:39:a4,선릉,1002
00:40:5a:bb:9f:d2,선릉,1002
00:07:89:0f:23:d2,선릉,1002
06:30:0d:81:2a:61,선릉,1002
06:30:0d:75:ce:e1,선릉,1002
00:40:5a:bb:9e:22,선릉,1002
02:07:89:0f:23:d3,선릉,1002
02:30:0d:67:39:a4,선릉,1002
00:30:0d:75:ce:f0,선릉,1002
00:40:5a:bb:9f:d3,선릉,1002
02:07:89:0f:23:d2,선릉,1002
02:07:89:0f:21:f7,선릉,1002
00:30:0d:75:ce:e0,선릉,1002
02:07:89:0f:d4:a5,선릉,1002
00:30:0d:81:2a:60,선릉,1002
00:40:5a:bb:87:e2,선릉,1002
00:07:89:0f:d4:a5,선릉,1002
00:07:89:0f:d4:a4,선릉,1002
00:07:89:0f:21:f7,선릉,1002
06:30:0d:81:2c:01,선릉,1002
0a:30:0d:75:40:b1,선릉,1002
00:40:5a:bb:52:62,선릉,1002
06:30:0d:75:40:a1,선릉,1002
06:30:0d:75:c1:61,선릉,1002
00:07:89:0f:21:e7,선릉,1002
06:30:0d:81:03:a1,선릉,1002
00:07:89:0f:da:98,대곡,1003
02:09:b4:61:1b:ea,종로5가,1001
02:09:b4:61:08:2b,종로5가,1001
00:40:5a:bc:28:5b,종로5가,1001
06:30:0d:85:15:c2,종로3가,1001
0a:30:0d:85:15:d2,종로3가,1001
0a:30:0d:84:63:32,종로3가,1001
00:40:5a:bc:4d:92,종로3가,1001
06:30:0d:84:73:82,종로3가,1001
06:30:0d:84:88:82,종로3가,1001
00:40:5a:bc:49:ba,종로3가,1001
00:40:5a:bc:4d:93,종로3가,1001
00:30:0d:84:73:80,종로3가,1001
00:30:0d:84:88:80,종로3가,1001
00:30:0d:84:88:90,종로3가,1001
00:40:5a:bc:49:bb,종로3가,1001
0a:30:0d:84:73:92,종로3가,1001
0a:30:0d:85:15:f2,종로3가,1001
06:30:0d:85:15:e2,종로3가,1001
00:30:0d:84:73:90,종로3가,1001
00:30:0d:85:15:f0,종로3가,1001
00:09:b4:61:25:2b,종로3가,1001
0a:30:0d:84:88:92,종로3가,1001
06:30:0d:85:15:02,종로3가,1001
02:09:b4:61:25:2b,종로3가,1001
02:07:89:0f:22:3f,종로3가,1001
02:09:b4:61:25:03,종로3가,1001
00:30:0d:85:15:00,종로3가,1001
00:09:b4:61:20:77,종로3가,1001
06:30:0d:84:63:22,종로3가,1001
02:09:b4:61:20:77,종로3가,1001
00:30:0d:85:15:d0,종로3가,1001
00:30:0d:85:15:c0,종로3가,1001
00:30:0d:85:15:e0,종로3가,1001
00:09:b4:61:25:02,종로3가,1001
00:40:5a:bc:4f:02,종로3가,1001
02:09:b4:61:25:2a,종로3가,1001
00:40:5a:bc:4f:03,종로3가,1001
00:09:b4:61:1e:d3,종로3가,1001
02:09:b4:61:1e:d3,종로3가,1001
00:30:0d:84:63:30,종로3가,1001
00:40:5a:bc:1a:d3,종로3가,1001
12:16:1f:03:c8:a3,종각,1001
00:40:5a:bf:c4:62,종각,1001
12:16:1f:03:c8:a2,종각,1001
00:09:b4:61:19:57,종각,1001
00:09:b4:61:1a:37,종각,1001
00:09:b4:61:19:73,종각,1001
12:16:1f:03:b8:33,종각,1001
00:40:5a:bf:c3:a2,종각,1001
00:09:b4:61:23:27,종각,1001
00:09:b4:61:19:72,종각,1001
00:16:1f:03:c8:a3,종각,1001
00:40:5a:bf:c4:63,종각,1001
00:16:1f:03:c8:a2,종각,1001
02:09:b4:61:19:57,종각,1001
02:09:b4:61:1a:37,종각,1001
02:09:b4:61:19:73,종각,1001
00:16:1f:03:b8:33,종각,1001
00:40:5a:bf:c3:a3,종각,1001
02:09:b4:61:23:27,종각,1001
00:16:1f:03:b8:32,종각,1001
00:09:b4:61:19:56,종각,1001
12:16:1f:03:ca:f3,종각,1001
12:16:1f:03:ca:f2,종각,1001
00:40:5a:bf:74:62,종각,1001
00:16:1f:03:ca:f3,종각,1001
06:30:0d:84:87:62,종각,1001
00:40:5a:bf:c1:ea,종각,1001
00:09:b4:61:1a:36,종각,1001
00:09:b4:61:23:26,종각,1001
12:16:1f:03:b8:32,종각,1001
00:07:89:14:49:39,효창공원앞,1006
00:07:89:14:47:c9,효창공원앞,1006
12:16:1f:03:79:23,효창공원앞,1006
02:07:89:14:4b:b8,효창공원앞,1006
02:07:89:14:47:c8,효창공원앞,1006
02:07:89:14:47:c9,효창공원앞,1006
00:16:1f:03:79:23,효창공원앞,1006
00:40:5a:c8:48:3b,효창공원앞,1006
00:40:5a:c8:48:3a,효창공원앞,1006
00:16:1f:03:5d:ba,효창공원앞,1006
00:07:89:14:47:c8,효창공원앞,1006
00:07:89:0f:da:11,삼각지,1006
0a:30:0d:84:d6:92,삼각지,1006
06:30:0d:84:d6:82,삼각지,1006
0a:30:0d:84:d8:32,삼각지,1006
06:30:0d:84:d8:22,삼각지,1006
00:40:5a:c8:4b:1a,삼각지,1006
06:30:0d:84:fa:e2,연신내,1006
00:40:5a:bc:11:fa,연신내,1006
00:40:5a:c8:4e:cb,동대문역사문화공원,1005
00:40:5a:8a:3c:73,을지로3가,1002
00:30:0d:75:d8:70,을지로3가,1002
00:09:b4:61:3c:cf,을지로3가,1002
0a:30:0d:75:c2:51,을지로3가,1002
06:30:0d:75:c2:41,을지로3가,1002
02:09:b4:61:42:06,을지로3가,1002
02:09:b4:61:3c:b7,을지로3가,1002
00:40:5a:92:1e:93,을지로3가,1002
00:40:5a:91:fc:73,을지로3가,1002
00:30:0d:75:c2:40,을지로3가,1002
06:30:0d:75:d8:a1,을지로3가,1002
02:09:b4:61:3c:ce,을지로3가,1002
00:40:5a:92:1e:92,을지로3가,1002
02:09:b4:61:3c:cf,을지로3가,1002
00:30:0d:75:be:00,을지로4가,1002
00:40:5a:b7:95:9a,을지로4가,1002
06:30:0d:75:be:01,을지로4가,1002
06:30:0d:72:12:c1,을지로4가,1002
00:07:89:0f:d7:55,을지로4가,1002
0a:30:0d:75:be:11,을지로4가,1002
06:30:0d:74:4f:c1,을지로4가,1002
0a:30:0d:72:12:d1,을지로4가,1002
00:07:89:0f:d7:54,을지로4가,1002
00:40:5a:b7:a6:2a,을지로4가,1002
00:07:89:0f:d7:41,을지로4가,1002
0a:30:0d:74:4f:d1,을지로4가,1002
00:07:89:0f:d7:35,을지로4가,1002
00:40:5a:b8:31:3a,을지로4가,1002
0a:30:0d:74:56:11,을지로4가,1002
00:07:89:0f:d7:59,을지로4가,1002
00:40:5a:b7:91:aa,을지로4가,1002
06:30:0d:75:40:e1,을지로4가,1002
00:40:5a:b7:9b:1a,을지로4가,1002
06:30:0d:75:59:41,을지로4가,1002
00:40:5a:b7:95:9b,을지로4가,1002
00:30:0d:75:be:10,을지로4가,1002
00:30:0d:72:12:c0,을지로4가,1002
00:30:0d:74:4f:c0,을지로4가,1002
00:30:0d:72:12:d0,을지로4가,1002
02:07:89:0f:d7:41,을지로4가,1002
02:07:89:0f:d7:54,을지로4가,1002
00:30:0d:74:4f:d0,을지로4가,1002
00:40:5a:b8:31:3b,을지로4가,1002
00:30:0d:74:56:10,을지로4가,1002
00:40:5a:b7:a6:2b,을지로4가,1002
00:40:5a:b7:9b:1b,을지로4가,1002
00:30:0d:75:40:e0,을지로4가,1002
02:07:89:0f:d7:59,을지로4가,1002
00:30:0d:75:40:f0,을지로4가,1002
00:40:5a:b7:91:ab,을지로4가,1002
00:30:0d:75:59:40,을지로4가,1002
00:07:89:0f:d7:34,을지로4가,1002
0a:30:0d:75:40:f1,을지로4가,1002
0a:30:0d:75:59:51,을지로4가,1002
02:07:89:0f:d7:35,을지로4가,1002
02:07:89:0f:d7:34,을지로4가,1002
00:30:0d:75:59:50,을지로4가,1002
02:07:89:0f:d9:59,을지로4가,1002
02:07:89:0f:d7:4c,을지로4가,1002
00:07:89:0f:d7:40,을지로4가,1002
02:07:89:0f:d7:55,을지로4가,1002
02:07:89:0f:d7:40,을지로4가,1002
00:07:89:0f:d7:4d,을지로4가,1002
00:07:89:0f:d7:58,을지로4가,1002
00:40:5a:b8:2f:9a,을지로4가,1002
06:30:0d:74:d0:41,을지로4가,1002
00:09:b4:61:56:bb,을지로3가,1002
02:07:89:0f:d7:4d,을지로4가,1002
02:07:89:0f:d7:58,을지로4가,1002
00:40:5a:b8:2f:9b,을지로4가,1002
00:30:0d:74:d0:40,을지로4가,1002
00:07:89:0f:d7:4c,을지로4가,1002
0a:30:0d:74:d0:51,을지로4가,1002
00:30:0d:74:d0:50,을지로4가,1002
00:07:89:0f:d7:51,을지로4가,1002
00:40:5a:b7:a0:f2,을지로4가,1002
00:07:89:0f:d7:50,을지로4가,1002
00:40:5a:b7:5c:c3,을지로4가,1002
00:40:5a:b7:a0:f3,을지로4가,1002
02:07:89:0f:d7:51,을지로4가,1002
00:30:0d:74:5f:40,을지로4가,1002
00:30:0d:75:4e:60,을지로입구,1002
00:40:5a:91:fd:ca,을지로입구,1002
06:30:0d:75:4e:61,을지로입구,1002
00:07:89:0f:22:43,을지로입구,1002
0a:30:0d:75:4e:71,을지로입구,1002
00:07:89:0f:22:42,을지로입구,1002
00:40:5a:91:e7:62,충무로,1003
00:40:5a:91:fe:1b,충무로,1003
00:07:89:14:4a:85,독립문,1003
10:e3:c7:05:1c:7f,독립문,1003
02:07:89:14:4a:85,독립문,1003
10:e3:c7:05:1c:7e,독립문,1003
00:07:89:14:4a:84,독립문,1003
22:e3:c7:05:37:e6,독립문,1003
10:e3:c7:05:37:e6,독립문,1003
22:e3:c7:05:1c:7f,독립문,1003
02:07:89:14:4a:05,독립문,1003
00:07:89:14:4a:05,독립문,1003
00:40:5a:b0:3f:3b,독립문,1003
00:40:5a:b0:3f:3a,독립문,1003
00:07:89:14:4a:04,독립문,1003
22:e3:c7:05:37:e7,독립문,1003
02:07:89:14:4a:04,독립문,1003
10:e3:c7:05:37:e7,독립문,1003
00:40:5a:b0:35:bb,독립문,1003
00:40:5a:b0:35:ba,독립문,1003
22:e3:c7:05:0a:e6,독립문,1003
22:e3:c7:05:0a:e7,독립문,1003
00:40:5a:b0:10:b2,독립문,1003
00:40:5a:b0:11:b2,독립문,1003
02:07:89:14:4a:c5,독립문,1003
02:07:89:14:4a:c4,독립문,1003
10:e3:c7:05:0a:e6,독립문,1003
10:e3:c7:05:0a:e7,독립문,1003
00:40:5a:b0:10:b3,독립문,1003
00:40:5a:b0:11:b3,독립문,1003
00:07:89:14:4a:c4,독립문,1003
22:e3:c7:05:20:26,독립문,1003
02:07:89:14:4a:84,독립문,1003
10:e3:c7:05:20:26,독립문,1003
10:e3:c7:05:20:27,독립문,1003
02:07:89:14:4a:c0,독립문,1003
00:07:89:14:4a:c0,독립문,1003
00:07:89:14:4a:9d,독립문,1003
00:40:5a:b0:37:ba,독립문,1003
00:40:5a:b0:22:52,독립문,1003
02:07:89:14:4a:9d,독립문,1003
00:07:89:14:4b:1d,경복궁,1003
12:16:1f:03:bc:7b,경복궁,1003
02:07:89:14:4b:1d,경복궁,1003
00:16:1f:03:bc:7b,경복궁,1003
02:07:89:14:4b:59,경복궁,1003
00:07:89:14:4b:59,경복궁,1003
12:16:1f:03:c8:fb,경복궁,1003
00:40:5a:bc:49:1a,경복궁,1003
00:40:5a:bc:49:1b,경복궁,1003
02:07:89:14:4b:1c,경복궁,1003
02:07:89:14:4b:58,경복궁,1003
12:16:1f:03:c8:fa,경복궁,1003
00:16:1f:03:c8:fa,경복궁,1003
02:17:b2:02:45:f8,운서,1065
00:25:a6:a4:d7:f3,운서,1065
00:27:1c:09:a0:08,운서,1065
00:25:a6:a4:cb:37,운서,1065
00:25:a6:a4:d0:64,운서,1065
00:25:a6:a2:c0:c4,운서,1065
00:27:1c:09:a0:0d,운서,1065
00:25:a6:a4:f2:60,운서,1065
00:27:1c:09:9f:31,운서,1065
06:17:b2:04:45:fe,운서,1065
00:25:a6:a4:d7:f4,운서,1065
00:25:a6:a4:cb:38,운서,1065
00:25:a6:a4:d0:65,운서,1065
00:27:1c:09:a0:0b,운서,1065
00:25:a6:a4:f2:61,운서,1065
00:27:1c:09:9f:2f,운서,1065
00:27:1c:09:a0:15,운서,1065
04:17:b2:04:45:fc,운서,1065
02:07:89:10:4c:a8,운서,1065
00:40:5a:c3:f4:6b,검암,1065
00:25:a6:a5:8b:6c,검암,1065
00:25:a6:a5:2f:6e,검암,1065
00:25:a6:a5:2d:89,검암,1065
00:25:a6:a5:06:d8,검암,1065
00:25:a6:a2:79:d8,검암,1065
00:25:a6:a5:1e:35,검암,1065
00:40:5a:c3:db:cb,검암,1065
00:25:a6:a2:79:d9,검암,1065
00:1d:93:1e:38:f6,검암,1065
00:25:a6:a5:2d:8a,검암,1065
00:25:a6:a5:27:13,검암,1065
00:1d:93:1e:38:f4,검암,1065
06:17:b2:04:46:8e,검암,1065
00:25:a6:a5:06:d9,검암,1065
00:25:a6:a5:27:12,검암,1065
06:40:5a:cd:75:09,계양,1065
00:25:a6:a5:97:97,계양,1065
06:17:b2:04:45:fa,계양,1065
06:17:b2:04:46:86,계양,1065
00:07:89:10:4c:a8,계양,1065
00:40:5a:ba:cd:93,양평,1005
10:e3:c7:05:3e:62,양평,1005
00:40:5a:a8:47:02,잠실,1002
00:40:5a:a8:47:03,잠실,1002
00:17:b2:01:ab:a2,잠실나루,1002
58:08:fa:00:15:47,잠실나루,1002
58:08:fa:00:14:1b,잠실나루,1002
58:08:fa:00:15:46,잠실나루,1002
00:40:5a:c3:ab:e2,잠실나루,1002
00:40:5a:c3:ac:12,잠실나루,1002
00:40:5a:c3:a9:42,잠실나루,1002
00:40:5a:c3:74:8a,잠실나루,1002
58:08:fa:00:10:fa,잠실나루,1002
00:17:b2:01:ab:62,잠실나루,1002
00:40:5a:c3:89:6a,잠실나루,1002
58:08:fa:00:13:67,잠실나루,1002
58:08:fa:00:26:a7,잠실나루,1002
58:08:fa:00:10:fb,잠실나루,1002
00:40:5a:c3:c9:5a,잠실나루,1002
58:08:fa:00:10:77,잠실나루,1002
00:40:5a:c3:a8:8a,잠실나루,1002
58:08:fa:00:13:66,잠실나루,1002
5a:08:fa:00:15:47,잠실나루,1002
5a:08:fa:00:14:1b,잠실나루,1002
00:40:5a:c3:ac:13,잠실나루,1002
5a:08:fa:00:15:46,잠실나루,1002
00:40:5a:c3:a9:43,잠실나루,1002
00:17:b2:01:ab:60,잠실나루,1002
00:40:5a:c3:89:6b,잠실나루,1002
5a:08:fa:00:10:fb,잠실나루,1002
00:40:5a:c3:74:8b,잠실나루,1002
00:40:5a:a4:c0:cb,잠실나루,1002
5a:08:fa:00:26:a7,잠실나루,1002
5a:08:fa:00:13:67,잠실나루,1002
5a:08:fa:00:10:77,잠실나루,1002
00:40:5a:c3:a8:8b,잠실나루,1002
00:40:5a:c3:c9:5b,잠실나루,1002
5a:08:fa:00:26:a6,잠실나루,1002
02:17:b2:02:be:a0,잠실나루,1002
00:40:5a:a4:c0:ca,잠실나루,1002
00:40:5a:c3:ab:e3,잠실나루,1002
5a:08:fa:00:10:76,잠실나루,1002
5a:08:fa:00:13:66,잠실나루,1002
58:08:fa:00:10:76,잠실나루,1002
00:40:5a:b9:06:08,잠실나루,1002
06:17:b2:04:58:e2,잠실나루,1002
5a:08:fa:00:10:fa,잠실나루,1002
06:40:5a:b9:06:08,잠실나루,1002
04:17:b2:04:58:e0,잠실나루,1002
02:17:b2:02:59:6c,잠실나루,1002
58:08:fa:00:26:a6,잠실나루,1002
00:40:5a:a1:15:b2,잠실나루,1002
00:40:5a:9e:60:62,잠실나루,1002
00:30:0d:60:d2:86,잠실나루,1002
00:17:b2:01:ab:a0,잠실나루,1002
00:40:5a:a4:dc:fa,종합운동장,1002
00:25:a6:a4:5a:08,종합운동장,1002
00:40:5a:a4:dd:32,종합운동장,1002
06:30:0d:54:59:bf,종합운동장,1002
00:40:5a:a4:dd:12,종합운동장,1002
00:40:5a:a4:bf:02,종합운동장,1002
06:17:b2:04:59:16,종합운동장,1002
00:40:5a:a4:aa:ca,종합운동장,1002
00:40:5a:a4:e0:62,종합운동장,1002
00:07:89:0f:e3:15,종합운동장,1002
06:30:0d:54:5d:95,종합운동장,1002
00:25:a6:a4:e3:d3,종합운동장,1002
00:40:5a:a4:b4:c2,종합운동장,1002
00:40:5a:a4:dc:fb,종합운동장,1002
00:25:a6:a4:5a:09,종합운동장,1002
00:40:5a:a4:dd:33,종합운동장,1002
00:40:5a:a4:dd:13,종합운동장,1002
02:17:b2:02:59:14,종합운동장,1002
04:17:b2:04:59:14,종합운동장,1002
02:07:89:0f:e3:15,종합운동장,1002
00:40:5a:a4:aa:cb,종합운동장,1002
00:40:5a:a4:e0:63,종합운동장,1002
02:07:89:10:41:62,종합운동장,1002
00:25:a6:a4:f8:6f,종합운동장,1002
00:40:5a:a4:bf:03,종합운동장,1002
02:17:b2:02:3e:1a,종합운동장,1002
00:07:89:10:3e:a5,종합운동장,1002
00:25:a6:a4:f2:c9,종합운동장,1002
02:17:b2:02:3e:18,종합운동장,1002
00:25:a6:a4:e3:d4,종합운동장,1002
00:30:0d:54:59:b9,종합운동장,1002
00:30:0d:54:59:bf,종합운동장,1002
06:17:b2:04:61:0e,종합운동장,1002
00:40:5a:a4:d7:1a,종합운동장,1002
06:17:b2:04:4a:76,종합운동장,1002
06:30:0d:54:59:b9,종합운동장,1002
00:40:5a:c8:4b:1b,삼각지,1006
02:09:b4:61:3c:c6,군자,1005
00:09:b4:61:3c:47,군자,1005
00:40:5a:bf:ed:62,군자,1005
00:40:5a:bf:d8:62,군자,1005
00:09:b4:61:3c:c6,군자,1005
00:40:5a:bf:87:5a,군자,1005
00:09:b4:61:3c:c7,군자,1005
00:09:b4:61:35:67,군자,1005
00:09:b4:61:43:7f,군자,1005
00:40:5a:bf:f0:3a,군자,1005
06:30:0d:84:38:42,군자,1005
06:30:0d:83:6a:02,군자,1005
06:30:0d:84:76:22,군자,1005
00:09:b4:61:43:7e,군자,1005
02:09:b4:61:3c:c7,군자,1005
00:40:5a:bf:87:5b,군자,1005
02:09:b4:61:43:7f,군자,1005
00:40:5a:bf:ed:63,군자,1005
00:40:5a:bf:d8:63,군자,1005
02:09:b4:61:3c:46,군자,1005
00:40:5a:bf:dd:eb,군자,1005
00:30:0d:84:76:20,군자,1005
00:30:0d:84:38:40,군자,1005
00:40:5a:bf:dc:1a,군자,1005
00:09:b4:61:3c:46,군자,1005
00:40:5a:bf:ff:82,군자,1005
02:09:b4:61:35:66,군자,1005
00:30:0d:83:6a:00,군자,1005
00:40:5a:bf:ff:83,군자,1005
00:40:5a:c0:2f:b2,군자,1005
06:30:0d:84:74:c2,군자,1005
00:09:b4:61:3e:bb,군자,1005
0a:30:0d:84:74:d2,군자,1005
00:09:b4:61:35:66,군자,1005
00:40:5a:c0:2f:b3,군자,1005
00:40:5a:bf:dc:1b,군자,1005
02:09:b4:61:3e:bb,군자,1005
00:30:0d:84:74:c0,군자,1005
02:09:b4:61:3c:47,군자,1005
02:09:b4:61:3e:ba,군자,1005
02:09:b4:61:35:67,군자,1005
00:30:0d:84:74:d0,군자,1005
00:40:5a:bf:f0:3b,군자,1005
02:17:b2:02:7f:70,군자,1005
22:e3:c7:05:39:de,아차산,1005
22:e3:c7:05:39:e3,아차산,1005
22:e3:c7:05:39:e2,아차산,1005
00:40:5a:bf:f6:92,아차산,1005
10:e3:c7:05:39:df,아차산,1005
10:e3:c7:05:39:de,아차산,1005
10:e3:c7:05:39:e3,아차산,1005
10:e3:c7:05:39:e2,아차산,1005
00:40:5a:bf:f6:93,아차산,1005
00:40:5a:c0:1a:73,아차산,1005
00:25:a6:a4:59:1e,아차산,1005
00:40:5a:c0:1a:72,아차산,1005
00:25:a6:a4:5e:ea,아차산,1005
22:e3:c7:05:39:d6,아차산,1005
00:40:5a:c0:42:32,아차산,1005
22:e3:c7:05:39:d7,아차산,1005
10:e3:c7:05:39:d6,아차산,1005
00:25:a6:a4:60:58,아차산,1005
10:e3:c7:05:39:d7,아차산,1005
00:25:a6:a4:59:1d,아차산,1005
00:40:5a:c0:56:a3,아차산,1005
00:40:5a:c0:11:6b,아차산,1005
22:e3:c7:05:39:df,아차산,1005
00:25:a6:a4:60:57,아차산,1005
02:07:89:10:50:40,아차산,1005
00:40:5a:c0:11:6a,아차산,1005
00:07:89:10:56:1c,아차산,1005
00:07:89:10:50:40,아차산,1005
00:40:5a:c0:57:4a,아차산,1005
00:07:89:10:3f:46,아차산,1005
00:40:5a:c0:57:4b,아차산,1005
00:25:a6:a4:5e:eb,아차산,1005
02:07:89:10:3f:46,아차산,1005
00:25:a6:a4:5f:45,아차산,1005
00:40:5a:c0:42:33,아차산,1005
00:40:5a:c0:56:a2,아차산,1005
00:25:a6:a4:5f:44,아차산,1005
04:17:b2:04:78:4c,광나루,1005
22:e3:c7:05:39:f6,광나루,1005
10:e3:c7:05:39:f6,광나루,1005
22:e3:c7:05:39:e7,광나루,1005
22:e3:c7:05:39:f7,광나루,1005
10:e3:c7:05:39:e6,광나루,1005
10:e3:c7:05:39:e7,광나루,1005
10:e3:c7:05:39:f7,광나루,1005
00:40:5a:c0:4a:5b,광나루,1005
00:40:5a:bf:ab:73,광나루,1005
00:40:5a:bf:ab:72,광나루,1005
22:e3:c7:05:39:e6,광나루,1005
00:40:5a:91:e8:9b,신당,1002
